freq,iso2,country,period,npl_pct
A,AE,United Arab Emirates,2009,4.17812783392795
A,AE,United Arab Emirates,2010,5.26698896173513
A,AE,United Arab Emirates,2011,6.08629581295722
A,AE,United Arab Emirates,2012,7.12965175228017
A,AE,United Arab Emirates,2013,5.85229580988926
A,AE,United Arab Emirates,2014,5.31214096469623
A,AE,United Arab Emirates,2015,4.74620283630956
A,AE,United Arab Emirates,2016,4.79735362210193
A,AE,United Arab Emirates,2017,4.99704232082412
A,AE,United Arab Emirates,2018,5.25650797811494
A,AE,United Arab Emirates,2019,6.02686885240592
A,AE,United Arab Emirates,2020,7.57146032262558
A,AE,United Arab Emirates,2021,7.28694437688478
A,AE,United Arab Emirates,2022,6.55317267111426
A,AE,United Arab Emirates,2023,5.30826886216617
A,AE,United Arab Emirates,2024,4.13722730162714
Q,AE,United Arab Emirates,2009-Q1,2.46123043538774
Q,AE,United Arab Emirates,2009-Q2,3.00720300019692
Q,AE,United Arab Emirates,2009-Q3,3.89869246370622
Q,AE,United Arab Emirates,2009-Q4,4.17812783392795
Q,AE,United Arab Emirates,2010-Q1,4.85398890157886
Q,AE,United Arab Emirates,2010-Q2,5.22415576844432
Q,AE,United Arab Emirates,2010-Q3,5.16360822905695
Q,AE,United Arab Emirates,2010-Q4,5.26698896173513
Q,AE,United Arab Emirates,2011-Q1,5.42759822173459
Q,AE,United Arab Emirates,2011-Q2,5.51563442369184
Q,AE,United Arab Emirates,2011-Q3,5.85993529565885
Q,AE,United Arab Emirates,2011-Q4,6.08629581295722
Q,AE,United Arab Emirates,2012-Q1,6.43398937225783
Q,AE,United Arab Emirates,2012-Q2,6.91515162160681
Q,AE,United Arab Emirates,2012-Q3,7.17925868072784
Q,AE,United Arab Emirates,2012-Q4,7.12965175228017
Q,AE,United Arab Emirates,2013-Q1,7.01563536479383
Q,AE,United Arab Emirates,2013-Q2,7.19707009306455
Q,AE,United Arab Emirates,2013-Q3,7.13419334112675
Q,AE,United Arab Emirates,2013-Q4,5.85229580988926
Q,AE,United Arab Emirates,2014-Q1,5.35756752328105
Q,AE,United Arab Emirates,2014-Q2,6.00823198761027
Q,AE,United Arab Emirates,2014-Q3,5.27945744950796
Q,AE,United Arab Emirates,2014-Q4,5.31214096469623
Q,AE,United Arab Emirates,2015-Q1,5.04714435417923
Q,AE,United Arab Emirates,2015-Q2,4.79156854179295
Q,AE,United Arab Emirates,2015-Q3,4.75916536102122
Q,AE,United Arab Emirates,2015-Q4,4.74620283630956
Q,AE,United Arab Emirates,2016-Q1,4.8616882295434
Q,AE,United Arab Emirates,2016-Q2,4.75285375860986
Q,AE,United Arab Emirates,2016-Q3,4.6433964532307
Q,AE,United Arab Emirates,2016-Q4,4.79735362210193
Q,AE,United Arab Emirates,2017-Q1,4.77370489518246
Q,AE,United Arab Emirates,2017-Q2,5.1319897320975
Q,AE,United Arab Emirates,2017-Q3,5.2158867115952
Q,AE,United Arab Emirates,2017-Q4,4.99704232082412
Q,AE,United Arab Emirates,2018-Q1,5.4965309496629
Q,AE,United Arab Emirates,2018-Q2,5.46721938519129
Q,AE,United Arab Emirates,2018-Q3,5.26857125046968
Q,AE,United Arab Emirates,2018-Q4,5.25650797811494
Q,AE,United Arab Emirates,2019-Q1,5.31077504298254
Q,AE,United Arab Emirates,2019-Q2,5.74597555401063
Q,AE,United Arab Emirates,2019-Q3,5.9574028213373
Q,AE,United Arab Emirates,2019-Q4,6.02686885240592
Q,AE,United Arab Emirates,2020-Q1,6.48601663781817
Q,AE,United Arab Emirates,2020-Q2,6.96794385079235
Q,AE,United Arab Emirates,2020-Q3,7.18122753401579
Q,AE,United Arab Emirates,2020-Q4,7.57146032262558
Q,AE,United Arab Emirates,2021-Q1,7.62422609533249
Q,AE,United Arab Emirates,2021-Q2,7.56915668137306
Q,AE,United Arab Emirates,2021-Q3,7.45577069507685
Q,AE,United Arab Emirates,2021-Q4,7.28694437688478
Q,AE,United Arab Emirates,2022-Q1,7.08178592144873
Q,AE,United Arab Emirates,2022-Q2,6.923439366323
Q,AE,United Arab Emirates,2022-Q3,6.81369744085555
Q,AE,United Arab Emirates,2022-Q4,6.55317267111426
Q,AE,United Arab Emirates,2023-Q1,6.41455660985905
Q,AE,United Arab Emirates,2023-Q2,6.17659632712343
Q,AE,United Arab Emirates,2023-Q3,5.91991248908373
Q,AE,United Arab Emirates,2023-Q4,5.30826886216617
Q,AE,United Arab Emirates,2024-Q1,5.00989648114533
Q,AE,United Arab Emirates,2024-Q2,4.79736881374034
Q,AE,United Arab Emirates,2024-Q3,4.660084599008
Q,AE,United Arab Emirates,2024-Q4,4.13722730162714
A,AG,Antigua and Barbuda,2015,9.542383
A,AG,Antigua and Barbuda,2016,8.655527
A,AG,Antigua and Barbuda,2017,7.938071
A,AG,Antigua and Barbuda,2018,6.350929
A,AG,Antigua and Barbuda,2019,5.33456
A,AG,Antigua and Barbuda,2020,7.39802194432002
A,AG,Antigua and Barbuda,2021,7.79597173904749
A,AG,Antigua and Barbuda,2022,6.90908018213116
A,AG,Antigua and Barbuda,2023,6.054354
A,AG,Antigua and Barbuda,2024,5.258165
Q,AG,Antigua and Barbuda,2015-Q1,13.289426
Q,AG,Antigua and Barbuda,2015-Q2,14.020905
Q,AG,Antigua and Barbuda,2015-Q3,13.690984
Q,AG,Antigua and Barbuda,2015-Q4,9.542383
Q,AG,Antigua and Barbuda,2016-Q1,9.669329
Q,AG,Antigua and Barbuda,2016-Q2,9.621086
Q,AG,Antigua and Barbuda,2016-Q3,8.876059
Q,AG,Antigua and Barbuda,2016-Q4,8.655527
Q,AG,Antigua and Barbuda,2017-Q1,8.373027
Q,AG,Antigua and Barbuda,2017-Q2,7.976414
Q,AG,Antigua and Barbuda,2017-Q3,7.736397
Q,AG,Antigua and Barbuda,2017-Q4,7.938071
Q,AG,Antigua and Barbuda,2018-Q1,7.721675
Q,AG,Antigua and Barbuda,2018-Q2,7.302117
Q,AG,Antigua and Barbuda,2018-Q3,7.013648
Q,AG,Antigua and Barbuda,2018-Q4,6.350929
Q,AG,Antigua and Barbuda,2019-Q1,6.202392
Q,AG,Antigua and Barbuda,2019-Q2,5.607861
Q,AG,Antigua and Barbuda,2019-Q3,5.31321
Q,AG,Antigua and Barbuda,2019-Q4,5.33456
Q,AG,Antigua and Barbuda,2020-Q1,7.20461806512087
Q,AG,Antigua and Barbuda,2020-Q2,6.87903500973841
Q,AG,Antigua and Barbuda,2020-Q3,6.96956071787743
Q,AG,Antigua and Barbuda,2020-Q4,7.39802194432002
Q,AG,Antigua and Barbuda,2021-Q1,7.61548872208015
Q,AG,Antigua and Barbuda,2021-Q2,6.97552978850828
Q,AG,Antigua and Barbuda,2021-Q3,7.23147440391445
Q,AG,Antigua and Barbuda,2021-Q4,7.79597173904749
Q,AG,Antigua and Barbuda,2022-Q1,8.5309746432251
Q,AG,Antigua and Barbuda,2022-Q2,7.66082245190312
Q,AG,Antigua and Barbuda,2022-Q3,6.88568322883948
Q,AG,Antigua and Barbuda,2022-Q4,6.90908018213116
Q,AG,Antigua and Barbuda,2023-Q1,6.666032
Q,AG,Antigua and Barbuda,2023-Q2,6.921783
Q,AG,Antigua and Barbuda,2023-Q3,6.267899
Q,AG,Antigua and Barbuda,2023-Q4,6.054354
Q,AG,Antigua and Barbuda,2024-Q1,5.949251
Q,AG,Antigua and Barbuda,2024-Q2,5.64428
Q,AG,Antigua and Barbuda,2024-Q3,5.16787
Q,AG,Antigua and Barbuda,2024-Q4,5.258165
A,AI,Anguilla,2015,49.316282
A,AI,Anguilla,2016,6.519882
A,AI,Anguilla,2017,23.478376
A,AI,Anguilla,2018,24.311067
A,AI,Anguilla,2019,25.763068
A,AI,Anguilla,2020,25.0677001298737
A,AI,Anguilla,2021,21.3914699975096
A,AI,Anguilla,2022,20.6650816647473
A,AI,Anguilla,2023,14.482665
A,AI,Anguilla,2024,12.769273
Q,AI,Anguilla,2015-Q1,49.927212
Q,AI,Anguilla,2015-Q2,49.933884
Q,AI,Anguilla,2015-Q3,48.615173
Q,AI,Anguilla,2015-Q4,49.316282
Q,AI,Anguilla,2016-Q1,50.426383
Q,AI,Anguilla,2016-Q2,9.729718
Q,AI,Anguilla,2016-Q3,6.354551
Q,AI,Anguilla,2016-Q4,6.519882
Q,AI,Anguilla,2017-Q1,6.93034
Q,AI,Anguilla,2017-Q2,14.251898
Q,AI,Anguilla,2017-Q3,19.296357
Q,AI,Anguilla,2017-Q4,23.478376
Q,AI,Anguilla,2018-Q1,23.031735
Q,AI,Anguilla,2018-Q2,23.649713
Q,AI,Anguilla,2018-Q3,21.032923
Q,AI,Anguilla,2018-Q4,24.311067
Q,AI,Anguilla,2019-Q1,24.733635
Q,AI,Anguilla,2019-Q2,21.795086
Q,AI,Anguilla,2019-Q3,23.257596
Q,AI,Anguilla,2019-Q4,25.763068
Q,AI,Anguilla,2020-Q1,26.4238438813771
Q,AI,Anguilla,2020-Q2,26.1325741030189
Q,AI,Anguilla,2020-Q3,27.0794480744769
Q,AI,Anguilla,2020-Q4,25.0677001298737
Q,AI,Anguilla,2021-Q1,23.7754414432179
Q,AI,Anguilla,2021-Q2,24.1748733573344
Q,AI,Anguilla,2021-Q3,22.8976631908031
Q,AI,Anguilla,2021-Q4,21.3914699975096
Q,AI,Anguilla,2022-Q1,21.4971936613525
Q,AI,Anguilla,2022-Q2,22.2872710692548
Q,AI,Anguilla,2022-Q3,21.4459523589608
Q,AI,Anguilla,2022-Q4,20.6650816647473
Q,AI,Anguilla,2023-Q1,17.198772
Q,AI,Anguilla,2023-Q2,17.91358
Q,AI,Anguilla,2023-Q3,16.751658
Q,AI,Anguilla,2023-Q4,14.482665
Q,AI,Anguilla,2024-Q1,13.667542
Q,AI,Anguilla,2024-Q2,13.305622
Q,AI,Anguilla,2024-Q3,12.660902
Q,AI,Anguilla,2024-Q4,12.769273
Q,AI,Anguilla,2025-Q1,12.243172
A,AL,Albania,2010,13.508216768554
A,AL,Albania,2011,18.047853036844
A,AL,Albania,2012,21.1949876792055
A,AL,Albania,2013,22.2438572106859
A,AL,Albania,2014,21.4603340500502
A,AL,Albania,2015,16.8424536921792
A,AL,Albania,2016,16.5545127518585
A,AL,Albania,2017,11.97172277931
A,AL,Albania,2018,10.4273900688183
A,AL,Albania,2019,7.97222983771095
A,AL,Albania,2020,7.65009174813949
A,AL,Albania,2021,5.39391025321323
A,AL,Albania,2022,4.78957460572704
A,AL,Albania,2023,4.55680329892817
A,AL,Albania,2024,4.00286963845924
Q,AL,Albania,2010-Q4,13.508216768554
Q,AL,Albania,2011-Q1,14.1691515197753
Q,AL,Albania,2011-Q2,16.3644552462901
Q,AL,Albania,2011-Q3,17.5526090497929
Q,AL,Albania,2011-Q4,18.047853036844
Q,AL,Albania,2012-Q1,19.2162390681208
Q,AL,Albania,2012-Q2,20.0145541751606
Q,AL,Albania,2012-Q3,21.6123934270258
Q,AL,Albania,2012-Q4,21.1949876792055
Q,AL,Albania,2013-Q1,22.3982732045932
Q,AL,Albania,2013-Q2,22.9602523719321
Q,AL,Albania,2013-Q3,22.9425017713899
Q,AL,Albania,2013-Q4,22.2438572106859
Q,AL,Albania,2014-Q1,22.5988883713851
Q,AL,Albania,2014-Q2,22.7241914017189
Q,AL,Albania,2014-Q3,23.7353220230277
Q,AL,Albania,2014-Q4,21.4603340500502
Q,AL,Albania,2015-Q1,21.2506644687692
Q,AL,Albania,2015-Q2,19.688491644146
Q,AL,Albania,2015-Q3,19.3323265747627
Q,AL,Albania,2015-Q4,16.8424536921792
Q,AL,Albania,2016-Q1,17.7873515454717
Q,AL,Albania,2016-Q2,18.3298771647247
Q,AL,Albania,2016-Q3,19.2384424964333
Q,AL,Albania,2016-Q4,16.5545127518585
Q,AL,Albania,2017-Q1,15.6646269739677
Q,AL,Albania,2017-Q2,14.0870025991875
Q,AL,Albania,2017-Q3,13.3828185265471
Q,AL,Albania,2017-Q4,11.97172277931
Q,AL,Albania,2018-Q1,12.2860009872481
Q,AL,Albania,2018-Q2,12.0047744830228
Q,AL,Albania,2018-Q3,11.9636384838645
Q,AL,Albania,2018-Q4,10.4273900688183
Q,AL,Albania,2019-Q1,10.6351220382747
Q,AL,Albania,2019-Q2,10.5747915818812
Q,AL,Albania,2019-Q3,10.1079843469394
Q,AL,Albania,2019-Q4,7.97222983771095
Q,AL,Albania,2020-Q1,7.64792910286449
Q,AL,Albania,2020-Q2,7.48439303808057
Q,AL,Albania,2020-Q3,7.70310258185311
Q,AL,Albania,2020-Q4,7.65009174813949
Q,AL,Albania,2021-Q1,7.3549294390047
Q,AL,Albania,2021-Q2,6.57226722250793
Q,AL,Albania,2021-Q3,5.99702176843592
Q,AL,Albania,2021-Q4,5.39391025321323
Q,AL,Albania,2022-Q1,5.02950882151741
Q,AL,Albania,2022-Q2,5.03679150562718
Q,AL,Albania,2022-Q3,4.81106946346106
Q,AL,Albania,2022-Q4,4.78957460572704
Q,AL,Albania,2023-Q1,4.93135858794349
Q,AL,Albania,2023-Q2,4.9990532653424
Q,AL,Albania,2023-Q3,5.05429300014805
Q,AL,Albania,2023-Q4,4.55680329892817
Q,AL,Albania,2024-Q1,4.44914412261196
Q,AL,Albania,2024-Q2,4.48999544752843
Q,AL,Albania,2024-Q3,4.39261202593617
Q,AL,Albania,2024-Q4,4.00286963845924
Q,AL,Albania,2025-Q1,3.83798540559098
A,AM,Armenia,2010,3.04141129948019
A,AM,Armenia,2011,3.42109151341693
A,AM,Armenia,2012,3.66922217057882
A,AM,Armenia,2013,4.48533892299217
A,AM,Armenia,2014,6.96975042813576
A,AM,Armenia,2015,7.94971668385926
A,AM,Armenia,2016,6.72411125058909
A,AM,Armenia,2017,5.43231777940314
A,AM,Armenia,2018,4.75439825091817
A,AM,Armenia,2019,5.50666582915208
A,AM,Armenia,2020,6.55481572888625
A,AM,Armenia,2021,1.83298359761034
A,AM,Armenia,2022,2.39795961089628
A,AM,Armenia,2023,2.14617019955882
Q,AM,Armenia,2010-Q1,5.55496878224405
Q,AM,Armenia,2010-Q2,4.77832457569064
Q,AM,Armenia,2010-Q3,4.4091507812215
Q,AM,Armenia,2010-Q4,3.04141129948019
Q,AM,Armenia,2011-Q1,3.51327496160109
Q,AM,Armenia,2011-Q2,3.37056617102139
Q,AM,Armenia,2011-Q3,4.78391104493359
Q,AM,Armenia,2011-Q4,3.42109151341693
Q,AM,Armenia,2012-Q1,4.9282955946498
Q,AM,Armenia,2012-Q2,4.44023011151629
Q,AM,Armenia,2012-Q3,5.14397132575833
Q,AM,Armenia,2012-Q4,3.66922217057882
Q,AM,Armenia,2013-Q1,5.63013986135377
Q,AM,Armenia,2013-Q2,6.05984437063195
Q,AM,Armenia,2013-Q3,5.58396419437326
Q,AM,Armenia,2013-Q4,4.48533892299217
Q,AM,Armenia,2014-Q1,5.9911646635825
Q,AM,Armenia,2014-Q2,6.0842787023446
Q,AM,Armenia,2014-Q3,6.63977118239889
Q,AM,Armenia,2014-Q4,6.96975042813576
Q,AM,Armenia,2015-Q1,8.28071415889465
Q,AM,Armenia,2015-Q2,9.16388416647021
Q,AM,Armenia,2015-Q3,8.46162481555331
Q,AM,Armenia,2015-Q4,7.94971668385926
Q,AM,Armenia,2016-Q1,10.2171239833608
Q,AM,Armenia,2016-Q2,9.33584756216355
Q,AM,Armenia,2016-Q3,9.73391550589145
Q,AM,Armenia,2016-Q4,6.72411125058909
Q,AM,Armenia,2017-Q1,6.84995808686989
Q,AM,Armenia,2017-Q2,6.29223719794117
Q,AM,Armenia,2017-Q3,7.40328061140264
Q,AM,Armenia,2017-Q4,5.43231777940314
Q,AM,Armenia,2018-Q1,5.39600462447146
Q,AM,Armenia,2018-Q2,6.32056277091301
Q,AM,Armenia,2018-Q3,6.90954297935195
Q,AM,Armenia,2018-Q4,4.75439825091817
Q,AM,Armenia,2019-Q1,5.03040496067363
Q,AM,Armenia,2019-Q2,5.44125585239507
Q,AM,Armenia,2019-Q3,5.45277643424668
Q,AM,Armenia,2019-Q4,5.50666582915208
Q,AM,Armenia,2020-Q1,5.51649754830496
Q,AM,Armenia,2020-Q2,5.679236847896
Q,AM,Armenia,2020-Q3,6.00653742411585
Q,AM,Armenia,2020-Q4,6.55481572888625
Q,AM,Armenia,2021-Q1,4.56961076469401
Q,AM,Armenia,2021-Q2,4.02859514886121
Q,AM,Armenia,2021-Q3,2.81253271871356
Q,AM,Armenia,2021-Q4,1.83298359761034
Q,AM,Armenia,2022-Q1,1.71144471074943
Q,AM,Armenia,2022-Q2,2.66858540036847
Q,AM,Armenia,2022-Q3,2.89136304010775
Q,AM,Armenia,2022-Q4,2.39795961089628
Q,AM,Armenia,2023-Q1,2.2661114982755
Q,AM,Armenia,2023-Q2,2.47103816990351
Q,AM,Armenia,2023-Q3,2.6479036553221
Q,AM,Armenia,2023-Q4,2.14617019955882
Q,AM,Armenia,2024-Q1,1.04176640001145
Q,AM,Armenia,2024-Q2,1.12592493815704
Q,AM,Armenia,2024-Q3,1.12037149752807
A,AO,Angola,2010,3.17305056414187
A,AO,Angola,2011,2.01496821504011
A,AO,Angola,2012,4.35011884491608
A,AO,Angola,2013,7.97676918024597
A,AO,Angola,2014,10.1905320738466
A,AO,Angola,2015,10.6112339715733
A,AO,Angola,2016,11.2850858065096
A,AO,Angola,2017,25.8360610272673
A,AO,Angola,2018,23.2217366851526
A,AO,Angola,2019,23.145468821214
A,AO,Angola,2020,12.2238112230323
A,AO,Angola,2021,14.9960876543918
Q,AO,Angola,2010-Q1,17.4374330722272
Q,AO,Angola,2010-Q2,3.3487163918337
Q,AO,Angola,2010-Q3,3.94679418177601
Q,AO,Angola,2010-Q4,3.17305056414187
Q,AO,Angola,2011-Q1,2.87159664529619
Q,AO,Angola,2011-Q2,3.1670865215936
Q,AO,Angola,2011-Q3,3.19511765141993
Q,AO,Angola,2011-Q4,2.01496821504011
Q,AO,Angola,2012-Q1,1.55212477460628
Q,AO,Angola,2012-Q2,3.64216647466905
Q,AO,Angola,2012-Q3,5.34037660029964
Q,AO,Angola,2012-Q4,4.35011884491608
Q,AO,Angola,2013-Q1,4.43920647644453
Q,AO,Angola,2013-Q2,4.98908249784052
Q,AO,Angola,2013-Q3,4.60027938551247
Q,AO,Angola,2013-Q4,7.97676918024597
Q,AO,Angola,2014-Q1,4.36055688016904
Q,AO,Angola,2014-Q2,4.96392697782832
Q,AO,Angola,2014-Q3,6.00400351127557
Q,AO,Angola,2014-Q4,10.1905320738466
Q,AO,Angola,2015-Q1,11.8065945374084
Q,AO,Angola,2015-Q2,11.1090976018813
Q,AO,Angola,2015-Q3,11.6963373734271
Q,AO,Angola,2015-Q4,10.6112339715733
Q,AO,Angola,2016-Q1,10.9621261966198
Q,AO,Angola,2016-Q2,10.9064909249492
Q,AO,Angola,2016-Q3,12.9505433108351
Q,AO,Angola,2016-Q4,11.2850858065096
Q,AO,Angola,2017-Q1,13.3705674058375
Q,AO,Angola,2017-Q2,23.6776476408371
Q,AO,Angola,2017-Q3,23.085455051206
Q,AO,Angola,2017-Q4,25.8360610272673
Q,AO,Angola,2018-Q1,27.016470215014
Q,AO,Angola,2018-Q2,29.8088612615221
Q,AO,Angola,2018-Q3,21.5042882507296
Q,AO,Angola,2018-Q4,23.2217366851526
Q,AO,Angola,2019-Q1,21.0912644199477
Q,AO,Angola,2019-Q2,26.3784938501927
Q,AO,Angola,2019-Q3,25.2930262762247
Q,AO,Angola,2019-Q4,23.145468821214
Q,AO,Angola,2020-Q1,23.455781852255
Q,AO,Angola,2020-Q2,15.6329403488674
Q,AO,Angola,2020-Q3,13.1710385249629
Q,AO,Angola,2020-Q4,12.2238112230323
Q,AO,Angola,2021-Q1,12.4642262209306
Q,AO,Angola,2021-Q2,12.3425959869886
Q,AO,Angola,2021-Q3,13.2958331332789
Q,AO,Angola,2021-Q4,14.9960876543918
Q,AO,Angola,2022-Q1,14.7629855378504
Q,AO,Angola,2022-Q2,15.6529392834162
A,AR,Argentina,2005,5.18084337444251
A,AR,Argentina,2006,3.3907141955962
A,AR,Argentina,2007,2.72684750122498
A,AR,Argentina,2008,2.67920601141364
A,AR,Argentina,2009,2.98195821294241
A,AR,Argentina,2010,1.84399576317014
A,AR,Argentina,2011,1.22770795872113
A,AR,Argentina,2012,1.53673589612636
A,AR,Argentina,2013,1.53372870982538
A,AR,Argentina,2014,1.79255873857878
A,AR,Argentina,2015,1.57420132816491
A,AR,Argentina,2016,1.70027750562075
A,AR,Argentina,2017,1.73479928371252
A,AR,Argentina,2018,2.95778551361675
A,AR,Argentina,2019,5.7029147138395
A,AR,Argentina,2020,4.15006400338998
A,AR,Argentina,2021,4.29211290587395
A,AR,Argentina,2022,3.09401335778846
A,AR,Argentina,2023,3.5490485353568
A,AR,Argentina,2024,1.56400803016664
Q,AR,Argentina,2012-Q1,1.36336446479999
Q,AR,Argentina,2012-Q2,1.46669149799598
Q,AR,Argentina,2012-Q3,1.51778162628909
Q,AR,Argentina,2012-Q4,1.53673589612636
Q,AR,Argentina,2013-Q1,1.61845213755704
Q,AR,Argentina,2013-Q2,1.69940604290038
Q,AR,Argentina,2013-Q3,1.62327212933251
Q,AR,Argentina,2013-Q4,1.53372870982538
Q,AR,Argentina,2014-Q1,1.64763364932551
Q,AR,Argentina,2014-Q2,1.79289423353665
Q,AR,Argentina,2014-Q3,1.81141608127218
Q,AR,Argentina,2014-Q4,1.79255873857878
Q,AR,Argentina,2015-Q1,1.78074972877491
Q,AR,Argentina,2015-Q2,1.75413964091129
Q,AR,Argentina,2015-Q3,1.61492922216873
Q,AR,Argentina,2015-Q4,1.57420132816491
Q,AR,Argentina,2016-Q1,1.64558920305699
Q,AR,Argentina,2016-Q2,1.7203215916406
Q,AR,Argentina,2016-Q3,1.7512855143328
Q,AR,Argentina,2016-Q4,1.70027750562075
Q,AR,Argentina,2017-Q1,1.81925520347335
Q,AR,Argentina,2017-Q2,1.89458600755704
Q,AR,Argentina,2017-Q3,1.73767036478566
Q,AR,Argentina,2017-Q4,1.73479928371252
Q,AR,Argentina,2018-Q1,1.87654948616308
Q,AR,Argentina,2018-Q2,2.02743536685189
Q,AR,Argentina,2018-Q3,2.19958859849021
Q,AR,Argentina,2018-Q4,2.95778551361675
Q,AR,Argentina,2019-Q1,4.14341871975542
Q,AR,Argentina,2019-Q2,4.6459697395716
Q,AR,Argentina,2019-Q3,4.85163830125716
Q,AR,Argentina,2019-Q4,5.7029147138395
Q,AR,Argentina,2020-Q1,5.2659882402558
Q,AR,Argentina,2020-Q2,5.01320488852848
Q,AR,Argentina,2020-Q3,4.79613585629095
Q,AR,Argentina,2020-Q4,4.15006400338998
Q,AR,Argentina,2021-Q1,4.12332513168098
Q,AR,Argentina,2021-Q2,5.04393083089724
Q,AR,Argentina,2021-Q3,5.01520277189307
Q,AR,Argentina,2021-Q4,4.29211290587395
Q,AR,Argentina,2022-Q1,3.86604397812108
Q,AR,Argentina,2022-Q2,3.20567016322941
Q,AR,Argentina,2022-Q3,3.08452043448517
Q,AR,Argentina,2022-Q4,3.09401335778846
Q,AR,Argentina,2023-Q1,3.14584929855792
Q,AR,Argentina,2023-Q2,2.97540869633082
Q,AR,Argentina,2023-Q3,2.94946693506693
Q,AR,Argentina,2023-Q4,3.5490485353568
Q,AR,Argentina,2024-Q1,1.95854844681188
Q,AR,Argentina,2024-Q2,1.82226412975511
Q,AR,Argentina,2024-Q3,1.60802237069536
Q,AR,Argentina,2024-Q4,1.56400803016664
Q,AR,Argentina,2025-Q1,1.962139267499
A,AT,Austria,2006,2.73942939162815
A,AT,Austria,2007,2.24246731582086
A,AT,Austria,2008,1.90306942802893
A,AT,Austria,2009,2.25042258658752
A,AT,Austria,2010,2.83071715205898
A,AT,Austria,2011,2.70681550509306
A,AT,Austria,2012,2.81336476630545
A,AT,Austria,2013,2.86654169526513
A,AT,Austria,2014,3.47337431453068
A,AT,Austria,2015,3.39283728404187
A,AT,Austria,2016,2.69521741465076
A,AT,Austria,2017,2.36889544229069
A,AT,Austria,2018,2.90095686469682
A,AT,Austria,2019,2.41057983492873
A,AT,Austria,2020,2.38904558369577
A,AT,Austria,2021,2.08460790714203
A,AT,Austria,2022,1.99589852996515
A,AT,Austria,2023,2.52563805409575
A,AT,Austria,2024,2.89851788152504
Q,AT,Austria,2006-Q4,2.73942939162815
Q,AT,Austria,2007-Q4,2.24246731582086
Q,AT,Austria,2008-Q4,1.90306942802893
Q,AT,Austria,2009-Q4,2.25042258658752
Q,AT,Austria,2010-Q1,2.27950442839156
Q,AT,Austria,2010-Q2,2.41338727263988
Q,AT,Austria,2010-Q3,2.58007763700865
Q,AT,Austria,2010-Q4,2.83071715205898
Q,AT,Austria,2011-Q1,2.72402510018697
Q,AT,Austria,2011-Q2,2.74021817279758
Q,AT,Austria,2011-Q3,2.65580052348807
Q,AT,Austria,2011-Q4,2.70681550509306
Q,AT,Austria,2012-Q1,2.72472332915684
Q,AT,Austria,2012-Q2,2.7547928695797
Q,AT,Austria,2012-Q3,2.7285414922875
Q,AT,Austria,2012-Q4,2.81336476630545
Q,AT,Austria,2013-Q1,2.79846055648424
Q,AT,Austria,2013-Q2,2.81500389103799
Q,AT,Austria,2013-Q3,2.89914608331249
Q,AT,Austria,2013-Q4,2.86654169526513
Q,AT,Austria,2014-Q1,3.80627171724196
Q,AT,Austria,2014-Q2,4.09887082778664
Q,AT,Austria,2014-Q3,3.94764924937081
Q,AT,Austria,2014-Q4,3.47337431453068
Q,AT,Austria,2015-Q1,3.80718850681084
Q,AT,Austria,2015-Q2,3.58074302146517
Q,AT,Austria,2015-Q3,3.46036880685745
Q,AT,Austria,2015-Q4,3.39283728404187
Q,AT,Austria,2016-Q1,3.3006782158536
Q,AT,Austria,2016-Q2,3.17071716166522
Q,AT,Austria,2016-Q3,3.09632681989734
Q,AT,Austria,2016-Q4,2.69521741465076
Q,AT,Austria,2017-Q1,2.57976150810441
Q,AT,Austria,2017-Q2,2.53065379790766
Q,AT,Austria,2017-Q3,2.47881422650277
Q,AT,Austria,2017-Q4,2.36889544229069
Q,AT,Austria,2018-Q1,3.62155990999217
Q,AT,Austria,2018-Q2,3.31167188268181
Q,AT,Austria,2018-Q3,3.1820157783729
Q,AT,Austria,2018-Q4,2.90095686469682
Q,AT,Austria,2019-Q1,2.74689573585355
Q,AT,Austria,2019-Q2,2.56659278732926
Q,AT,Austria,2019-Q3,2.44477580263435
Q,AT,Austria,2019-Q4,2.41057983492873
Q,AT,Austria,2020-Q1,2.32056585506691
Q,AT,Austria,2020-Q2,2.32058795122736
Q,AT,Austria,2020-Q3,2.28743057288171
Q,AT,Austria,2020-Q4,2.38904558369577
Q,AT,Austria,2021-Q1,2.33202180677892
Q,AT,Austria,2021-Q2,2.21052987591095
Q,AT,Austria,2021-Q3,2.09303812107935
Q,AT,Austria,2021-Q4,2.08460790714203
Q,AT,Austria,2022-Q1,2.02977129450661
Q,AT,Austria,2022-Q2,2.0481650660977
Q,AT,Austria,2022-Q3,1.91025446471316
Q,AT,Austria,2022-Q4,1.99589852996515
Q,AT,Austria,2023-Q1,1.94707391499436
Q,AT,Austria,2023-Q2,1.95850553410643
Q,AT,Austria,2023-Q3,2.02398025329753
Q,AT,Austria,2023-Q4,2.52563805409575
Q,AT,Austria,2024-Q1,2.56269400054771
Q,AT,Austria,2024-Q2,2.60207451803736
Q,AT,Austria,2024-Q3,2.72471081027808
Q,AT,Austria,2024-Q4,2.89851788152504
A,AU,Australia,2006,0.574013140486956
A,AU,Australia,2007,0.559225604529488
A,AU,Australia,2008,1.35526208847002
A,AU,Australia,2009,2.01806458457878
A,AU,Australia,2010,2.14856125999861
A,AU,Australia,2011,1.96838634633669
A,AU,Australia,2012,1.70189150824109
A,AU,Australia,2013,1.36517488167218
A,AU,Australia,2014,1.01384449933768
A,AU,Australia,2015,0.88872549882617
A,AU,Australia,2016,0.947676353339703
A,AU,Australia,2017,0.857013750175751
A,AU,Australia,2018,0.901855193874304
A,AU,Australia,2019,0.961493162441897
A,AU,Australia,2020,1.10778271314938
A,AU,Australia,2021,0.912575245358043
A,AU,Australia,2022,0.721666972849021
A,AU,Australia,2023,0.853813554299552
A,AU,Australia,2024,0.994877225557668
Q,AU,Australia,2006-Q1,0.614472855626068
Q,AU,Australia,2006-Q2,0.613065804237904
Q,AU,Australia,2006-Q3,0.561808795035405
Q,AU,Australia,2006-Q4,0.574013140486956
Q,AU,Australia,2007-Q1,0.63533030931475
Q,AU,Australia,2007-Q2,0.609165456132605
Q,AU,Australia,2007-Q3,0.594904957166848
Q,AU,Australia,2007-Q4,0.559225604529488
Q,AU,Australia,2008-Q1,0.719310582942181
Q,AU,Australia,2008-Q2,0.784205082976321
Q,AU,Australia,2008-Q3,0.980726994786307
Q,AU,Australia,2008-Q4,1.35526208847002
Q,AU,Australia,2009-Q1,1.62988819883264
Q,AU,Australia,2009-Q2,1.87737176882108
Q,AU,Australia,2009-Q3,1.91868432436268
Q,AU,Australia,2009-Q4,2.01806458457878
Q,AU,Australia,2010-Q1,2.13993345981285
Q,AU,Australia,2010-Q2,2.17128653848048
Q,AU,Australia,2010-Q3,2.18028504668066
Q,AU,Australia,2010-Q4,2.14856125999861
Q,AU,Australia,2011-Q1,2.18972705529751
Q,AU,Australia,2011-Q2,2.15306522810429
Q,AU,Australia,2011-Q3,2.03495962008484
Q,AU,Australia,2011-Q4,1.96838634633669
Q,AU,Australia,2012-Q1,1.90073771992818
Q,AU,Australia,2012-Q2,1.83870217951618
Q,AU,Australia,2012-Q3,1.78558290715985
Q,AU,Australia,2012-Q4,1.70189150824109
Q,AU,Australia,2013-Q1,1.67227457294757
Q,AU,Australia,2013-Q2,1.57747379899805
Q,AU,Australia,2013-Q3,1.47836009358169
Q,AU,Australia,2013-Q4,1.36517488167218
Q,AU,Australia,2014-Q1,1.32305801442981
Q,AU,Australia,2014-Q2,1.23780945428559
Q,AU,Australia,2014-Q3,1.10414632209162
Q,AU,Australia,2014-Q4,1.01384449933768
Q,AU,Australia,2015-Q1,1.0014039159933
Q,AU,Australia,2015-Q2,0.970974409520813
Q,AU,Australia,2015-Q3,0.902469915115022
Q,AU,Australia,2015-Q4,0.88872549882617
Q,AU,Australia,2016-Q1,0.940978089369496
Q,AU,Australia,2016-Q2,0.948559316625049
Q,AU,Australia,2016-Q3,0.937826184808764
Q,AU,Australia,2016-Q4,0.947676353339703
Q,AU,Australia,2017-Q1,0.9398342031437
Q,AU,Australia,2017-Q2,0.932700961327938
Q,AU,Australia,2017-Q3,0.875818252801598
Q,AU,Australia,2017-Q4,0.857013750175751
Q,AU,Australia,2018-Q1,0.872683419538285
Q,AU,Australia,2018-Q2,0.884339372620268
Q,AU,Australia,2018-Q3,0.895619702232613
Q,AU,Australia,2018-Q4,0.901855193874304
Q,AU,Australia,2019-Q1,0.951457674128155
Q,AU,Australia,2019-Q2,0.987005683760292
Q,AU,Australia,2019-Q3,0.994205863281564
Q,AU,Australia,2019-Q4,0.961493162441897
Q,AU,Australia,2020-Q1,1.03859232303728
Q,AU,Australia,2020-Q2,1.21764015263675
Q,AU,Australia,2020-Q3,1.18241743187447
Q,AU,Australia,2020-Q4,1.10778271314938
Q,AU,Australia,2021-Q1,1.12220067134379
Q,AU,Australia,2021-Q2,1.10373581794775
Q,AU,Australia,2021-Q3,1.01331350471878
Q,AU,Australia,2021-Q4,0.912575245358043
Q,AU,Australia,2022-Q1,0.82437631660616
Q,AU,Australia,2022-Q2,0.806057492321685
Q,AU,Australia,2022-Q3,0.478362963087792
Q,AU,Australia,2022-Q4,0.721666972849021
Q,AU,Australia,2023-Q1,0.745998270229048
Q,AU,Australia,2023-Q2,0.784148920919294
Q,AU,Australia,2023-Q3,0.82447670403119
Q,AU,Australia,2023-Q4,0.853813554299552
Q,AU,Australia,2024-Q1,0.948824523023534
Q,AU,Australia,2024-Q2,1.00230645496789
Q,AU,Australia,2024-Q3,1.00296304360493
Q,AU,Australia,2024-Q4,0.994877225557668
Q,AU,Australia,2025-Q1,1.06186464201603
A,AZ,Azerbaijan,2022,2.56167104838046
A,AZ,Azerbaijan,2023,1.92600191309967
A,AZ,Azerbaijan,2024,1.948008142314
Q,AZ,Azerbaijan,2022-Q1,3.048632977441
Q,AZ,Azerbaijan,2022-Q2,2.90472218519776
Q,AZ,Azerbaijan,2022-Q3,2.62614952094448
Q,AZ,Azerbaijan,2022-Q4,2.56167104838046
Q,AZ,Azerbaijan,2023-Q1,2.56517453053443
Q,AZ,Azerbaijan,2023-Q2,2.47298450939355
Q,AZ,Azerbaijan,2023-Q3,2.48054437999818
Q,AZ,Azerbaijan,2023-Q4,1.92600191309967
Q,AZ,Azerbaijan,2024-Q1,2.09852438944091
Q,AZ,Azerbaijan,2024-Q2,2.07531718038932
Q,AZ,Azerbaijan,2024-Q3,2.11579298704536
Q,AZ,Azerbaijan,2024-Q4,1.948008142314
A,BA,Bosnia and Herzegovina,2000,21.215964833505
A,BA,Bosnia and Herzegovina,2001,17.9071007297324
A,BA,Bosnia and Herzegovina,2002,11.0172196258194
A,BA,Bosnia and Herzegovina,2003,8.38582572565641
A,BA,Bosnia and Herzegovina,2004,6.07354427319199
A,BA,Bosnia and Herzegovina,2005,5.27560000618114
A,BA,Bosnia and Herzegovina,2006,3.99876150251155
A,BA,Bosnia and Herzegovina,2007,3.01859191826486
A,BA,Bosnia and Herzegovina,2008,3.09119803439691
A,BA,Bosnia and Herzegovina,2009,5.8712072518763
A,BA,Bosnia and Herzegovina,2010,11.421782175376
A,BA,Bosnia and Herzegovina,2011,11.7997140822193
A,BA,Bosnia and Herzegovina,2012,13.4656882284517
A,BA,Bosnia and Herzegovina,2013,15.1198478740683
A,BA,Bosnia and Herzegovina,2014,14.1653123764986
A,BA,Bosnia and Herzegovina,2015,13.7084158662801
A,BA,Bosnia and Herzegovina,2016,11.7777190845963
A,BA,Bosnia and Herzegovina,2017,10.0462751524632
A,BA,Bosnia and Herzegovina,2018,8.77033547967657
A,BA,Bosnia and Herzegovina,2019,7.41165705829786
A,BA,Bosnia and Herzegovina,2020,6.12240215634338
A,BA,Bosnia and Herzegovina,2021,5.77886406049307
A,BA,Bosnia and Herzegovina,2022,4.53846610334628
A,BA,Bosnia and Herzegovina,2023,3.81728314596028
A,BA,Bosnia and Herzegovina,2024,3.15224590018865
Q,BA,Bosnia and Herzegovina,2003-Q2,9.3212427776504
Q,BA,Bosnia and Herzegovina,2003-Q3,9.58879378964558
Q,BA,Bosnia and Herzegovina,2003-Q4,8.38582572565641
Q,BA,Bosnia and Herzegovina,2004-Q1,7.7784147468615
Q,BA,Bosnia and Herzegovina,2004-Q2,6.97114832366547
Q,BA,Bosnia and Herzegovina,2004-Q3,7.2214268971409
Q,BA,Bosnia and Herzegovina,2004-Q4,6.07354427319199
Q,BA,Bosnia and Herzegovina,2005-Q1,5.69958608978176
Q,BA,Bosnia and Herzegovina,2005-Q2,5.30222411750648
Q,BA,Bosnia and Herzegovina,2005-Q3,5.32826054402735
Q,BA,Bosnia and Herzegovina,2005-Q4,5.27560000618114
Q,BA,Bosnia and Herzegovina,2006-Q1,4.88464849953912
Q,BA,Bosnia and Herzegovina,2006-Q2,4.86928846832865
Q,BA,Bosnia and Herzegovina,2006-Q3,4.8774542962952
Q,BA,Bosnia and Herzegovina,2006-Q4,3.99876150251155
Q,BA,Bosnia and Herzegovina,2007-Q1,3.83282379205625
Q,BA,Bosnia and Herzegovina,2007-Q2,3.37606220848131
Q,BA,Bosnia and Herzegovina,2007-Q3,3.23270256901825
Q,BA,Bosnia and Herzegovina,2007-Q4,3.01859191826486
Q,BA,Bosnia and Herzegovina,2008-Q1,3.08361681484939
Q,BA,Bosnia and Herzegovina,2008-Q2,2.96853347938385
Q,BA,Bosnia and Herzegovina,2008-Q3,2.99737865425636
Q,BA,Bosnia and Herzegovina,2008-Q4,3.09119803439691
Q,BA,Bosnia and Herzegovina,2009-Q1,3.27615708620835
Q,BA,Bosnia and Herzegovina,2009-Q2,4.04890164694759
Q,BA,Bosnia and Herzegovina,2009-Q3,4.78510322623698
Q,BA,Bosnia and Herzegovina,2009-Q4,5.8712072518763
Q,BA,Bosnia and Herzegovina,2010-Q1,7.11885551344317
Q,BA,Bosnia and Herzegovina,2010-Q2,8.65918154064149
Q,BA,Bosnia and Herzegovina,2010-Q3,9.22037694677423
Q,BA,Bosnia and Herzegovina,2010-Q4,11.421782175376
Q,BA,Bosnia and Herzegovina,2011-Q1,11.6852920063969
Q,BA,Bosnia and Herzegovina,2011-Q2,11.7547967554162
Q,BA,Bosnia and Herzegovina,2011-Q3,12.6096018817173
Q,BA,Bosnia and Herzegovina,2011-Q4,11.7997140822193
Q,BA,Bosnia and Herzegovina,2012-Q1,12.0988433138712
Q,BA,Bosnia and Herzegovina,2012-Q2,12.6830809495008
Q,BA,Bosnia and Herzegovina,2012-Q3,12.6756216312787
Q,BA,Bosnia and Herzegovina,2012-Q4,13.4656882284517
Q,BA,Bosnia and Herzegovina,2013-Q1,13.8341425717972
Q,BA,Bosnia and Herzegovina,2013-Q2,14.2750419191166
Q,BA,Bosnia and Herzegovina,2013-Q3,14.8554766395832
Q,BA,Bosnia and Herzegovina,2013-Q4,15.1198478740683
Q,BA,Bosnia and Herzegovina,2014-Q1,14.8897298699899
Q,BA,Bosnia and Herzegovina,2014-Q2,15.4721514915069
Q,BA,Bosnia and Herzegovina,2014-Q3,16.0797697633958
Q,BA,Bosnia and Herzegovina,2014-Q4,14.1653123764986
Q,BA,Bosnia and Herzegovina,2015-Q1,14.18512164226
Q,BA,Bosnia and Herzegovina,2015-Q2,14.069226272831
Q,BA,Bosnia and Herzegovina,2015-Q3,13.8327586419982
Q,BA,Bosnia and Herzegovina,2015-Q4,13.7084158662801
Q,BA,Bosnia and Herzegovina,2016-Q1,13.2408532990046
Q,BA,Bosnia and Herzegovina,2016-Q2,12.1088094258974
Q,BA,Bosnia and Herzegovina,2016-Q3,12.122529972613
Q,BA,Bosnia and Herzegovina,2016-Q4,11.7777190845963
Q,BA,Bosnia and Herzegovina,2017-Q1,11.4914222030034
Q,BA,Bosnia and Herzegovina,2017-Q2,11.0912498821118
Q,BA,Bosnia and Herzegovina,2017-Q3,10.7806837818394
Q,BA,Bosnia and Herzegovina,2017-Q4,10.0462751524632
Q,BA,Bosnia and Herzegovina,2018-Q1,9.66364855828921
Q,BA,Bosnia and Herzegovina,2018-Q2,9.30856953379492
Q,BA,Bosnia and Herzegovina,2018-Q3,9.39163146197875
Q,BA,Bosnia and Herzegovina,2018-Q4,8.77033547967657
Q,BA,Bosnia and Herzegovina,2019-Q1,8.50318386310082
Q,BA,Bosnia and Herzegovina,2019-Q2,8.02921665199249
Q,BA,Bosnia and Herzegovina,2019-Q3,7.74423570170033
Q,BA,Bosnia and Herzegovina,2019-Q4,7.41165705829786
Q,BA,Bosnia and Herzegovina,2020-Q1,6.57370662739815
Q,BA,Bosnia and Herzegovina,2020-Q2,6.69387252748276
Q,BA,Bosnia and Herzegovina,2020-Q3,6.57275966479571
Q,BA,Bosnia and Herzegovina,2020-Q4,6.12240215634338
Q,BA,Bosnia and Herzegovina,2021-Q1,5.99675325913705
Q,BA,Bosnia and Herzegovina,2021-Q2,5.66874464141992
Q,BA,Bosnia and Herzegovina,2021-Q3,5.54829116503161
Q,BA,Bosnia and Herzegovina,2021-Q4,5.77886406049307
Q,BA,Bosnia and Herzegovina,2022-Q1,5.44582712655973
Q,BA,Bosnia and Herzegovina,2022-Q2,5.1865307499639
Q,BA,Bosnia and Herzegovina,2022-Q3,4.91808479625508
Q,BA,Bosnia and Herzegovina,2022-Q4,4.53846610334628
Q,BA,Bosnia and Herzegovina,2023-Q1,4.23174526891205
Q,BA,Bosnia and Herzegovina,2023-Q2,4.08075484983065
Q,BA,Bosnia and Herzegovina,2023-Q3,3.97068719452816
Q,BA,Bosnia and Herzegovina,2023-Q4,3.81728314596028
Q,BA,Bosnia and Herzegovina,2024-Q1,3.60633436147142
Q,BA,Bosnia and Herzegovina,2024-Q2,3.48612258914868
Q,BA,Bosnia and Herzegovina,2024-Q3,3.47783748499032
Q,BA,Bosnia and Herzegovina,2024-Q4,3.15224590018865
A,BB,Barbados,2016,6.96400781501594
A,BB,Barbados,2017,5.87943703817499
A,BB,Barbados,2018,6.48249123880553
A,BB,Barbados,2019,6.08104172360757
A,BB,Barbados,2020,6.71477134227157
A,BB,Barbados,2021,7.24350599907193
A,BB,Barbados,2022,5.84432561996588
Q,BB,Barbados,2016-Q4,6.96400781501594
Q,BB,Barbados,2017-Q1,6.72870032368779
Q,BB,Barbados,2017-Q2,6.76415959722273
Q,BB,Barbados,2017-Q3,5.66069073706615
Q,BB,Barbados,2017-Q4,5.87943703817499
Q,BB,Barbados,2018-Q1,5.94346669760738
Q,BB,Barbados,2018-Q2,6.39399328746068
Q,BB,Barbados,2018-Q3,9.5388758900299
Q,BB,Barbados,2018-Q4,6.48249123880553
Q,BB,Barbados,2019-Q1,5.87259291839769
Q,BB,Barbados,2019-Q2,5.78599124547634
Q,BB,Barbados,2019-Q3,6.27623041317501
Q,BB,Barbados,2019-Q4,6.08104172360757
Q,BB,Barbados,2020-Q1,6.03792607355354
Q,BB,Barbados,2020-Q2,6.29081331559404
Q,BB,Barbados,2020-Q3,6.59139154949323
Q,BB,Barbados,2020-Q4,6.71477134227157
Q,BB,Barbados,2021-Q1,7.36506800206853
Q,BB,Barbados,2021-Q2,7.67952784239083
Q,BB,Barbados,2021-Q3,7.2731643629089
Q,BB,Barbados,2021-Q4,7.24350599907193
Q,BB,Barbados,2022-Q1,6.57052948052764
Q,BB,Barbados,2022-Q2,6.48418062958577
Q,BB,Barbados,2022-Q3,6.11980168316547
Q,BB,Barbados,2022-Q4,5.84432561996588
Q,BB,Barbados,2023-Q1,5.53149613747205
Q,BB,Barbados,2023-Q2,5.38837506518473
Q,BB,Barbados,2023-Q3,5.02634627135429
A,BD,Bangladesh,2011,1.9042059394074
A,BD,Bangladesh,2012,6.72327958982541
A,BD,Bangladesh,2013,4.84439636539416
A,BD,Bangladesh,2014,9.36516719804562
A,BD,Bangladesh,2015,8.39790781352825
A,BD,Bangladesh,2016,8.8585217562526
A,BD,Bangladesh,2017,8.89566055291347
A,BD,Bangladesh,2018,9.88732966644866
A,BD,Bangladesh,2019,8.90213335235847
A,BD,Bangladesh,2020,7.73754873370445
A,BD,Bangladesh,2021,7.96907960398037
A,BD,Bangladesh,2022,8.72436040117116
A,BD,Bangladesh,2023,9.56912775275673
A,BD,Bangladesh,2024,18.9607821141027
Q,BD,Bangladesh,2014-Q2,9.70490613399061
Q,BD,Bangladesh,2014-Q4,9.36516719804562
Q,BD,Bangladesh,2015-Q2,9.2853656515407
Q,BD,Bangladesh,2015-Q4,8.39790781352825
Q,BD,Bangladesh,2016-Q2,9.61767658758111
Q,BD,Bangladesh,2016-Q4,8.8585217562526
Q,BD,Bangladesh,2017-Q2,9.66014310860636
Q,BD,Bangladesh,2017-Q4,8.89566055291347
Q,BD,Bangladesh,2018-Q2,9.94913727350699
Q,BD,Bangladesh,2018-Q4,9.88732966644866
Q,BD,Bangladesh,2019-Q1,11.4248519350695
Q,BD,Bangladesh,2019-Q2,11.2080514671652
Q,BD,Bangladesh,2019-Q3,11.5277097431087
Q,BD,Bangladesh,2019-Q4,8.90213335235847
Q,BD,Bangladesh,2020-Q1,8.62341493609873
Q,BD,Bangladesh,2020-Q2,8.71492770585056
Q,BD,Bangladesh,2020-Q3,8.47095190029473
Q,BD,Bangladesh,2020-Q4,7.73754873370445
Q,BD,Bangladesh,2021-Q1,8.14021333792323
Q,BD,Bangladesh,2021-Q2,8.25514523407385
Q,BD,Bangladesh,2021-Q3,8.19909210475564
Q,BD,Bangladesh,2021-Q4,7.96907960398037
Q,BD,Bangladesh,2022-Q1,8.55344685722147
Q,BD,Bangladesh,2022-Q2,8.98120388820951
Q,BD,Bangladesh,2022-Q3,9.03964236795232
Q,BD,Bangladesh,2022-Q4,8.72436040117116
Q,BD,Bangladesh,2023-Q1,9.23982318449534
Q,BD,Bangladesh,2023-Q2,10.5088045719788
Q,BD,Bangladesh,2023-Q3,10.4700348972121
Q,BD,Bangladesh,2023-Q4,9.56912775275673
Q,BD,Bangladesh,2024-Q1,11.5490299217655
Q,BD,Bangladesh,2024-Q2,12.2696801032029
Q,BD,Bangladesh,2024-Q3,16.2345895358368
Q,BD,Bangladesh,2024-Q4,18.9607821141027
A,BE,Belgium,2006,1.28016415707089
A,BE,Belgium,2007,1.16267286868485
A,BE,Belgium,2008,1.66567893097526
A,BE,Belgium,2009,3.11494720432571
A,BE,Belgium,2010,2.83293355859471
A,BE,Belgium,2011,3.34867691886338
A,BE,Belgium,2012,3.79788657163647
A,BE,Belgium,2013,4.31853746708399
A,BE,Belgium,2014,4.24739060198863
A,BE,Belgium,2015,3.85093164747182
A,BE,Belgium,2016,3.48452664274546
A,BE,Belgium,2017,2.96174954064201
A,BE,Belgium,2018,2.26826570545996
A,BE,Belgium,2019,2.08706915566812
A,BE,Belgium,2020,2.06995809018823
A,BE,Belgium,2021,2.03126042204704
A,BE,Belgium,2022,1.83865174031702
A,BE,Belgium,2023,1.82074761185815
A,BE,Belgium,2024,2.00199409187464
Q,BE,Belgium,2006-Q4,1.28016415707089
Q,BE,Belgium,2007-Q2,1.11692189974717
Q,BE,Belgium,2007-Q4,1.16267286868485
Q,BE,Belgium,2008-Q2,1.13066738298682
Q,BE,Belgium,2008-Q4,1.66567893097526
Q,BE,Belgium,2009-Q2,2.44489996446206
Q,BE,Belgium,2009-Q4,3.11494720432571
Q,BE,Belgium,2010-Q2,2.97220227472651
Q,BE,Belgium,2010-Q4,2.83293355859471
Q,BE,Belgium,2011-Q2,2.86160180985374
Q,BE,Belgium,2011-Q4,3.34867691886338
Q,BE,Belgium,2012-Q2,3.45063872230824
Q,BE,Belgium,2012-Q4,3.79788657163647
Q,BE,Belgium,2013-Q1,3.69621586048414
Q,BE,Belgium,2013-Q2,3.75867030715164
Q,BE,Belgium,2013-Q3,3.82771587802317
Q,BE,Belgium,2013-Q4,4.31853746708399
Q,BE,Belgium,2014-Q1,4.16002590410062
Q,BE,Belgium,2014-Q2,4.05198131916672
Q,BE,Belgium,2014-Q3,4.22226446960704
Q,BE,Belgium,2014-Q4,4.24739060198863
Q,BE,Belgium,2015-Q1,3.77792592088876
Q,BE,Belgium,2015-Q2,3.82674837734148
Q,BE,Belgium,2015-Q3,3.79719982744455
Q,BE,Belgium,2015-Q4,3.85093164747182
Q,BE,Belgium,2016-Q1,3.58214498680808
Q,BE,Belgium,2016-Q2,3.49188105273203
Q,BE,Belgium,2016-Q3,3.52663605773854
Q,BE,Belgium,2016-Q4,3.48452664274546
Q,BE,Belgium,2017-Q1,3.28968128535743
Q,BE,Belgium,2017-Q2,3.23618955053815
Q,BE,Belgium,2017-Q3,3.1772186701239
Q,BE,Belgium,2017-Q4,2.96174954064201
Q,BE,Belgium,2018-Q1,2.53216890684845
Q,BE,Belgium,2018-Q2,2.43155117504625
Q,BE,Belgium,2018-Q3,2.1747135907986
Q,BE,Belgium,2018-Q4,2.26826570545996
Q,BE,Belgium,2019-Q1,2.13443354027676
Q,BE,Belgium,2019-Q2,2.03108438884672
Q,BE,Belgium,2019-Q3,2.04400211826882
Q,BE,Belgium,2019-Q4,2.08706915566812
Q,BE,Belgium,2020-Q1,1.99642945106271
Q,BE,Belgium,2020-Q2,2.03638163883883
Q,BE,Belgium,2020-Q3,1.97506480528273
Q,BE,Belgium,2020-Q4,2.06995809018823
Q,BE,Belgium,2021-Q1,1.87252574304286
Q,BE,Belgium,2021-Q2,2.35534677673885
Q,BE,Belgium,2021-Q3,2.11010793910635
Q,BE,Belgium,2021-Q4,2.03126042204704
Q,BE,Belgium,2022-Q1,1.951082073672
Q,BE,Belgium,2022-Q2,1.8489288286473
Q,BE,Belgium,2022-Q3,1.79383573211725
Q,BE,Belgium,2022-Q4,1.83865174031702
Q,BE,Belgium,2023-Q1,1.82090969145146
Q,BE,Belgium,2023-Q2,1.79358871419338
Q,BE,Belgium,2023-Q3,1.81289911913033
Q,BE,Belgium,2023-Q4,1.82074761185815
Q,BE,Belgium,2024-Q1,1.88374370259332
Q,BE,Belgium,2024-Q2,1.89752753661212
Q,BE,Belgium,2024-Q3,1.9921739796376
Q,BE,Belgium,2024-Q4,2.00199409187464
Q,BE,Belgium,2025-Q1,1.96268251387683
A,BG,Bulgaria,2008,2.40390652919768
A,BG,Bulgaria,2009,6.42293385932725
A,BG,Bulgaria,2010,11.9177087634194
A,BG,Bulgaria,2011,14.9736139565097
A,BG,Bulgaria,2012,16.6263209293069
A,BG,Bulgaria,2013,16.8785208328338
A,BG,Bulgaria,2014,16.7465294214345
A,BG,Bulgaria,2015,14.612050861519
A,BG,Bulgaria,2016,13.1730655335127
A,BG,Bulgaria,2017,10.434453416252
A,BG,Bulgaria,2018,7.80156177334957
A,BG,Bulgaria,2019,6.62129943689451
A,BG,Bulgaria,2020,5.79835202186254
A,BG,Bulgaria,2021,5.94059438427244
A,BG,Bulgaria,2022,4.5273315980334
A,BG,Bulgaria,2023,3.61815842974246
A,BG,Bulgaria,2024,3.15576548597853
Q,BG,Bulgaria,2015-Q4,14.612050861519
Q,BG,Bulgaria,2016-Q1,14.7385214265646
Q,BG,Bulgaria,2016-Q2,14.3974885305236
Q,BG,Bulgaria,2016-Q3,14.0193636898866
Q,BG,Bulgaria,2016-Q4,13.1730655335127
Q,BG,Bulgaria,2017-Q1,12.92216210793
Q,BG,Bulgaria,2017-Q2,12.3918707344798
Q,BG,Bulgaria,2017-Q3,11.7299636926951
Q,BG,Bulgaria,2017-Q4,10.434453416252
Q,BG,Bulgaria,2018-Q1,9.55634704876164
Q,BG,Bulgaria,2018-Q2,9.29084679595952
Q,BG,Bulgaria,2018-Q3,8.68089645479333
Q,BG,Bulgaria,2018-Q4,7.80156177334957
Q,BG,Bulgaria,2019-Q1,7.55207409987228
Q,BG,Bulgaria,2019-Q2,7.31117994802152
Q,BG,Bulgaria,2019-Q3,7.56414790654214
Q,BG,Bulgaria,2019-Q4,6.62129943689451
Q,BG,Bulgaria,2020-Q1,6.54436257633065
Q,BG,Bulgaria,2020-Q2,6.53244595615342
Q,BG,Bulgaria,2020-Q3,6.2659825589518
Q,BG,Bulgaria,2020-Q4,5.79835202186254
Q,BG,Bulgaria,2021-Q1,5.58243235491374
Q,BG,Bulgaria,2021-Q2,5.38463170764858
Q,BG,Bulgaria,2021-Q3,5.07623269923312
Q,BG,Bulgaria,2021-Q4,5.94059438427244
Q,BG,Bulgaria,2022-Q1,5.50201502132894
Q,BG,Bulgaria,2022-Q2,5.27881908575872
Q,BG,Bulgaria,2022-Q3,5.09236084537829
Q,BG,Bulgaria,2022-Q4,4.5273315980334
Q,BG,Bulgaria,2023-Q1,4.05486398908371
Q,BG,Bulgaria,2023-Q2,3.79697941550333
Q,BG,Bulgaria,2023-Q3,3.81490878456933
Q,BG,Bulgaria,2023-Q4,3.61815842974246
Q,BG,Bulgaria,2024-Q1,3.74445369832484
Q,BG,Bulgaria,2024-Q2,3.63514218261348
Q,BG,Bulgaria,2024-Q3,3.54514340910796
Q,BG,Bulgaria,2024-Q4,3.15576548597853
A,BI,Burundi,2010,9.31523574939506
A,BI,Burundi,2011,7.39310710399005
A,BI,Burundi,2012,8.16828544058576
A,BI,Burundi,2013,9.88695195519018
A,BI,Burundi,2014,10.8229150487183
A,BI,Burundi,2015,17.9166965111326
A,BI,Burundi,2016,21.0565185978806
A,BI,Burundi,2017,14.1900852248363
Q,BI,Burundi,2012-Q1,7.7839414330549
Q,BI,Burundi,2012-Q2,6.98275089740015
Q,BI,Burundi,2012-Q3,7.52947686404966
Q,BI,Burundi,2012-Q4,8.16828544058576
Q,BI,Burundi,2013-Q1,9.42857713841741
Q,BI,Burundi,2013-Q2,9.5912879119596
Q,BI,Burundi,2013-Q3,9.4519607474483
Q,BI,Burundi,2013-Q4,9.88695195519018
Q,BI,Burundi,2014-Q1,10.0277460125677
Q,BI,Burundi,2014-Q2,11.2490314135487
Q,BI,Burundi,2014-Q3,11.1412081265032
Q,BI,Burundi,2014-Q4,10.8229150487183
Q,BI,Burundi,2015-Q1,12.0620545375546
Q,BI,Burundi,2015-Q2,13.0729120201122
Q,BI,Burundi,2015-Q3,14.0007570367157
Q,BI,Burundi,2015-Q4,17.9166965111326
Q,BI,Burundi,2016-Q1,18.2862007467126
Q,BI,Burundi,2016-Q2,18.5374412052672
Q,BI,Burundi,2016-Q3,19.0086989263605
Q,BI,Burundi,2016-Q4,21.0565185978806
Q,BI,Burundi,2017-Q1,12.787921405796
Q,BI,Burundi,2017-Q2,12.5741015216076
Q,BI,Burundi,2017-Q3,13.6123232467749
Q,BI,Burundi,2017-Q4,14.1900852248363
Q,BI,Burundi,2018-Q1,15.5591295854931
Q,BI,Burundi,2018-Q2,12.6961594960479
A,BN,Brunei Darussalam,2010,6.86702975926534
A,BN,Brunei Darussalam,2011,6.03201397638731
A,BN,Brunei Darussalam,2012,5.37615761868223
A,BN,Brunei Darussalam,2013,4.52530200889505
A,BN,Brunei Darussalam,2014,3.85059424062381
A,BN,Brunei Darussalam,2015,3.99835180405115
A,BN,Brunei Darussalam,2016,4.7488988110068
A,BN,Brunei Darussalam,2017,3.66101354771918
A,BN,Brunei Darussalam,2018,3.92063262802426
A,BN,Brunei Darussalam,2019,3.89949874723607
A,BN,Brunei Darussalam,2020,3.8727769630135
A,BN,Brunei Darussalam,2021,3.11444658852587
A,BN,Brunei Darussalam,2022,2.81875346844338
Q,BN,Brunei Darussalam,2010-Q1,9.01332390338199
Q,BN,Brunei Darussalam,2010-Q2,8.85026934742741
Q,BN,Brunei Darussalam,2010-Q3,8.51778015296042
Q,BN,Brunei Darussalam,2010-Q4,6.86702975926534
Q,BN,Brunei Darussalam,2011-Q1,10.9084904712565
Q,BN,Brunei Darussalam,2011-Q2,7.52537138631479
Q,BN,Brunei Darussalam,2011-Q3,7.0474542716289
Q,BN,Brunei Darussalam,2011-Q4,6.03201397638731
Q,BN,Brunei Darussalam,2012-Q1,5.94778482354284
Q,BN,Brunei Darussalam,2012-Q2,5.66588549802645
Q,BN,Brunei Darussalam,2012-Q3,5.55088182875862
Q,BN,Brunei Darussalam,2012-Q4,5.37615761868223
Q,BN,Brunei Darussalam,2013-Q1,5.39381774338239
Q,BN,Brunei Darussalam,2013-Q2,5.32436525544298
Q,BN,Brunei Darussalam,2013-Q3,5.3735106946092
Q,BN,Brunei Darussalam,2013-Q4,4.52530200889505
Q,BN,Brunei Darussalam,2014-Q1,4.50530310835892
Q,BN,Brunei Darussalam,2014-Q2,4.92089968520997
Q,BN,Brunei Darussalam,2014-Q3,4.53317627119858
Q,BN,Brunei Darussalam,2014-Q4,3.85059424062381
Q,BN,Brunei Darussalam,2015-Q1,3.73970356639018
Q,BN,Brunei Darussalam,2015-Q2,3.21304358915017
Q,BN,Brunei Darussalam,2015-Q3,3.44032238788976
Q,BN,Brunei Darussalam,2015-Q4,3.99835180405115
Q,BN,Brunei Darussalam,2016-Q1,3.80905638039983
Q,BN,Brunei Darussalam,2016-Q2,3.73366671659741
Q,BN,Brunei Darussalam,2016-Q3,4.46090095429602
Q,BN,Brunei Darussalam,2016-Q4,4.7488988110068
Q,BN,Brunei Darussalam,2017-Q1,4.65290493440499
Q,BN,Brunei Darussalam,2017-Q2,4.31974696458953
Q,BN,Brunei Darussalam,2017-Q3,4.31778583163593
Q,BN,Brunei Darussalam,2017-Q4,3.66101354771918
Q,BN,Brunei Darussalam,2018-Q1,4.26056838477194
Q,BN,Brunei Darussalam,2018-Q2,4.26861802286432
Q,BN,Brunei Darussalam,2018-Q3,4.78800297959088
Q,BN,Brunei Darussalam,2018-Q4,3.92063262802426
Q,BN,Brunei Darussalam,2019-Q1,4.23699593110029
Q,BN,Brunei Darussalam,2019-Q2,4.40465001692878
Q,BN,Brunei Darussalam,2019-Q3,4.10377222569018
Q,BN,Brunei Darussalam,2019-Q4,3.89949874723607
Q,BN,Brunei Darussalam,2020-Q1,3.7054361689338
Q,BN,Brunei Darussalam,2020-Q2,3.64107760874582
Q,BN,Brunei Darussalam,2020-Q3,3.62820917027755
Q,BN,Brunei Darussalam,2020-Q4,3.8727769630135
Q,BN,Brunei Darussalam,2021-Q1,3.77209590397848
Q,BN,Brunei Darussalam,2021-Q2,3.35838053665124
Q,BN,Brunei Darussalam,2021-Q3,3.1331577825493
Q,BN,Brunei Darussalam,2021-Q4,3.11444658852587
Q,BN,Brunei Darussalam,2022-Q1,2.93988212918306
Q,BN,Brunei Darussalam,2022-Q2,3.13357580417808
Q,BN,Brunei Darussalam,2022-Q3,2.83732197798489
Q,BN,Brunei Darussalam,2022-Q4,2.81875346844338
Q,BN,Brunei Darussalam,2023-Q1,2.68089262345484
Q,BN,Brunei Darussalam,2023-Q2,2.46576117459861
A,BO,Bolivia,2010,2.14098016078258
A,BO,Bolivia,2011,1.64499555407419
A,BO,Bolivia,2012,1.45359977173878
A,BO,Bolivia,2013,1.48473224456689
A,BO,Bolivia,2014,1.50237950472032
A,BO,Bolivia,2015,1.49992861153731
A,BO,Bolivia,2016,1.5769576006293
A,BO,Bolivia,2017,1.7024307788589
A,BO,Bolivia,2018,1.73167776169038
A,BO,Bolivia,2019,1.86600368568285
A,BO,Bolivia,2020,1.50757622452981
A,BO,Bolivia,2021,1.54166114935143
A,BO,Bolivia,2022,2.13317781172804
A,BO,Bolivia,2023,2.85427150819814
Q,BO,Bolivia,2010-Q1,3.37642069753658
Q,BO,Bolivia,2010-Q2,2.6369589427291
Q,BO,Bolivia,2010-Q3,2.52239357002967
Q,BO,Bolivia,2010-Q4,2.14098016078258
Q,BO,Bolivia,2011-Q1,2.30955727563144
Q,BO,Bolivia,2011-Q2,1.9286160984486
Q,BO,Bolivia,2011-Q3,1.86691976198666
Q,BO,Bolivia,2011-Q4,1.64499555407419
Q,BO,Bolivia,2012-Q1,1.75402714616697
Q,BO,Bolivia,2012-Q2,1.69919001686911
Q,BO,Bolivia,2012-Q3,1.72964869646872
Q,BO,Bolivia,2012-Q4,1.45359977173878
Q,BO,Bolivia,2013-Q1,1.6237330795044
Q,BO,Bolivia,2013-Q2,1.56854620641931
Q,BO,Bolivia,2013-Q3,1.61877984485085
Q,BO,Bolivia,2013-Q4,1.48473224456689
Q,BO,Bolivia,2014-Q1,1.66144455075668
Q,BO,Bolivia,2014-Q2,1.52630717054385
Q,BO,Bolivia,2014-Q3,1.64933406422088
Q,BO,Bolivia,2014-Q4,1.50237950472032
Q,BO,Bolivia,2015-Q1,1.75229186409962
Q,BO,Bolivia,2015-Q2,1.62098021671433
Q,BO,Bolivia,2015-Q3,1.69717374900837
Q,BO,Bolivia,2015-Q4,1.49992861153731
Q,BO,Bolivia,2016-Q1,1.78094935922007
Q,BO,Bolivia,2016-Q2,1.69733918357242
Q,BO,Bolivia,2016-Q3,1.71702996604454
Q,BO,Bolivia,2016-Q4,1.5769576006293
Q,BO,Bolivia,2017-Q1,1.79582695014696
Q,BO,Bolivia,2017-Q2,1.72949080200019
Q,BO,Bolivia,2017-Q3,1.87503916007921
Q,BO,Bolivia,2017-Q4,1.7024307788589
Q,BO,Bolivia,2018-Q1,1.9473689879578
Q,BO,Bolivia,2018-Q2,1.91456391246483
Q,BO,Bolivia,2018-Q3,1.94892911941095
Q,BO,Bolivia,2018-Q4,1.73167776169038
Q,BO,Bolivia,2019-Q1,1.96063196432737
Q,BO,Bolivia,2019-Q2,1.8671668238919
Q,BO,Bolivia,2019-Q3,2.02429949805866
Q,BO,Bolivia,2019-Q4,1.86600368568285
Q,BO,Bolivia,2020-Q1,2.22962574361289
Q,BO,Bolivia,2020-Q2,1.88831599025437
Q,BO,Bolivia,2020-Q3,1.73633540025903
Q,BO,Bolivia,2020-Q4,1.50757622452981
Q,BO,Bolivia,2021-Q1,1.85062814219392
Q,BO,Bolivia,2021-Q2,1.70703183494516
Q,BO,Bolivia,2021-Q3,1.62504591492381
Q,BO,Bolivia,2021-Q4,1.54166114935143
Q,BO,Bolivia,2022-Q1,1.86490991154809
Q,BO,Bolivia,2022-Q2,1.97415586667794
Q,BO,Bolivia,2022-Q3,2.14547666287805
Q,BO,Bolivia,2022-Q4,2.13317781172804
Q,BO,Bolivia,2023-Q1,2.50419028187743
Q,BO,Bolivia,2023-Q2,2.66575477658662
Q,BO,Bolivia,2023-Q3,2.90961965680837
Q,BO,Bolivia,2023-Q4,2.85427150819814
Q,BO,Bolivia,2024-Q1,3.33661752775452
Q,BO,Bolivia,2024-Q2,3.40769371519947
A,BR,Brazil,2005,3.52553179140661
A,BR,Brazil,2006,3.46066404520994
A,BR,Brazil,2007,2.98260391267765
A,BR,Brazil,2008,3.10639256827815
A,BR,Brazil,2009,4.21499469701351
A,BR,Brazil,2010,3.10772417173934
A,BR,Brazil,2011,3.46686409051456
A,BR,Brazil,2012,3.44682339262827
A,BR,Brazil,2013,2.85728229301093
A,BR,Brazil,2014,2.25174733022776
A,BR,Brazil,2015,2.84649627717535
A,BR,Brazil,2016,3.08157613195282
A,BR,Brazil,2017,2.8789163660392
A,BR,Brazil,2018,2.59786426236426
A,BR,Brazil,2019,2.65554756569737
A,BR,Brazil,2020,1.86754766697946
A,BR,Brazil,2021,2.07937608671228
A,BR,Brazil,2022,2.64123318576759
A,BR,Brazil,2023,2.8426431121732
A,BR,Brazil,2024,2.71543100107416
Q,BR,Brazil,2005-Q1,3.15702509766615
Q,BR,Brazil,2005-Q2,2.99427748167442
Q,BR,Brazil,2005-Q3,3.27428234099184
Q,BR,Brazil,2005-Q4,3.52553179140661
Q,BR,Brazil,2006-Q1,3.68790526569801
Q,BR,Brazil,2006-Q2,3.57542881343157
Q,BR,Brazil,2006-Q3,3.63210425914355
Q,BR,Brazil,2006-Q4,3.46066404520994
Q,BR,Brazil,2007-Q1,3.36478051269183
Q,BR,Brazil,2007-Q2,3.2861155779132
Q,BR,Brazil,2007-Q3,3.14879266418439
Q,BR,Brazil,2007-Q4,2.98260391267765
Q,BR,Brazil,2008-Q1,2.92246425471757
Q,BR,Brazil,2008-Q2,2.84413236717085
Q,BR,Brazil,2008-Q3,2.81212420779611
Q,BR,Brazil,2008-Q4,3.10639256827815
Q,BR,Brazil,2009-Q1,3.64738979932276
Q,BR,Brazil,2009-Q2,4.256361499815
Q,BR,Brazil,2009-Q3,4.46296589616342
Q,BR,Brazil,2009-Q4,4.21499469701351
Q,BR,Brazil,2010-Q1,3.90303157951144
Q,BR,Brazil,2010-Q2,3.51170404331875
Q,BR,Brazil,2010-Q3,3.34488012406004
Q,BR,Brazil,2010-Q4,3.10772417173934
Q,BR,Brazil,2011-Q1,3.1527019877161
Q,BR,Brazil,2011-Q2,3.29929065848515
Q,BR,Brazil,2011-Q3,3.39306945296461
Q,BR,Brazil,2011-Q4,3.46686409051456
Q,BR,Brazil,2012-Q1,3.61032635034303
Q,BR,Brazil,2012-Q2,3.63456186293624
Q,BR,Brazil,2012-Q3,3.61874845806854
Q,BR,Brazil,2012-Q4,3.44682339262827
Q,BR,Brazil,2013-Q1,3.39454348017127
Q,BR,Brazil,2013-Q2,3.20974330899953
Q,BR,Brazil,2013-Q3,3.0935470436742
Q,BR,Brazil,2013-Q4,2.85728229301093
Q,BR,Brazil,2014-Q1,2.92862442690895
Q,BR,Brazil,2014-Q2,2.94379043052845
Q,BR,Brazil,2014-Q3,2.90259498964883
Q,BR,Brazil,2014-Q4,2.25174733022776
Q,BR,Brazil,2015-Q1,2.34449248080364
Q,BR,Brazil,2015-Q2,2.53848835804216
Q,BR,Brazil,2015-Q3,2.66600979767572
Q,BR,Brazil,2015-Q4,2.84649627717535
Q,BR,Brazil,2016-Q1,2.99781807042119
Q,BR,Brazil,2016-Q2,3.00679710451747
Q,BR,Brazil,2016-Q3,3.18504524207538
Q,BR,Brazil,2016-Q4,3.08157613195282
Q,BR,Brazil,2017-Q1,3.28267452202142
Q,BR,Brazil,2017-Q2,3.11199423600759
Q,BR,Brazil,2017-Q3,3.11723503669116
Q,BR,Brazil,2017-Q4,2.8789163660392
Q,BR,Brazil,2018-Q1,2.98268921232943
Q,BR,Brazil,2018-Q2,2.70822933197449
Q,BR,Brazil,2018-Q3,2.74396404428857
Q,BR,Brazil,2018-Q4,2.59786426236426
Q,BR,Brazil,2019-Q1,2.72711799068745
Q,BR,Brazil,2019-Q2,2.6688326871261
Q,BR,Brazil,2019-Q3,2.76088076991524
Q,BR,Brazil,2019-Q4,2.65554756569737
Q,BR,Brazil,2020-Q1,2.96621229900561
Q,BR,Brazil,2020-Q2,2.64106187739498
Q,BR,Brazil,2020-Q3,2.08193748721056
Q,BR,Brazil,2020-Q4,1.86754766697946
Q,BR,Brazil,2021-Q1,1.93226273624359
Q,BR,Brazil,2021-Q2,2.03683761183462
Q,BR,Brazil,2021-Q3,2.06570297711245
Q,BR,Brazil,2021-Q4,2.07937608671228
Q,BR,Brazil,2022-Q1,2.3154949185534
Q,BR,Brazil,2022-Q2,2.3508213328832
Q,BR,Brazil,2022-Q3,2.51756360982963
Q,BR,Brazil,2022-Q4,2.64123318576759
Q,BR,Brazil,2023-Q1,2.90520677851252
Q,BR,Brazil,2023-Q2,3.1025719707974
Q,BR,Brazil,2023-Q3,3.07821987980507
Q,BR,Brazil,2023-Q4,2.8426431121732
Q,BR,Brazil,2024-Q1,2.85527267047367
Q,BR,Brazil,2024-Q2,2.83411833117439
Q,BR,Brazil,2024-Q3,2.86496658692219
Q,BR,Brazil,2024-Q4,2.71543100107416
Q,BR,Brazil,2025-Q1,3.08303635159536
A,BT,Bhutan,2010,5.21442892752606
A,BT,Bhutan,2011,3.92487971293095
A,BT,Bhutan,2012,5.45153266771976
A,BT,Bhutan,2013,6.97587050610786
A,BT,Bhutan,2014,6.75453798371645
A,BT,Bhutan,2015,6.60035135986288
A,BT,Bhutan,2016,7.18904732657744
A,BT,Bhutan,2017,8.42093855066564
A,BT,Bhutan,2018,7.03307485407495
A,BT,Bhutan,2019,8.45073446760821
A,BT,Bhutan,2020,11.6947136976512
A,BT,Bhutan,2021,6.73771086892549
A,BT,Bhutan,2022,2.98322457252721
A,BT,Bhutan,2023,2.37931186892763
Q,BT,Bhutan,2010-Q1,8.70117788232101
Q,BT,Bhutan,2010-Q2,9.46955731270696
Q,BT,Bhutan,2010-Q3,7.61638487308236
Q,BT,Bhutan,2010-Q4,5.21442892752606
Q,BT,Bhutan,2011-Q1,7.72653757619047
Q,BT,Bhutan,2011-Q2,7.64744281130674
Q,BT,Bhutan,2011-Q3,8.23791280867152
Q,BT,Bhutan,2011-Q4,3.92487971293095
Q,BT,Bhutan,2012-Q1,8.71830976186262
Q,BT,Bhutan,2012-Q2,8.21684690973355
Q,BT,Bhutan,2012-Q3,10.5283005945738
Q,BT,Bhutan,2012-Q4,5.45153266771976
Q,BT,Bhutan,2013-Q1,10.5826042481267
Q,BT,Bhutan,2013-Q2,9.48413976361527
Q,BT,Bhutan,2013-Q3,12.7408443878915
Q,BT,Bhutan,2013-Q4,6.97587050610786
Q,BT,Bhutan,2014-Q1,11.5472734590968
Q,BT,Bhutan,2014-Q2,12.1424606324612
Q,BT,Bhutan,2014-Q3,11.8195404354041
Q,BT,Bhutan,2014-Q4,6.75453798371645
Q,BT,Bhutan,2015-Q1,10.170988964386
Q,BT,Bhutan,2015-Q2,9.73503688972228
Q,BT,Bhutan,2015-Q3,11.8927378383594
Q,BT,Bhutan,2015-Q4,6.60035135986288
Q,BT,Bhutan,2016-Q1,11.8226384920775
Q,BT,Bhutan,2016-Q2,9.80417783942937
Q,BT,Bhutan,2016-Q3,14.5035328851277
Q,BT,Bhutan,2016-Q4,7.18904732657744
Q,BT,Bhutan,2017-Q1,11.5765335865795
Q,BT,Bhutan,2017-Q2,12.4684400850512
Q,BT,Bhutan,2017-Q3,14.3924099690064
Q,BT,Bhutan,2017-Q4,8.42093855066564
Q,BT,Bhutan,2018-Q1,13.2595035129235
Q,BT,Bhutan,2018-Q2,10.8253639859211
Q,BT,Bhutan,2018-Q3,12.0115165637341
Q,BT,Bhutan,2018-Q4,7.03307485407495
Q,BT,Bhutan,2019-Q1,10.9179294724587
Q,BT,Bhutan,2019-Q2,9.90113025670074
Q,BT,Bhutan,2019-Q3,12.294681877247
Q,BT,Bhutan,2019-Q4,8.45073446760821
Q,BT,Bhutan,2020-Q1,15.1944706818789
Q,BT,Bhutan,2020-Q2,14.6197401464671
Q,BT,Bhutan,2020-Q3,12.791220199264
Q,BT,Bhutan,2020-Q4,11.6947136976512
Q,BT,Bhutan,2021-Q1,12.0561539839145
Q,BT,Bhutan,2021-Q2,11.4581546821332
Q,BT,Bhutan,2021-Q3,9.60299972903582
Q,BT,Bhutan,2021-Q4,6.73771086892549
Q,BT,Bhutan,2022-Q1,7.69832738692523
Q,BT,Bhutan,2022-Q2,6.52773282023168
Q,BT,Bhutan,2022-Q3,4.49129625569794
Q,BT,Bhutan,2022-Q4,2.98322457252721
Q,BT,Bhutan,2023-Q1,4.41169968593762
Q,BT,Bhutan,2023-Q2,3.75067315807998
Q,BT,Bhutan,2023-Q3,3.76260154303423
Q,BT,Bhutan,2023-Q4,2.37931186892763
Q,BT,Bhutan,2024-Q1,3.41522735066191
Q,BT,Bhutan,2024-Q2,3.40423836937722
A,BW,Botswana,2012,2.62060809323672
A,BW,Botswana,2013,3.61343005876295
A,BW,Botswana,2014,3.54945490277661
A,BW,Botswana,2015,3.73435725456301
A,BW,Botswana,2016,4.85264133334105
A,BW,Botswana,2017,5.27690301416439
A,BW,Botswana,2018,5.42631923935425
A,BW,Botswana,2019,4.78797420738131
A,BW,Botswana,2020,4.32343937171923
A,BW,Botswana,2021,4.23890186153303
A,BW,Botswana,2022,3.7521160274772
A,BW,Botswana,2023,3.66840873939199
A,BW,Botswana,2024,3.44461386537501
Q,BW,Botswana,2012-Q1,2.41570426307002
Q,BW,Botswana,2012-Q2,2.47363793829258
Q,BW,Botswana,2012-Q3,2.81824872993002
Q,BW,Botswana,2012-Q4,2.62060809323672
Q,BW,Botswana,2013-Q1,2.21479729445274
Q,BW,Botswana,2013-Q2,2.92137469676536
Q,BW,Botswana,2013-Q3,3.10798902629405
Q,BW,Botswana,2013-Q4,3.61343005876295
Q,BW,Botswana,2014-Q1,3.106285743439
Q,BW,Botswana,2014-Q2,3.45576893010797
Q,BW,Botswana,2014-Q3,4.14092905424067
Q,BW,Botswana,2014-Q4,3.54945490277661
Q,BW,Botswana,2015-Q1,3.24208672020712
Q,BW,Botswana,2015-Q2,3.23916609184707
Q,BW,Botswana,2015-Q3,3.27641396296192
Q,BW,Botswana,2015-Q4,3.73435725456301
Q,BW,Botswana,2016-Q1,4.71634308416298
Q,BW,Botswana,2016-Q2,4.89634068912498
Q,BW,Botswana,2016-Q3,4.83694409939138
Q,BW,Botswana,2016-Q4,4.85264133334105
Q,BW,Botswana,2017-Q1,5.50581553022696
Q,BW,Botswana,2017-Q2,5.22386313028414
Q,BW,Botswana,2017-Q3,5.62603960864992
Q,BW,Botswana,2017-Q4,5.27690301416439
Q,BW,Botswana,2018-Q1,5.28889918475496
Q,BW,Botswana,2018-Q2,4.83817617210326
Q,BW,Botswana,2018-Q3,5.25757870983113
Q,BW,Botswana,2018-Q4,5.42631923935425
Q,BW,Botswana,2019-Q1,5.15040002187235
Q,BW,Botswana,2019-Q2,4.689829803131
Q,BW,Botswana,2019-Q3,5.20358191172223
Q,BW,Botswana,2019-Q4,4.78797420738131
Q,BW,Botswana,2020-Q1,4.71737842636769
Q,BW,Botswana,2020-Q2,4.58165126233776
Q,BW,Botswana,2020-Q3,4.22306765758438
Q,BW,Botswana,2020-Q4,4.32343937171923
Q,BW,Botswana,2021-Q1,4.37361310244898
Q,BW,Botswana,2021-Q2,4.03565017992112
Q,BW,Botswana,2021-Q3,4.17585400653417
Q,BW,Botswana,2021-Q4,4.23890186153303
Q,BW,Botswana,2022-Q1,4.21663472102204
Q,BW,Botswana,2022-Q2,3.68961831841388
Q,BW,Botswana,2022-Q3,3.33452443814585
Q,BW,Botswana,2022-Q4,3.7521160274772
Q,BW,Botswana,2023-Q1,3.80893238050679
Q,BW,Botswana,2023-Q2,3.37947902087646
Q,BW,Botswana,2023-Q3,3.44102193023983
Q,BW,Botswana,2023-Q4,3.66840873939199
Q,BW,Botswana,2024-Q1,3.78323858855876
Q,BW,Botswana,2024-Q2,3.54247848298026
Q,BW,Botswana,2024-Q3,3.62831314026905
Q,BW,Botswana,2024-Q4,3.44461386537501
Q,BW,Botswana,2025-Q1,3.2428127376209
A,BY,Belarus,2010,3.54880427143015
A,BY,Belarus,2011,4.15959581162895
A,BY,Belarus,2012,5.50187400609008
A,BY,Belarus,2013,4.44733135755543
A,BY,Belarus,2014,4.37130403366124
A,BY,Belarus,2015,6.83494796382143
A,BY,Belarus,2016,12.791174278387
A,BY,Belarus,2017,12.8521944714263
A,BY,Belarus,2018,5.0102862381755
A,BY,Belarus,2019,4.62787813876966
A,BY,Belarus,2020,4.82924273960356
A,BY,Belarus,2021,5.29876920745631
A,BY,Belarus,2022,4.90922057569429
A,BY,Belarus,2023,5.0482614806443
A,BY,Belarus,2024,2.97295771891542
Q,BY,Belarus,2010-Q4,3.54880427143015
Q,BY,Belarus,2011-Q1,2.83099999281967
Q,BY,Belarus,2011-Q2,3.11946882842897
Q,BY,Belarus,2011-Q3,4.16049765125448
Q,BY,Belarus,2011-Q4,4.15959581162895
Q,BY,Belarus,2012-Q1,3.6701762267589
Q,BY,Belarus,2012-Q2,3.93995846806206
Q,BY,Belarus,2012-Q3,4.83050662605223
Q,BY,Belarus,2012-Q4,5.50187400609008
Q,BY,Belarus,2013-Q1,4.70795109703034
Q,BY,Belarus,2013-Q2,4.48769387539492
Q,BY,Belarus,2013-Q3,4.59988397727851
Q,BY,Belarus,2013-Q4,4.44733135755543
Q,BY,Belarus,2014-Q1,4.41983636927148
Q,BY,Belarus,2014-Q2,4.67775642013396
Q,BY,Belarus,2014-Q3,4.43795946835187
Q,BY,Belarus,2014-Q4,4.37130403366124
Q,BY,Belarus,2015-Q1,5.08974752462435
Q,BY,Belarus,2015-Q2,5.48405787217626
Q,BY,Belarus,2015-Q3,6.45886856709271
Q,BY,Belarus,2015-Q4,6.83494796382143
Q,BY,Belarus,2016-Q1,11.5419564630155
Q,BY,Belarus,2016-Q2,13.4060923417254
Q,BY,Belarus,2016-Q3,14.3057855835031
Q,BY,Belarus,2016-Q4,12.791174278387
Q,BY,Belarus,2017-Q1,13.6670414844388
Q,BY,Belarus,2017-Q2,13.6630392447431
Q,BY,Belarus,2017-Q3,12.8229261747645
Q,BY,Belarus,2017-Q4,12.8521944714263
Q,BY,Belarus,2018-Q1,13.0806313705838
Q,BY,Belarus,2018-Q2,3.73272231815326
Q,BY,Belarus,2018-Q3,4.12521200532171
Q,BY,Belarus,2018-Q4,5.0102862381755
Q,BY,Belarus,2019-Q1,6.04340224248207
Q,BY,Belarus,2019-Q2,5.78747936937846
Q,BY,Belarus,2019-Q3,5.03237258563725
Q,BY,Belarus,2019-Q4,4.62787813876966
Q,BY,Belarus,2020-Q1,5.32559588285475
Q,BY,Belarus,2020-Q2,5.07810552878031
Q,BY,Belarus,2020-Q3,4.92063251530795
Q,BY,Belarus,2020-Q4,4.82924273960356
Q,BY,Belarus,2021-Q1,5.20347194687286
Q,BY,Belarus,2021-Q2,4.9630937540103
Q,BY,Belarus,2021-Q3,5.5757237270781
Q,BY,Belarus,2021-Q4,5.29876920745631
Q,BY,Belarus,2022-Q1,5.23464664042723
Q,BY,Belarus,2022-Q2,4.7350196086333
Q,BY,Belarus,2022-Q3,5.13041134952351
Q,BY,Belarus,2022-Q4,4.90922057569429
Q,BY,Belarus,2023-Q1,4.52305910863934
Q,BY,Belarus,2023-Q2,3.79970620415368
Q,BY,Belarus,2023-Q3,5.28099235578467
Q,BY,Belarus,2023-Q4,5.0482614806443
Q,BY,Belarus,2024-Q1,4.78281549671026
Q,BY,Belarus,2024-Q2,4.52441723103778
Q,BY,Belarus,2024-Q3,2.98825183021616
Q,BY,Belarus,2024-Q4,2.97295771891542
Q,BY,Belarus,2025-Q1,3.10611249009748
A,BZ,Belize,2017,5.97259756590608
A,BZ,Belize,2018,6.47964166716173
A,BZ,Belize,2019,5.08095676429897
A,BZ,Belize,2020,6.53899076768011
A,BZ,Belize,2021,3.91409090864828
A,BZ,Belize,2022,4.8899294852009
A,BZ,Belize,2023,3.94447522875083
A,BZ,Belize,2024,3.13879350580091
Q,BZ,Belize,2017-Q1,7.50670402728602
Q,BZ,Belize,2017-Q2,7.57595023197276
Q,BZ,Belize,2017-Q3,7.77365277020649
Q,BZ,Belize,2017-Q4,5.97259756590608
Q,BZ,Belize,2018-Q1,6.02502515942134
Q,BZ,Belize,2018-Q2,6.71495756364502
Q,BZ,Belize,2018-Q3,6.58905083126716
Q,BZ,Belize,2018-Q4,6.47964166716173
Q,BZ,Belize,2019-Q1,5.69445744244861
Q,BZ,Belize,2019-Q2,5.58093839025681
Q,BZ,Belize,2019-Q3,5.78761432753095
Q,BZ,Belize,2019-Q4,5.08095676429897
Q,BZ,Belize,2020-Q1,4.92947180587199
Q,BZ,Belize,2020-Q2,5.4765773909267
Q,BZ,Belize,2020-Q3,6.09660186155142
Q,BZ,Belize,2020-Q4,6.53899076768011
Q,BZ,Belize,2021-Q1,5.06594676544663
Q,BZ,Belize,2021-Q2,4.53226468468124
Q,BZ,Belize,2021-Q3,4.44238258385082
Q,BZ,Belize,2021-Q4,3.91409090864828
Q,BZ,Belize,2022-Q1,4.26682744621742
Q,BZ,Belize,2022-Q2,4.34048638871147
Q,BZ,Belize,2022-Q3,4.7781550093338
Q,BZ,Belize,2022-Q4,4.8899294852009
Q,BZ,Belize,2023-Q1,4.5164688965677
Q,BZ,Belize,2023-Q2,3.87371126192037
Q,BZ,Belize,2023-Q3,4.04101031221341
Q,BZ,Belize,2023-Q4,3.94447522875083
Q,BZ,Belize,2024-Q1,3.77404289039707
Q,BZ,Belize,2024-Q2,3.31695619228438
Q,BZ,Belize,2024-Q3,3.18389335204454
Q,BZ,Belize,2024-Q4,3.13879350580091
A,CA,Canada,2005,0.499517649324799
A,CA,Canada,2006,0.420325955427002
A,CA,Canada,2007,0.431596614050767
A,CA,Canada,2008,0.763250457412455
A,CA,Canada,2009,1.26687055816181
A,CA,Canada,2010,1.19245724160614
A,CA,Canada,2011,0.844688790542748
A,CA,Canada,2012,0.651152891186439
A,CA,Canada,2013,0.574918196148753
A,CA,Canada,2014,0.517878594833065
A,CA,Canada,2015,0.516596294246744
A,CA,Canada,2016,0.596050944805398
A,CA,Canada,2017,0.449461039885322
A,CA,Canada,2018,0.505214192405336
A,CA,Canada,2019,0.503405461160356
A,CA,Canada,2020,0.529013916915578
A,CA,Canada,2021,0.376260029910392
A,CA,Canada,2022,0.334331435857722
A,CA,Canada,2023,0.454242517964679
A,CA,Canada,2024,0.568217789512917
Q,CA,Canada,2005-Q1,0.652045738995772
Q,CA,Canada,2005-Q2,0.587587773563124
Q,CA,Canada,2005-Q3,0.532291005556521
Q,CA,Canada,2005-Q4,0.499517649324799
Q,CA,Canada,2006-Q1,0.477055646332169
Q,CA,Canada,2006-Q2,0.466533294952418
Q,CA,Canada,2006-Q3,0.42872768953536
Q,CA,Canada,2006-Q4,0.420325955427002
Q,CA,Canada,2007-Q1,0.44377631411995
Q,CA,Canada,2007-Q2,0.430010322003345
Q,CA,Canada,2007-Q3,0.407669185898988
Q,CA,Canada,2007-Q4,0.431596614050767
Q,CA,Canada,2008-Q1,0.527204132207336
Q,CA,Canada,2008-Q2,0.601045030069875
Q,CA,Canada,2008-Q3,0.616963000782997
Q,CA,Canada,2008-Q4,0.763250457412455
Q,CA,Canada,2009-Q1,0.918001774058415
Q,CA,Canada,2009-Q2,1.07439373790979
Q,CA,Canada,2009-Q3,1.15475313391543
Q,CA,Canada,2009-Q4,1.26687055816181
Q,CA,Canada,2010-Q1,1.25907995057556
Q,CA,Canada,2010-Q2,1.33037378331005
Q,CA,Canada,2010-Q3,1.28614046792897
Q,CA,Canada,2010-Q4,1.19245724160614
Q,CA,Canada,2011-Q1,1.15646667747304
Q,CA,Canada,2011-Q2,1.07301971357103
Q,CA,Canada,2011-Q3,0.917430447072132
Q,CA,Canada,2011-Q4,0.844688790542748
Q,CA,Canada,2012-Q1,0.676618745537102
Q,CA,Canada,2012-Q2,0.665795270104614
Q,CA,Canada,2012-Q3,0.643125576113531
Q,CA,Canada,2012-Q4,0.651152891186439
Q,CA,Canada,2013-Q1,0.622796036838466
Q,CA,Canada,2013-Q2,0.6029416734822
Q,CA,Canada,2013-Q3,0.584452566887343
Q,CA,Canada,2013-Q4,0.574918196148753
Q,CA,Canada,2014-Q1,0.566574719605451
Q,CA,Canada,2014-Q2,0.542058688249749
Q,CA,Canada,2014-Q3,0.509632019421368
Q,CA,Canada,2014-Q4,0.517878594833065
Q,CA,Canada,2015-Q1,0.525338692238363
Q,CA,Canada,2015-Q2,0.511769750199533
Q,CA,Canada,2015-Q3,0.525134525133636
Q,CA,Canada,2015-Q4,0.516596294246744
Q,CA,Canada,2016-Q1,0.557732986149003
Q,CA,Canada,2016-Q2,0.605630080418503
Q,CA,Canada,2016-Q3,0.598026929568524
Q,CA,Canada,2016-Q4,0.596050944805398
Q,CA,Canada,2017-Q1,0.547163555364786
Q,CA,Canada,2017-Q2,0.516434844336359
Q,CA,Canada,2017-Q3,0.47184936136659
Q,CA,Canada,2017-Q4,0.449461039885322
Q,CA,Canada,2018-Q1,0.547341945614754
Q,CA,Canada,2018-Q2,0.539742689903295
Q,CA,Canada,2018-Q3,0.526708473412236
Q,CA,Canada,2018-Q4,0.505214192405336
Q,CA,Canada,2019-Q1,0.52887995832967
Q,CA,Canada,2019-Q2,0.531443281551325
Q,CA,Canada,2019-Q3,0.5102434920163
Q,CA,Canada,2019-Q4,0.503405461160356
Q,CA,Canada,2020-Q1,0.493741557054092
Q,CA,Canada,2020-Q2,0.535923137991132
Q,CA,Canada,2020-Q3,0.588261170869972
Q,CA,Canada,2020-Q4,0.529013916915578
Q,CA,Canada,2021-Q1,0.514436383484693
Q,CA,Canada,2021-Q2,0.475266300783305
Q,CA,Canada,2021-Q3,0.414835429664051
Q,CA,Canada,2021-Q4,0.376260029910392
Q,CA,Canada,2022-Q1,0.360522112517293
Q,CA,Canada,2022-Q2,0.333450022893095
Q,CA,Canada,2022-Q3,0.3191557061732
Q,CA,Canada,2022-Q4,0.334331435857722
Q,CA,Canada,2023-Q1,0.353194079948523
Q,CA,Canada,2023-Q2,0.374093590660852
Q,CA,Canada,2023-Q3,0.400239378595876
Q,CA,Canada,2023-Q4,0.454242517964679
Q,CA,Canada,2024-Q1,0.480002382768049
Q,CA,Canada,2024-Q2,0.52688828895421
Q,CA,Canada,2024-Q3,0.554805122118585
Q,CA,Canada,2024-Q4,0.568217789512917
Q,CA,Canada,2025-Q1,0.656685599886814
A,CD,"Congo, the Democratic Republic of the",2018,6.49461660400752
A,CD,"Congo, the Democratic Republic of the",2019,5.51099256747337
A,CD,"Congo, the Democratic Republic of the",2020,7.69644698682478
A,CD,"Congo, the Democratic Republic of the",2021,5.20175859787542
A,CD,"Congo, the Democratic Republic of the",2022,7.43429969657724
A,CD,"Congo, the Democratic Republic of the",2023,6.56280017814422
A,CD,"Congo, the Democratic Republic of the",2024,6.32202473874535
Q,CD,"Congo, the Democratic Republic of the",2018-Q1,12.5283987511084
Q,CD,"Congo, the Democratic Republic of the",2018-Q2,9.97397017252485
Q,CD,"Congo, the Democratic Republic of the",2018-Q3,9.302168890886
Q,CD,"Congo, the Democratic Republic of the",2018-Q4,6.49461660400752
Q,CD,"Congo, the Democratic Republic of the",2019-Q1,6.04751182421259
Q,CD,"Congo, the Democratic Republic of the",2019-Q2,5.05823084316812
Q,CD,"Congo, the Democratic Republic of the",2019-Q3,5.69838461822849
Q,CD,"Congo, the Democratic Republic of the",2019-Q4,5.51099256747337
Q,CD,"Congo, the Democratic Republic of the",2020-Q1,5.96355911524216
Q,CD,"Congo, the Democratic Republic of the",2020-Q2,7.43428294514207
Q,CD,"Congo, the Democratic Republic of the",2020-Q3,8.11659970871047
Q,CD,"Congo, the Democratic Republic of the",2020-Q4,7.69644698682478
Q,CD,"Congo, the Democratic Republic of the",2021-Q1,8.29527574342743
Q,CD,"Congo, the Democratic Republic of the",2021-Q2,7.82180667748233
Q,CD,"Congo, the Democratic Republic of the",2021-Q3,7.138013052678
Q,CD,"Congo, the Democratic Republic of the",2021-Q4,5.20175859787542
Q,CD,"Congo, the Democratic Republic of the",2022-Q1,9.23390277269267
Q,CD,"Congo, the Democratic Republic of the",2022-Q2,7.37907156820885
Q,CD,"Congo, the Democratic Republic of the",2022-Q3,8.44646966555412
Q,CD,"Congo, the Democratic Republic of the",2022-Q4,7.43429969657724
Q,CD,"Congo, the Democratic Republic of the",2023-Q1,8.15982845718613
Q,CD,"Congo, the Democratic Republic of the",2023-Q2,6.50868080173636
Q,CD,"Congo, the Democratic Republic of the",2023-Q3,6.92775356520649
Q,CD,"Congo, the Democratic Republic of the",2023-Q4,6.56280017814422
Q,CD,"Congo, the Democratic Republic of the",2024-Q1,7.49740583219441
Q,CD,"Congo, the Democratic Republic of the",2024-Q2,6.68255230246297
Q,CD,"Congo, the Democratic Republic of the",2024-Q3,5.58420442519603
Q,CD,"Congo, the Democratic Republic of the",2024-Q4,6.32202473874535
A,CF,Central African Republic,2010,12.638013591562
A,CF,Central African Republic,2011,11.9962582990471
A,CF,Central African Republic,2012,9.58298323972936
A,CF,Central African Republic,2013,28.5015872065165
A,CF,Central African Republic,2014,27.6621674747739
A,CF,Central African Republic,2015,31.2598192585033
A,CF,Central African Republic,2016,26.2047010070135
A,CF,Central African Republic,2017,25.1314932281845
A,CF,Central African Republic,2018,17.6386369565086
A,CF,Central African Republic,2019,16.0635781639282
A,CF,Central African Republic,2020,17.4533882746522
A,CF,Central African Republic,2021,13.9378377234442
A,CF,Central African Republic,2022,14.510900682669
A,CF,Central African Republic,2023,16.2214322902641
Q,CF,Central African Republic,2010-Q1,16.8873291859414
Q,CF,Central African Republic,2010-Q2,16.2302818395869
Q,CF,Central African Republic,2010-Q3,13.7333643388666
Q,CF,Central African Republic,2010-Q4,12.638013591562
Q,CF,Central African Republic,2011-Q1,13.5476957795871
Q,CF,Central African Republic,2011-Q2,11.4862687797385
Q,CF,Central African Republic,2011-Q3,10.1780313445147
Q,CF,Central African Republic,2011-Q4,11.9962582990471
Q,CF,Central African Republic,2012-Q1,10.1909943739629
Q,CF,Central African Republic,2012-Q2,10.7481863293502
Q,CF,Central African Republic,2012-Q3,9.64201996065012
Q,CF,Central African Republic,2012-Q4,9.58298323972936
Q,CF,Central African Republic,2013-Q1,11.5035350171628
Q,CF,Central African Republic,2013-Q2,12.0030368038336
Q,CF,Central African Republic,2013-Q3,20.7413041570371
Q,CF,Central African Republic,2013-Q4,28.5015872065165
Q,CF,Central African Republic,2014-Q1,28.8931484086321
Q,CF,Central African Republic,2014-Q2,29.7536863778121
Q,CF,Central African Republic,2014-Q3,27.8312148918161
Q,CF,Central African Republic,2014-Q4,27.6621674747739
Q,CF,Central African Republic,2015-Q1,29.5904500519598
Q,CF,Central African Republic,2015-Q2,29.8267034265459
Q,CF,Central African Republic,2015-Q3,29.5981619788837
Q,CF,Central African Republic,2015-Q4,31.2598192585033
Q,CF,Central African Republic,2016-Q1,29.3834960750527
Q,CF,Central African Republic,2016-Q2,29.0488035325196
Q,CF,Central African Republic,2016-Q3,26.587473643572
Q,CF,Central African Republic,2016-Q4,26.2047010070135
Q,CF,Central African Republic,2017-Q1,25.5369608874438
Q,CF,Central African Republic,2017-Q2,30.3396534201617
Q,CF,Central African Republic,2017-Q3,25.5667276668445
Q,CF,Central African Republic,2017-Q4,25.1314932281845
Q,CF,Central African Republic,2018-Q1,23.4946288904034
Q,CF,Central African Republic,2018-Q2,23.6533267203303
Q,CF,Central African Republic,2018-Q3,22.5892069178993
Q,CF,Central African Republic,2018-Q4,17.6386369565086
Q,CF,Central African Republic,2019-Q1,18.831860665412
Q,CF,Central African Republic,2019-Q2,21.5969649860213
Q,CF,Central African Republic,2019-Q3,21.0297039632446
Q,CF,Central African Republic,2019-Q4,16.0635781639282
Q,CF,Central African Republic,2020-Q1,15.9219630999118
Q,CF,Central African Republic,2020-Q2,18.5136284006595
Q,CF,Central African Republic,2020-Q3,18.6359466428642
Q,CF,Central African Republic,2020-Q4,17.4533882746522
Q,CF,Central African Republic,2021-Q1,16.5978472045589
Q,CF,Central African Republic,2021-Q2,16.2216574804449
Q,CF,Central African Republic,2021-Q3,15.5478366721585
Q,CF,Central African Republic,2021-Q4,13.9378377234442
Q,CF,Central African Republic,2022-Q1,14.7571327986963
Q,CF,Central African Republic,2022-Q2,13.0336435608487
Q,CF,Central African Republic,2022-Q3,13.756879774686
Q,CF,Central African Republic,2022-Q4,14.510900682669
Q,CF,Central African Republic,2023-Q1,15.0784352305656
Q,CF,Central African Republic,2023-Q2,15.232126595763
Q,CF,Central African Republic,2023-Q3,15.7704363533329
Q,CF,Central African Republic,2023-Q4,16.2214322902641
A,CG,Congo,2010,0.964372338705331
A,CG,Congo,2011,1.07808702532923
A,CG,Congo,2012,1.51931505916018
A,CG,Congo,2013,1.22487549179256
A,CG,Congo,2014,2.50606339593933
A,CG,Congo,2015,5.01373177844613
A,CG,Congo,2016,8.01816705884771
A,CG,Congo,2017,16.1856323709695
A,CG,Congo,2018,22.5082054469901
A,CG,Congo,2019,27.5398328198889
A,CG,Congo,2020,21.0468326170321
A,CG,Congo,2021,16.8549449073286
A,CG,Congo,2022,16.8267116551663
A,CG,Congo,2023,15.2215059695211
Q,CG,Congo,2010-Q1,0.859126451083806
Q,CG,Congo,2010-Q2,0.927417425559401
Q,CG,Congo,2010-Q3,0.722644002378732
Q,CG,Congo,2010-Q4,0.964372338705331
Q,CG,Congo,2011-Q1,1.2614168369745
Q,CG,Congo,2011-Q2,0.994041133664232
Q,CG,Congo,2011-Q3,0.790946167291435
Q,CG,Congo,2011-Q4,1.07808702532923
Q,CG,Congo,2012-Q1,0.944188259679175
Q,CG,Congo,2012-Q2,1.22819768276286
Q,CG,Congo,2012-Q3,1.48838086573506
Q,CG,Congo,2012-Q4,1.51931505916018
Q,CG,Congo,2013-Q1,1.69192805533678
Q,CG,Congo,2013-Q2,1.38833538018592
Q,CG,Congo,2013-Q3,1.44440870323999
Q,CG,Congo,2013-Q4,1.22487549179256
Q,CG,Congo,2014-Q1,1.4182794951491
Q,CG,Congo,2014-Q2,1.69521134301065
Q,CG,Congo,2014-Q3,1.64730229170953
Q,CG,Congo,2014-Q4,2.50606339593933
Q,CG,Congo,2015-Q1,4.11514441312515
Q,CG,Congo,2015-Q2,3.76755141957073
Q,CG,Congo,2015-Q3,4.06910463422205
Q,CG,Congo,2015-Q4,5.01373177844613
Q,CG,Congo,2016-Q1,6.37864327909534
Q,CG,Congo,2016-Q2,11.1705628462386
Q,CG,Congo,2016-Q3,8.97185207184292
Q,CG,Congo,2016-Q4,8.01816705884771
Q,CG,Congo,2017-Q1,11.9521194960696
Q,CG,Congo,2017-Q2,15.1294488206582
Q,CG,Congo,2017-Q3,17.3958446144875
Q,CG,Congo,2017-Q4,16.1856323709695
Q,CG,Congo,2018-Q1,19.4898756136952
Q,CG,Congo,2018-Q2,20.8259838305661
Q,CG,Congo,2018-Q3,21.3531417844457
Q,CG,Congo,2018-Q4,22.5082054469901
Q,CG,Congo,2019-Q1,23.798172265042
Q,CG,Congo,2019-Q2,24.0991308956802
Q,CG,Congo,2019-Q3,26.9417811035277
Q,CG,Congo,2019-Q4,27.5398328198889
Q,CG,Congo,2020-Q1,27.5100837194857
Q,CG,Congo,2020-Q2,28.8408662520247
Q,CG,Congo,2020-Q3,28.4746255317147
Q,CG,Congo,2020-Q4,21.0468326170321
Q,CG,Congo,2021-Q1,19.4847404266034
Q,CG,Congo,2021-Q2,20.6106639687118
Q,CG,Congo,2021-Q3,19.153458406904
Q,CG,Congo,2021-Q4,16.8549449073286
Q,CG,Congo,2022-Q1,17.8457556612578
Q,CG,Congo,2022-Q2,18.6179200680367
Q,CG,Congo,2022-Q3,18.9931680360486
Q,CG,Congo,2022-Q4,16.8267116551663
Q,CG,Congo,2023-Q1,18.8260365459425
Q,CG,Congo,2023-Q2,16.9753450513153
Q,CG,Congo,2023-Q3,16.2259935129643
Q,CG,Congo,2023-Q4,15.2215059695211
A,CH,Switzerland,2005,1.23094696053995
A,CH,Switzerland,2006,0.907507444103247
A,CH,Switzerland,2007,0.742070155737349
A,CH,Switzerland,2008,0.886250842943545
A,CH,Switzerland,2009,1.01055452256895
A,CH,Switzerland,2010,0.84498358262328
A,CH,Switzerland,2011,0.798863737604319
A,CH,Switzerland,2012,0.76405025144117
A,CH,Switzerland,2013,0.750862344440605
A,CH,Switzerland,2014,0.702430455095103
A,CH,Switzerland,2015,0.736258568730844
A,CH,Switzerland,2016,0.72973105534565
A,CH,Switzerland,2017,0.644092865487904
A,CH,Switzerland,2018,0.66888602306902
A,CH,Switzerland,2019,0.644681878171941
A,CH,Switzerland,2020,0.754607674363498
A,CH,Switzerland,2021,0.664684261351734
A,CH,Switzerland,2022,0.685275122945015
A,CH,Switzerland,2023,0.758483325820007
A,CH,Switzerland,2024,0.867773195804595
Q,CH,Switzerland,2005-Q4,1.23094696053995
Q,CH,Switzerland,2006-Q4,0.907507444103247
Q,CH,Switzerland,2007-Q4,0.742070155737349
Q,CH,Switzerland,2008-Q4,0.886250842943545
Q,CH,Switzerland,2009-Q4,1.01055452256895
Q,CH,Switzerland,2010-Q1,0.949515203978282
Q,CH,Switzerland,2010-Q2,0.937418479180433
Q,CH,Switzerland,2010-Q3,0.90245368411346
Q,CH,Switzerland,2010-Q4,0.84498358262328
Q,CH,Switzerland,2011-Q1,0.842299155152556
Q,CH,Switzerland,2011-Q2,0.857179526319145
Q,CH,Switzerland,2011-Q3,0.854347863745281
Q,CH,Switzerland,2011-Q4,0.798863737604319
Q,CH,Switzerland,2012-Q1,0.799107484745444
Q,CH,Switzerland,2012-Q2,0.806599082456074
Q,CH,Switzerland,2012-Q3,0.782845281788369
Q,CH,Switzerland,2012-Q4,0.76405025144117
Q,CH,Switzerland,2013-Q1,0.802379552114516
Q,CH,Switzerland,2013-Q2,0.763855321737633
Q,CH,Switzerland,2013-Q3,0.76083680831101
Q,CH,Switzerland,2013-Q4,0.750862344440605
Q,CH,Switzerland,2014-Q1,0.731716400368851
Q,CH,Switzerland,2014-Q2,0.717107230771629
Q,CH,Switzerland,2014-Q3,0.713528828214466
Q,CH,Switzerland,2014-Q4,0.702430455095103
Q,CH,Switzerland,2015-Q1,0.68931232459354
Q,CH,Switzerland,2015-Q2,0.685379324156925
Q,CH,Switzerland,2015-Q3,0.666490221113752
Q,CH,Switzerland,2015-Q4,0.736258568730844
Q,CH,Switzerland,2016-Q1,0.739588195597305
Q,CH,Switzerland,2016-Q2,0.757877158824785
Q,CH,Switzerland,2016-Q3,0.751090150488493
Q,CH,Switzerland,2016-Q4,0.72973105534565
Q,CH,Switzerland,2017-Q1,0.728599354515796
Q,CH,Switzerland,2017-Q2,0.719476693949278
Q,CH,Switzerland,2017-Q3,0.698525979083116
Q,CH,Switzerland,2017-Q4,0.644092865487904
Q,CH,Switzerland,2018-Q1,0.65266515550834
Q,CH,Switzerland,2018-Q2,0.671410431499208
Q,CH,Switzerland,2018-Q3,0.656584096239754
Q,CH,Switzerland,2018-Q4,0.66888602306902
Q,CH,Switzerland,2019-Q1,0.663388288989956
Q,CH,Switzerland,2019-Q2,0.637514207009486
Q,CH,Switzerland,2019-Q3,0.641463635986891
Q,CH,Switzerland,2019-Q4,0.644681878171941
Q,CH,Switzerland,2020-Q1,0.622954743052263
Q,CH,Switzerland,2020-Q2,0.645790901249471
Q,CH,Switzerland,2020-Q3,0.667672076473592
Q,CH,Switzerland,2020-Q4,0.754607674363498
Q,CH,Switzerland,2021-Q1,0.702541489990804
Q,CH,Switzerland,2021-Q2,0.727209690742798
Q,CH,Switzerland,2021-Q3,0.684245492160199
Q,CH,Switzerland,2021-Q4,0.664684261351734
Q,CH,Switzerland,2022-Q1,0.654359923874707
Q,CH,Switzerland,2022-Q2,0.650903118559145
Q,CH,Switzerland,2022-Q3,0.639387747175991
Q,CH,Switzerland,2022-Q4,0.685275122945015
Q,CH,Switzerland,2023-Q1,0.661001049232694
Q,CH,Switzerland,2023-Q2,0.682989468661866
Q,CH,Switzerland,2023-Q3,0.741674700464707
Q,CH,Switzerland,2023-Q4,0.758483325820007
Q,CH,Switzerland,2024-Q1,0.800323374502616
Q,CH,Switzerland,2024-Q2,0.789725312968553
Q,CH,Switzerland,2024-Q3,0.802405975613978
Q,CH,Switzerland,2024-Q4,0.867773195804595
A,CL,Chile,2001,1.61915877786992
A,CL,Chile,2002,1.8229968378738
A,CL,Chile,2003,1.63483787843428
A,CL,Chile,2004,1.20249750508307
A,CL,Chile,2005,0.905289363028412
A,CL,Chile,2006,0.748131241077717
A,CL,Chile,2007,0.750701584683206
A,CL,Chile,2008,0.963982159718427
A,CL,Chile,2009,2.87804131970691
A,CL,Chile,2010,2.64236372125984
A,CL,Chile,2011,2.29689810626242
A,CL,Chile,2012,2.06521444417698
A,CL,Chile,2013,1.95980657852685
A,CL,Chile,2014,1.92055529368576
A,CL,Chile,2015,1.71974445235599
A,CL,Chile,2016,1.83263616219253
A,CL,Chile,2017,1.91636250925282
A,CL,Chile,2018,1.87201462093851
A,CL,Chile,2019,2.05504919265993
A,CL,Chile,2020,1.55298924761219
A,CL,Chile,2021,1.22877234927757
A,CL,Chile,2022,1.66548621052272
A,CL,Chile,2023,2.10437903634883
A,CL,Chile,2024,2.34248545083061
Q,CL,Chile,2001-Q1,1.83305379138587
Q,CL,Chile,2001-Q2,1.84208181268472
Q,CL,Chile,2001-Q3,1.81896700292148
Q,CL,Chile,2001-Q4,1.61915877786992
Q,CL,Chile,2002-Q1,1.73872280947515
Q,CL,Chile,2002-Q2,1.77923391361788
Q,CL,Chile,2002-Q3,1.85882852612718
Q,CL,Chile,2002-Q4,1.8229968378738
Q,CL,Chile,2003-Q1,1.89551878458681
Q,CL,Chile,2003-Q2,1.88836000283558
Q,CL,Chile,2003-Q3,1.82202494976825
Q,CL,Chile,2003-Q4,1.63483787843428
Q,CL,Chile,2004-Q1,1.57029800072274
Q,CL,Chile,2004-Q2,1.48800388509341
Q,CL,Chile,2004-Q3,1.38821527864755
Q,CL,Chile,2004-Q4,1.20249750508307
Q,CL,Chile,2005-Q1,1.20000512118353
Q,CL,Chile,2005-Q2,1.1034296163042
Q,CL,Chile,2005-Q3,1.01175647260096
Q,CL,Chile,2005-Q4,0.905289363028412
Q,CL,Chile,2006-Q1,0.886974678573905
Q,CL,Chile,2006-Q2,0.823829206168619
Q,CL,Chile,2006-Q3,0.7858958593546
Q,CL,Chile,2006-Q4,0.748131241077717
Q,CL,Chile,2007-Q1,0.776211966283653
Q,CL,Chile,2007-Q2,0.810894445156199
Q,CL,Chile,2007-Q3,0.800871751794527
Q,CL,Chile,2007-Q4,0.750701584683206
Q,CL,Chile,2008-Q1,0.841464742108666
Q,CL,Chile,2008-Q2,0.859743215525822
Q,CL,Chile,2008-Q3,0.894820472615052
Q,CL,Chile,2008-Q4,0.963982159718427
Q,CL,Chile,2009-Q1,2.66401367006706
Q,CL,Chile,2009-Q2,2.9724768669346
Q,CL,Chile,2009-Q3,3.22298441884861
Q,CL,Chile,2009-Q4,2.87804131970691
Q,CL,Chile,2010-Q1,2.99023571326397
Q,CL,Chile,2010-Q2,3.20580090414534
Q,CL,Chile,2010-Q3,2.77862997935675
Q,CL,Chile,2010-Q4,2.64236372125984
Q,CL,Chile,2011-Q1,2.54458835488514
Q,CL,Chile,2011-Q2,2.45691756577807
Q,CL,Chile,2011-Q3,2.38752774247066
Q,CL,Chile,2011-Q4,2.29689810626242
Q,CL,Chile,2012-Q1,2.49886432721528
Q,CL,Chile,2012-Q2,2.32131414112465
Q,CL,Chile,2012-Q3,2.170136416987
Q,CL,Chile,2012-Q4,2.06521444417698
Q,CL,Chile,2013-Q1,2.11865761876854
Q,CL,Chile,2013-Q2,2.09879208778758
Q,CL,Chile,2013-Q3,2.01122204111372
Q,CL,Chile,2013-Q4,1.95980657852685
Q,CL,Chile,2014-Q1,1.97134114971919
Q,CL,Chile,2014-Q2,2.00569082772631
Q,CL,Chile,2014-Q3,1.95203603742358
Q,CL,Chile,2014-Q4,1.92055529368576
Q,CL,Chile,2015-Q1,1.92628244282516
Q,CL,Chile,2015-Q2,1.89550717570848
Q,CL,Chile,2015-Q3,1.82640197781587
Q,CL,Chile,2015-Q4,1.71974445235599
Q,CL,Chile,2016-Q1,1.93068242103161
Q,CL,Chile,2016-Q2,1.78522758290414
Q,CL,Chile,2016-Q3,1.80677037685119
Q,CL,Chile,2016-Q4,1.83263616219253
Q,CL,Chile,2017-Q1,1.98237660533917
Q,CL,Chile,2017-Q2,1.84428143311439
Q,CL,Chile,2017-Q3,1.85291706918595
Q,CL,Chile,2017-Q4,1.91636250925282
Q,CL,Chile,2018-Q1,1.94576112344613
Q,CL,Chile,2018-Q2,1.90354191979581
Q,CL,Chile,2018-Q3,1.91817123247774
Q,CL,Chile,2018-Q4,1.87201462093851
Q,CL,Chile,2019-Q1,1.92323200088481
Q,CL,Chile,2019-Q2,1.875373291663
Q,CL,Chile,2019-Q3,1.88671320807432
Q,CL,Chile,2019-Q4,2.05504919265993
Q,CL,Chile,2020-Q1,2.00829662547787
Q,CL,Chile,2020-Q2,1.99512042432446
Q,CL,Chile,2020-Q3,1.72287316330431
Q,CL,Chile,2020-Q4,1.55298924761219
Q,CL,Chile,2021-Q1,1.5189485407111
Q,CL,Chile,2021-Q2,1.49662205852592
Q,CL,Chile,2021-Q3,1.39808463355908
Q,CL,Chile,2021-Q4,1.22877234927757
Q,CL,Chile,2022-Q1,1.25589207790233
Q,CL,Chile,2022-Q2,1.38841473712056
Q,CL,Chile,2022-Q3,1.49605824930977
Q,CL,Chile,2022-Q4,1.66548621052272
Q,CL,Chile,2023-Q1,1.82448846481624
Q,CL,Chile,2023-Q2,1.90775461585396
Q,CL,Chile,2023-Q3,1.98995033614393
Q,CL,Chile,2023-Q4,2.10437903634883
Q,CL,Chile,2024-Q1,2.21832453271499
Q,CL,Chile,2024-Q2,2.27656703062186
Q,CL,Chile,2024-Q3,2.36228246801871
Q,CL,Chile,2024-Q4,2.34248545083061
Q,CL,Chile,2025-Q1,2.28161857771588
A,CM,Cameroon,2010,10.1013484732753
A,CM,Cameroon,2011,11.4467110822484
A,CM,Cameroon,2012,11.5528007091671
A,CM,Cameroon,2013,10.2953314100547
A,CM,Cameroon,2014,9.7016869901582
A,CM,Cameroon,2015,12.2970549521794
A,CM,Cameroon,2016,13.5465466235614
A,CM,Cameroon,2017,12.4270657402459
A,CM,Cameroon,2018,14.8202941618677
A,CM,Cameroon,2019,14.7062901414394
A,CM,Cameroon,2020,15.7854866930612
A,CM,Cameroon,2021,14.0710328363883
A,CM,Cameroon,2022,13.0335434836112
A,CM,Cameroon,2023,12.8860295558918
Q,CM,Cameroon,2010-Q1,8.7812023938341
Q,CM,Cameroon,2010-Q2,8.28970137458806
Q,CM,Cameroon,2010-Q3,8.41534023360526
Q,CM,Cameroon,2010-Q4,10.1013484732753
Q,CM,Cameroon,2011-Q1,10.7646328115675
Q,CM,Cameroon,2011-Q2,10.079896311666
Q,CM,Cameroon,2011-Q3,11.3712814876829
Q,CM,Cameroon,2011-Q4,11.4467110822484
Q,CM,Cameroon,2012-Q1,9.95777171711129
Q,CM,Cameroon,2012-Q2,10.3601991071449
Q,CM,Cameroon,2012-Q3,10.4583290665184
Q,CM,Cameroon,2012-Q4,11.5528007091671
Q,CM,Cameroon,2013-Q1,11.0997212869511
Q,CM,Cameroon,2013-Q2,10.9193642493343
Q,CM,Cameroon,2013-Q3,10.7446148040135
Q,CM,Cameroon,2013-Q4,10.2953314100547
Q,CM,Cameroon,2014-Q1,8.73303029720605
Q,CM,Cameroon,2014-Q2,8.66944044120668
Q,CM,Cameroon,2014-Q3,9.83189590008886
Q,CM,Cameroon,2014-Q4,9.7016869901582
Q,CM,Cameroon,2015-Q1,12.720887650571
Q,CM,Cameroon,2015-Q2,12.6872256031873
Q,CM,Cameroon,2015-Q3,12.2836197215925
Q,CM,Cameroon,2015-Q4,12.2970549521794
Q,CM,Cameroon,2016-Q1,13.6719505546162
Q,CM,Cameroon,2016-Q2,13.5121433220293
Q,CM,Cameroon,2016-Q3,13.2250558165245
Q,CM,Cameroon,2016-Q4,13.5465466235614
Q,CM,Cameroon,2017-Q1,13.4039090187749
Q,CM,Cameroon,2017-Q2,13.326711025586
Q,CM,Cameroon,2017-Q3,12.6852874654568
Q,CM,Cameroon,2017-Q4,12.4270657402459
Q,CM,Cameroon,2018-Q1,14.1814206307288
Q,CM,Cameroon,2018-Q2,14.1496560289039
Q,CM,Cameroon,2018-Q3,14.9933067763055
Q,CM,Cameroon,2018-Q4,14.8202941618677
Q,CM,Cameroon,2019-Q1,15.4872549450425
Q,CM,Cameroon,2019-Q2,16.1365418850449
Q,CM,Cameroon,2019-Q3,15.9984182648782
Q,CM,Cameroon,2019-Q4,14.7062901414394
Q,CM,Cameroon,2020-Q1,16.3251929113321
Q,CM,Cameroon,2020-Q2,15.8333965183462
Q,CM,Cameroon,2020-Q3,15.0815792900409
Q,CM,Cameroon,2020-Q4,15.7854866930612
Q,CM,Cameroon,2021-Q1,15.5835635081337
Q,CM,Cameroon,2021-Q2,16.0369203353214
Q,CM,Cameroon,2021-Q3,16.2605509060716
Q,CM,Cameroon,2021-Q4,14.0710328363883
Q,CM,Cameroon,2022-Q1,14.9504358512171
Q,CM,Cameroon,2022-Q2,14.1709195155194
Q,CM,Cameroon,2022-Q3,14.3272804696418
Q,CM,Cameroon,2022-Q4,13.0335434836112
Q,CM,Cameroon,2023-Q1,13.6320906230096
Q,CM,Cameroon,2023-Q2,15.3768291748264
Q,CM,Cameroon,2023-Q3,14.8942906651712
Q,CM,Cameroon,2023-Q4,12.8860295558918
A,CN,China,2010,1.13237045139299
A,CN,China,2011,0.961585528954036
A,CN,China,2012,0.953674330051852
A,CN,China,2013,0.999702805112438
A,CN,China,2014,1.24873335628106
A,CN,China,2015,1.67388016445151
A,CN,China,2016,1.74447934478824
A,CN,China,2017,1.74435460635256
A,CN,China,2018,1.83294883223349
A,CN,China,2019,1.86175485330958
A,CN,China,2020,1.83961969163289
A,CN,China,2021,1.72739169215062
A,CN,China,2022,1.63239836873406
A,CN,China,2023,1.59268926761592
A,CN,China,2024,1.50455245481593
Q,CN,China,2015-Q2,1.49967186035589
Q,CN,China,2015-Q4,1.67388016445151
Q,CN,China,2016-Q2,1.7467284950583
Q,CN,China,2016-Q4,1.74447934478824
Q,CN,China,2017-Q2,1.74358005936079
Q,CN,China,2017-Q4,1.74435460635256
Q,CN,China,2018-Q2,1.863579077183
Q,CN,China,2018-Q4,1.83294883223349
Q,CN,China,2019-Q1,1.79777004593407
Q,CN,China,2019-Q2,1.80957505791077
Q,CN,China,2019-Q3,1.86225983512387
Q,CN,China,2019-Q4,1.86175485330958
Q,CN,China,2020-Q1,1.91138349541726
Q,CN,China,2020-Q2,1.94048554656415
Q,CN,China,2020-Q3,1.96177059737996
Q,CN,China,2020-Q4,1.83961969163289
Q,CN,China,2021-Q1,1.80344414335053
Q,CN,China,2021-Q2,1.75560831727587
Q,CN,China,2021-Q3,1.74683148580761
Q,CN,China,2021-Q4,1.72739169215062
Q,CN,China,2022-Q1,1.68823626007261
Q,CN,China,2022-Q2,1.66751640887585
Q,CN,China,2022-Q3,1.65765573723122
Q,CN,China,2022-Q4,1.63239836873406
Q,CN,China,2023-Q1,1.61879189111725
Q,CN,China,2023-Q2,1.62476074630244
Q,CN,China,2023-Q3,1.60977687418081
Q,CN,China,2023-Q4,1.59268926761592
Q,CN,China,2024-Q1,1.59133992185644
Q,CN,China,2024-Q2,1.55950408381256
Q,CN,China,2024-Q3,1.55993603883943
Q,CN,China,2024-Q4,1.50455245481593
Q,CN,China,2025-Q1,1.51332347476127
A,CO,Colombia,2005,2.74843383039405
A,CO,Colombia,2006,2.65981848339105
A,CO,Colombia,2007,3.22929327504345
A,CO,Colombia,2008,3.93217828600418
A,CO,Colombia,2009,4.01283835055224
A,CO,Colombia,2010,2.86337656354999
A,CO,Colombia,2011,2.49554384848147
A,CO,Colombia,2012,2.758458591123
A,CO,Colombia,2013,2.7753536292828
A,CO,Colombia,2014,2.91526084121936
A,CO,Colombia,2015,2.8476727881339
A,CO,Colombia,2016,3.12453653608401
A,CO,Colombia,2017,4.17978145473376
A,CO,Colombia,2018,3.42763699082025
A,CO,Colombia,2019,3.1496313020411
A,CO,Colombia,2020,3.67474893917793
A,CO,Colombia,2021,3.03403217872113
A,CO,Colombia,2022,2.46797285484093
A,CO,Colombia,2023,3.47221378199868
A,CO,Colombia,2024,3.54564358959851
Q,CO,Colombia,2005-Q1,3.99352908867761
Q,CO,Colombia,2005-Q2,3.71691211742837
Q,CO,Colombia,2005-Q3,3.73031511839746
Q,CO,Colombia,2005-Q4,2.74843383039405
Q,CO,Colombia,2006-Q1,2.98947322603013
Q,CO,Colombia,2006-Q2,2.83715027424038
Q,CO,Colombia,2006-Q3,2.78813783769364
Q,CO,Colombia,2006-Q4,2.65981848339105
Q,CO,Colombia,2007-Q1,2.81192648581252
Q,CO,Colombia,2007-Q2,2.98837235357656
Q,CO,Colombia,2007-Q3,3.13786100242843
Q,CO,Colombia,2007-Q4,3.22929327504345
Q,CO,Colombia,2008-Q1,3.79894216928892
Q,CO,Colombia,2008-Q2,3.79745476294993
Q,CO,Colombia,2008-Q3,3.98600766890174
Q,CO,Colombia,2008-Q4,3.93217828600418
Q,CO,Colombia,2009-Q1,4.39436808005529
Q,CO,Colombia,2009-Q2,4.46218982763803
Q,CO,Colombia,2009-Q3,4.37481815490799
Q,CO,Colombia,2009-Q4,4.01283835055224
Q,CO,Colombia,2010-Q1,4.26408721525566
Q,CO,Colombia,2010-Q2,3.8333749229574
Q,CO,Colombia,2010-Q3,3.41060974347401
Q,CO,Colombia,2010-Q4,2.86337656354999
Q,CO,Colombia,2011-Q1,3.00904797064085
Q,CO,Colombia,2011-Q2,2.81711155822787
Q,CO,Colombia,2011-Q3,2.82233464890347
Q,CO,Colombia,2011-Q4,2.49554384848147
Q,CO,Colombia,2012-Q1,2.77953247951512
Q,CO,Colombia,2012-Q2,2.85449212535074
Q,CO,Colombia,2012-Q3,2.90025474425371
Q,CO,Colombia,2012-Q4,2.758458591123
Q,CO,Colombia,2013-Q1,3.12762748753977
Q,CO,Colombia,2013-Q2,2.94206346521634
Q,CO,Colombia,2013-Q3,2.94342635681618
Q,CO,Colombia,2013-Q4,2.7753536292828
Q,CO,Colombia,2014-Q1,3.00331921198104
Q,CO,Colombia,2014-Q2,3.03949564225471
Q,CO,Colombia,2014-Q3,3.06808618319883
Q,CO,Colombia,2014-Q4,2.91526084121936
Q,CO,Colombia,2015-Q1,2.98493871376429
Q,CO,Colombia,2015-Q2,3.0634332725537
Q,CO,Colombia,2015-Q3,2.99630398449697
Q,CO,Colombia,2015-Q4,2.8476727881339
Q,CO,Colombia,2016-Q1,3.113637268666
Q,CO,Colombia,2016-Q2,3.01554250120399
Q,CO,Colombia,2016-Q3,3.19117799971934
Q,CO,Colombia,2016-Q4,3.12453653608401
Q,CO,Colombia,2017-Q1,3.84088606110243
Q,CO,Colombia,2017-Q2,4.10888977517059
Q,CO,Colombia,2017-Q3,4.30695273365099
Q,CO,Colombia,2017-Q4,4.17978145473376
Q,CO,Colombia,2018-Q1,3.23176358123213
Q,CO,Colombia,2018-Q2,3.53224477952915
Q,CO,Colombia,2018-Q3,3.62108026099086
Q,CO,Colombia,2018-Q4,3.42763699082025
Q,CO,Colombia,2019-Q1,3.37690488705647
Q,CO,Colombia,2019-Q2,3.39578918882495
Q,CO,Colombia,2019-Q3,3.23631406543488
Q,CO,Colombia,2019-Q4,3.1496313020411
Q,CO,Colombia,2020-Q1,3.26420004615998
Q,CO,Colombia,2020-Q2,3.20544591975107
Q,CO,Colombia,2020-Q3,3.07562817593982
Q,CO,Colombia,2020-Q4,3.67474893917793
Q,CO,Colombia,2021-Q1,3.63587513437625
Q,CO,Colombia,2021-Q2,3.4872173299955
Q,CO,Colombia,2021-Q3,3.24401408760287
Q,CO,Colombia,2021-Q4,3.03403217872113
Q,CO,Colombia,2022-Q1,2.83394309252953
Q,CO,Colombia,2022-Q2,2.68908273770341
Q,CO,Colombia,2022-Q3,2.56799268341167
Q,CO,Colombia,2022-Q4,2.46797285484093
Q,CO,Colombia,2023-Q1,2.74754900300574
Q,CO,Colombia,2023-Q2,3.12270726808927
Q,CO,Colombia,2023-Q3,3.30113303564515
Q,CO,Colombia,2023-Q4,3.47221378199868
Q,CO,Colombia,2024-Q1,3.57324958054552
Q,CO,Colombia,2024-Q2,3.5894707082516
Q,CO,Colombia,2024-Q3,3.68878437319826
Q,CO,Colombia,2024-Q4,3.54564358959851
Q,CO,Colombia,2025-Q1,3.4351826952113
Q,CO,Colombia,2025-Q2,3.30833614938436
A,CR,Costa Rica,2008,1.53566142380974
A,CR,Costa Rica,2009,2.05989758950483
A,CR,Costa Rica,2010,1.8552046455176
A,CR,Costa Rica,2011,1.81687656526001
A,CR,Costa Rica,2012,1.74515621736086
A,CR,Costa Rica,2013,1.74861174964302
A,CR,Costa Rica,2014,1.55295060069473
A,CR,Costa Rica,2015,1.66417841493179
A,CR,Costa Rica,2016,1.55323813386631
A,CR,Costa Rica,2017,2.05328160465289
A,CR,Costa Rica,2018,2.11773116690607
A,CR,Costa Rica,2019,2.39529605631216
A,CR,Costa Rica,2020,2.41359316382932
A,CR,Costa Rica,2021,2.25766935021348
A,CR,Costa Rica,2022,2.10881876900767
A,CR,Costa Rica,2023,1.96397268266407
Q,CR,Costa Rica,2008-Q1,1.25003274569746
Q,CR,Costa Rica,2008-Q2,1.20528476561507
Q,CR,Costa Rica,2008-Q3,1.27593090462621
Q,CR,Costa Rica,2008-Q4,1.53566142380974
Q,CR,Costa Rica,2009-Q1,1.84550781748134
Q,CR,Costa Rica,2009-Q2,2.09205992294779
Q,CR,Costa Rica,2009-Q3,2.17199091256132
Q,CR,Costa Rica,2009-Q4,2.05989758950483
Q,CR,Costa Rica,2010-Q1,2.23913394580003
Q,CR,Costa Rica,2010-Q2,2.30434595040054
Q,CR,Costa Rica,2010-Q3,2.14544855048639
Q,CR,Costa Rica,2010-Q4,1.8552046455176
Q,CR,Costa Rica,2011-Q1,1.92259077961162
Q,CR,Costa Rica,2011-Q2,2.10198693507487
Q,CR,Costa Rica,2011-Q3,2.04431948977991
Q,CR,Costa Rica,2011-Q4,1.81687656526001
Q,CR,Costa Rica,2012-Q1,1.84394101438784
Q,CR,Costa Rica,2012-Q2,1.86389348367929
Q,CR,Costa Rica,2012-Q3,1.75752237591102
Q,CR,Costa Rica,2012-Q4,1.74515621736086
Q,CR,Costa Rica,2013-Q1,1.82460399573022
Q,CR,Costa Rica,2013-Q2,1.88537459199774
Q,CR,Costa Rica,2013-Q3,1.88942001770087
Q,CR,Costa Rica,2013-Q4,1.74861174964302
Q,CR,Costa Rica,2014-Q1,1.63213923634974
Q,CR,Costa Rica,2014-Q2,1.60501871480983
Q,CR,Costa Rica,2014-Q3,1.66292935424879
Q,CR,Costa Rica,2014-Q4,1.55295060069473
Q,CR,Costa Rica,2015-Q1,1.59973731280988
Q,CR,Costa Rica,2015-Q2,1.61545905254048
Q,CR,Costa Rica,2015-Q3,1.68603524434441
Q,CR,Costa Rica,2015-Q4,1.66417841493179
Q,CR,Costa Rica,2016-Q1,1.67446775649073
Q,CR,Costa Rica,2016-Q2,1.63792281672123
Q,CR,Costa Rica,2016-Q3,1.6070249019429
Q,CR,Costa Rica,2016-Q4,1.55323813386631
Q,CR,Costa Rica,2017-Q1,1.55560080628204
Q,CR,Costa Rica,2017-Q2,1.6749270582699
Q,CR,Costa Rica,2017-Q3,1.89835430922491
Q,CR,Costa Rica,2017-Q4,2.05328160465289
Q,CR,Costa Rica,2018-Q1,2.02683862058288
Q,CR,Costa Rica,2018-Q2,2.39240563424347
Q,CR,Costa Rica,2018-Q3,2.55632854293036
Q,CR,Costa Rica,2018-Q4,2.11773116690607
Q,CR,Costa Rica,2019-Q1,2.11481656907063
Q,CR,Costa Rica,2019-Q2,2.31796438269503
Q,CR,Costa Rica,2019-Q3,2.44420715301671
Q,CR,Costa Rica,2019-Q4,2.39529605631216
Q,CR,Costa Rica,2020-Q1,2.44638316174672
Q,CR,Costa Rica,2020-Q2,2.43813605438814
Q,CR,Costa Rica,2020-Q3,2.60093184359723
Q,CR,Costa Rica,2020-Q4,2.41359316382932
Q,CR,Costa Rica,2021-Q1,2.35357428019798
Q,CR,Costa Rica,2021-Q2,2.60414364159779
Q,CR,Costa Rica,2021-Q3,2.47572068338099
Q,CR,Costa Rica,2021-Q4,2.25766935021348
Q,CR,Costa Rica,2022-Q1,2.25074561409116
Q,CR,Costa Rica,2022-Q2,2.24347635362148
Q,CR,Costa Rica,2022-Q3,2.19239992311105
Q,CR,Costa Rica,2022-Q4,2.10881876900767
Q,CR,Costa Rica,2023-Q1,1.95305996182914
Q,CR,Costa Rica,2023-Q2,1.98637884114638
Q,CR,Costa Rica,2023-Q3,1.96727943053632
Q,CR,Costa Rica,2023-Q4,1.96397268266407
Q,CR,Costa Rica,2024-Q1,2.1247030725211
Q,CR,Costa Rica,2024-Q2,2.25114115093231
Q,CR,Costa Rica,2024-Q3,2.13754143932075
A,CW,Curacao,2018,5.91086072611675
A,CW,Curacao,2019,5.79622081631151
A,CW,Curacao,2020,6.99961047658138
A,CW,Curacao,2021,6.73366837663148
A,CW,Curacao,2022,5.43582788722647
A,CW,Curacao,2023,3.89139794372106
A,CW,Curacao,2024,3.45079459943819
Q,CW,Curacao,2018-Q2,6.7669866315759
Q,CW,Curacao,2018-Q3,6.09552927199554
Q,CW,Curacao,2018-Q4,5.91086072611675
Q,CW,Curacao,2019-Q1,5.8184041160567
Q,CW,Curacao,2019-Q2,6.22139851671971
Q,CW,Curacao,2019-Q3,6.16378224395548
Q,CW,Curacao,2019-Q4,5.79622081631151
Q,CW,Curacao,2020-Q1,5.45240116021814
Q,CW,Curacao,2020-Q2,6.46035005659546
Q,CW,Curacao,2020-Q3,5.77468387464009
Q,CW,Curacao,2020-Q4,6.99961047658138
Q,CW,Curacao,2021-Q1,7.62235428851727
Q,CW,Curacao,2021-Q2,7.48240871573021
Q,CW,Curacao,2021-Q3,7.819521301075
Q,CW,Curacao,2021-Q4,6.73366837663148
Q,CW,Curacao,2022-Q1,6.8184269192883
Q,CW,Curacao,2022-Q2,6.435985548499
Q,CW,Curacao,2022-Q3,5.88355870500055
Q,CW,Curacao,2022-Q4,5.43582788722647
Q,CW,Curacao,2023-Q1,5.29893499740149
Q,CW,Curacao,2023-Q2,5.1672381271564
Q,CW,Curacao,2023-Q3,3.60358046373967
Q,CW,Curacao,2023-Q4,3.89139794372106
Q,CW,Curacao,2024-Q1,3.94469201867279
Q,CW,Curacao,2024-Q2,3.8042219062134
Q,CW,Curacao,2024-Q3,3.60358046373967
Q,CW,Curacao,2024-Q4,3.45079459943819
Q,CW,Curacao,2025-Q1,4.02389175659199
A,CY,Cyprus,2008,3.59414947955595
A,CY,Cyprus,2009,4.50936302926019
A,CY,Cyprus,2010,5.82172259923197
A,CY,Cyprus,2011,9.98623419964975
A,CY,Cyprus,2012,18.3749456234796
A,CY,Cyprus,2013,38.5570399026522
A,CY,Cyprus,2014,44.972072758843
A,CY,Cyprus,2015,47.7478457712877
A,CY,Cyprus,2016,36.6991177413136
A,CY,Cyprus,2017,31.3888946804868
A,CY,Cyprus,2018,19.520510219693
A,CY,Cyprus,2019,17.0931036488541
A,CY,Cyprus,2020,15.0190835443794
A,CY,Cyprus,2021,8.99828242700788
A,CY,Cyprus,2022,7.65863990451332
A,CY,Cyprus,2023,6.10873133673663
A,CY,Cyprus,2024,4.18384437755251
Q,CY,Cyprus,2008-Q4,3.59414947955595
Q,CY,Cyprus,2009-Q1,3.81257312668766
Q,CY,Cyprus,2009-Q2,4.09202220966378
Q,CY,Cyprus,2009-Q3,4.49509138226122
Q,CY,Cyprus,2009-Q4,4.50936302926019
Q,CY,Cyprus,2010-Q1,4.84504665767173
Q,CY,Cyprus,2010-Q2,4.80456424300769
Q,CY,Cyprus,2010-Q3,5.18539037012058
Q,CY,Cyprus,2010-Q4,5.82172259923197
Q,CY,Cyprus,2011-Q1,6.64992748600318
Q,CY,Cyprus,2011-Q2,7.22736360070151
Q,CY,Cyprus,2011-Q3,7.62469332670344
Q,CY,Cyprus,2011-Q4,9.98623419964975
Q,CY,Cyprus,2012-Q1,11.0009382745941
Q,CY,Cyprus,2012-Q2,13.5258100108535
Q,CY,Cyprus,2012-Q3,15.4456531315628
Q,CY,Cyprus,2012-Q4,18.3749456234796
Q,CY,Cyprus,2013-Q1,14.72398494192
Q,CY,Cyprus,2013-Q2,17.0645617338335
Q,CY,Cyprus,2013-Q3,35.1347229318795
Q,CY,Cyprus,2013-Q4,38.5570399026522
Q,CY,Cyprus,2014-Q1,40.8213673028239
Q,CY,Cyprus,2014-Q2,44.3038322280336
Q,CY,Cyprus,2014-Q3,45.2651323098741
Q,CY,Cyprus,2014-Q4,44.972072758843
Q,CY,Cyprus,2015-Q1,44.8377957042768
Q,CY,Cyprus,2015-Q2,44.6521410628441
Q,CY,Cyprus,2015-Q3,45.5650982440798
Q,CY,Cyprus,2015-Q4,47.7478457712877
Q,CY,Cyprus,2016-Q1,46.9519335265702
Q,CY,Cyprus,2016-Q2,39.5850837420074
Q,CY,Cyprus,2016-Q3,38.7706256961575
Q,CY,Cyprus,2016-Q4,36.6991177413136
Q,CY,Cyprus,2017-Q1,35.2923009702172
Q,CY,Cyprus,2017-Q2,34.5083669401697
Q,CY,Cyprus,2017-Q3,33.264685714318
Q,CY,Cyprus,2017-Q4,31.3888946804868
Q,CY,Cyprus,2018-Q1,30.3952176147676
Q,CY,Cyprus,2018-Q2,27.4621365958899
Q,CY,Cyprus,2018-Q3,21.137804755591
Q,CY,Cyprus,2018-Q4,19.520510219693
Q,CY,Cyprus,2019-Q1,20.0099638231311
Q,CY,Cyprus,2019-Q2,18.6329485742341
Q,CY,Cyprus,2019-Q3,18.1448473925903
Q,CY,Cyprus,2019-Q4,17.0931036488541
Q,CY,Cyprus,2020-Q1,23.0494724132461
Q,CY,Cyprus,2020-Q2,17.7100997720205
Q,CY,Cyprus,2020-Q3,16.8869131692319
Q,CY,Cyprus,2020-Q4,15.0190835443794
Q,CY,Cyprus,2021-Q1,15.2280513866789
Q,CY,Cyprus,2021-Q2,15.1475592652243
Q,CY,Cyprus,2021-Q3,12.7538343245402
Q,CY,Cyprus,2021-Q4,8.99828242700788
Q,CY,Cyprus,2022-Q1,9.38264845239324
Q,CY,Cyprus,2022-Q2,9.25467498865462
Q,CY,Cyprus,2022-Q3,8.64608294393247
Q,CY,Cyprus,2022-Q4,7.65863990451332
Q,CY,Cyprus,2023-Q1,7.21259388947016
Q,CY,Cyprus,2023-Q2,7.00593540441308
Q,CY,Cyprus,2023-Q3,6.56002691138342
Q,CY,Cyprus,2023-Q4,6.10873133673663
Q,CY,Cyprus,2024-Q1,5.49275025644211
Q,CY,Cyprus,2024-Q2,4.95502584933081
Q,CY,Cyprus,2024-Q3,4.72424406590749
Q,CY,Cyprus,2024-Q4,4.18384437755251
A,CZ,Czech Republic,2008,2.82387346236027
A,CZ,Czech Republic,2009,4.49075321988402
A,CZ,Czech Republic,2010,5.45823355942604
A,CZ,Czech Republic,2011,5.29287307900868
A,CZ,Czech Republic,2012,5.35167967265287
A,CZ,Czech Republic,2013,5.26338617282875
A,CZ,Czech Republic,2014,5.63910825786119
A,CZ,Czech Republic,2015,5.43997199514248
A,CZ,Czech Republic,2016,4.52193536660192
A,CZ,Czech Republic,2017,3.682523035196
A,CZ,Czech Republic,2018,3.09590989646024
A,CZ,Czech Republic,2019,1.69280340962665
A,CZ,Czech Republic,2020,1.91231094967574
A,CZ,Czech Republic,2021,1.702001479324
A,CZ,Czech Republic,2022,1.45546035998428
A,CZ,Czech Republic,2023,1.20570022077191
A,CZ,Czech Republic,2024,1.2044760145094
Q,CZ,Czech Republic,2008-Q4,2.82387346236027
Q,CZ,Czech Republic,2009-Q1,3.25803959373271
Q,CZ,Czech Republic,2009-Q2,3.77094290787173
Q,CZ,Czech Republic,2009-Q3,4.27334931831253
Q,CZ,Czech Republic,2009-Q4,4.49075321988402
Q,CZ,Czech Republic,2010-Q1,4.93132100564395
Q,CZ,Czech Republic,2010-Q2,5.20786349441016
Q,CZ,Czech Republic,2010-Q3,5.70099364441927
Q,CZ,Czech Republic,2010-Q4,5.45823355942604
Q,CZ,Czech Republic,2011-Q1,5.71191639518304
Q,CZ,Czech Republic,2011-Q2,5.67707747733744
Q,CZ,Czech Republic,2011-Q3,5.50321859099537
Q,CZ,Czech Republic,2011-Q4,5.29287307900868
Q,CZ,Czech Republic,2012-Q1,5.19041019321867
Q,CZ,Czech Republic,2012-Q2,5.18754265774784
Q,CZ,Czech Republic,2012-Q3,5.154657723533
Q,CZ,Czech Republic,2012-Q4,5.35167967265287
Q,CZ,Czech Republic,2013-Q1,5.35623663906929
Q,CZ,Czech Republic,2013-Q2,5.29552101997912
Q,CZ,Czech Republic,2013-Q3,5.1982742337821
Q,CZ,Czech Republic,2013-Q4,5.26338617282875
Q,CZ,Czech Republic,2014-Q1,5.84807015137046
Q,CZ,Czech Republic,2014-Q2,5.72064748868993
Q,CZ,Czech Republic,2014-Q3,5.68185786400317
Q,CZ,Czech Republic,2014-Q4,5.63910825786119
Q,CZ,Czech Republic,2015-Q1,5.73470057816804
Q,CZ,Czech Republic,2015-Q2,5.55806865125396
Q,CZ,Czech Republic,2015-Q3,5.61245577698212
Q,CZ,Czech Republic,2015-Q4,5.43997199514248
Q,CZ,Czech Republic,2016-Q1,5.07305875825227
Q,CZ,Czech Republic,2016-Q2,4.9064846118309
Q,CZ,Czech Republic,2016-Q3,4.73877163267275
Q,CZ,Czech Republic,2016-Q4,4.52193536660192
Q,CZ,Czech Republic,2017-Q1,4.07970449233182
Q,CZ,Czech Republic,2017-Q2,3.93946849470086
Q,CZ,Czech Republic,2017-Q3,3.70909230490585
Q,CZ,Czech Republic,2017-Q4,3.682523035196
Q,CZ,Czech Republic,2018-Q1,3.3895127655367
Q,CZ,Czech Republic,2018-Q2,3.26144696451573
Q,CZ,Czech Republic,2018-Q3,3.16895359176685
Q,CZ,Czech Republic,2018-Q4,3.09590989646024
Q,CZ,Czech Republic,2019-Q1,1.97022865011831
Q,CZ,Czech Republic,2019-Q2,1.7737664982595
Q,CZ,Czech Republic,2019-Q3,1.69264704409319
Q,CZ,Czech Republic,2019-Q4,1.69280340962665
Q,CZ,Czech Republic,2020-Q1,1.57168990226999
Q,CZ,Czech Republic,2020-Q2,1.69234444901688
Q,CZ,Czech Republic,2020-Q3,1.60247171964409
Q,CZ,Czech Republic,2020-Q4,1.91231094967574
Q,CZ,Czech Republic,2021-Q1,1.84584558549725
Q,CZ,Czech Republic,2021-Q2,1.7704307803102
Q,CZ,Czech Republic,2021-Q3,1.74604713784664
Q,CZ,Czech Republic,2021-Q4,1.702001479324
Q,CZ,Czech Republic,2022-Q1,1.62007519153534
Q,CZ,Czech Republic,2022-Q2,1.42772349592767
Q,CZ,Czech Republic,2022-Q3,1.43375239540597
Q,CZ,Czech Republic,2022-Q4,1.45546035998428
Q,CZ,Czech Republic,2023-Q1,1.35630279352803
Q,CZ,Czech Republic,2023-Q2,1.24403827174011
Q,CZ,Czech Republic,2023-Q3,1.2370062524141
Q,CZ,Czech Republic,2023-Q4,1.20570022077191
Q,CZ,Czech Republic,2024-Q1,1.17573411009861
Q,CZ,Czech Republic,2024-Q2,1.17677494172425
Q,CZ,Czech Republic,2024-Q3,1.17804431163347
Q,CZ,Czech Republic,2024-Q4,1.2044760145094
Q,CZ,Czech Republic,2025-Q1,1.19118677102301
A,DE,Germany,2022,1.23497612551348
A,DE,Germany,2023,1.53513253215758
A,DE,Germany,2024,1.77161339190265
Q,DE,Germany,2022-Q4,1.23497612551348
Q,DE,Germany,2023-Q1,1.22258218950928
Q,DE,Germany,2023-Q2,1.27042871277031
Q,DE,Germany,2023-Q3,1.30645766532837
Q,DE,Germany,2023-Q4,1.53513253215758
Q,DE,Germany,2024-Q1,1.5723301384969
Q,DE,Germany,2024-Q2,1.61226425029425
Q,DE,Germany,2024-Q3,1.67479077638066
Q,DE,Germany,2024-Q4,1.77161339190265
Q,DE,Germany,2025-Q1,1.73376551763412
A,DJ,Djibouti,2012,11.5343664524884
A,DJ,Djibouti,2013,15.3368529632838
A,DJ,Djibouti,2014,18.1882419023323
A,DJ,Djibouti,2015,19.505193628606
A,DJ,Djibouti,2016,21.8038069641343
A,DJ,Djibouti,2017,16.1205891536373
A,DJ,Djibouti,2018,17.5905936014938
A,DJ,Djibouti,2019,15.3542458806425
A,DJ,Djibouti,2020,13.7525623797665
A,DJ,Djibouti,2021,9.06421208958312
A,DJ,Djibouti,2022,5.21484304127589
A,DJ,Djibouti,2023,4.00934221417559
A,DJ,Djibouti,2024,3.06946217107715
Q,DJ,Djibouti,2012-Q4,11.5343664524884
Q,DJ,Djibouti,2013-Q1,13.3447262773944
Q,DJ,Djibouti,2013-Q2,13.1267002748266
Q,DJ,Djibouti,2013-Q3,16.2075496227475
Q,DJ,Djibouti,2013-Q4,15.3368529632838
Q,DJ,Djibouti,2014-Q1,14.9857900170855
Q,DJ,Djibouti,2014-Q2,15.9804554114373
Q,DJ,Djibouti,2014-Q3,17.784027053782
Q,DJ,Djibouti,2014-Q4,18.1882419023323
Q,DJ,Djibouti,2015-Q1,17.4956547331315
Q,DJ,Djibouti,2015-Q2,19.6497740510321
Q,DJ,Djibouti,2015-Q3,19.8515504075592
Q,DJ,Djibouti,2015-Q4,19.505193628606
Q,DJ,Djibouti,2016-Q1,20.6322337052061
Q,DJ,Djibouti,2016-Q2,18.9975140331252
Q,DJ,Djibouti,2016-Q3,20.3837487884921
Q,DJ,Djibouti,2016-Q4,21.8038069641343
Q,DJ,Djibouti,2017-Q1,19.815336098104
Q,DJ,Djibouti,2017-Q2,18.226617448277
Q,DJ,Djibouti,2017-Q3,16.8234258354198
Q,DJ,Djibouti,2017-Q4,16.1205891536373
Q,DJ,Djibouti,2018-Q1,15.5053179381111
Q,DJ,Djibouti,2018-Q2,15.7597338735903
Q,DJ,Djibouti,2018-Q3,17.8167596271197
Q,DJ,Djibouti,2018-Q4,17.5905936014938
Q,DJ,Djibouti,2019-Q1,17.2797382282634
Q,DJ,Djibouti,2019-Q2,15.5185238710864
Q,DJ,Djibouti,2019-Q3,16.2018657286615
Q,DJ,Djibouti,2019-Q4,15.3542458806425
Q,DJ,Djibouti,2020-Q1,14.1683134745521
Q,DJ,Djibouti,2020-Q2,14.4817001133943
Q,DJ,Djibouti,2020-Q3,13.8450414599603
Q,DJ,Djibouti,2020-Q4,13.7525623797665
Q,DJ,Djibouti,2021-Q1,12.2100851168427
Q,DJ,Djibouti,2021-Q2,12.1816607774404
Q,DJ,Djibouti,2021-Q3,10.1006658238209
Q,DJ,Djibouti,2021-Q4,9.06421208958312
Q,DJ,Djibouti,2022-Q1,7.48339346418048
Q,DJ,Djibouti,2022-Q2,8.16787868213622
Q,DJ,Djibouti,2022-Q3,7.04790997926219
Q,DJ,Djibouti,2022-Q4,5.21484304127589
Q,DJ,Djibouti,2023-Q1,4.98973550088864
Q,DJ,Djibouti,2023-Q2,4.57287791006292
Q,DJ,Djibouti,2023-Q3,4.64574689769362
Q,DJ,Djibouti,2023-Q4,4.00934221417559
Q,DJ,Djibouti,2024-Q1,3.79190591893828
Q,DJ,Djibouti,2024-Q2,3.69898599567109
Q,DJ,Djibouti,2024-Q3,3.73602613041686
Q,DJ,Djibouti,2024-Q4,3.06946217107715
Q,DJ,Djibouti,2025-Q1,3.15489513768427
A,DK,Denmark,2010,3.14128983598116
A,DK,Denmark,2011,3.17151109207084
A,DK,Denmark,2012,3.52577006791977
A,DK,Denmark,2015,3.27824443113
A,DK,Denmark,2016,2.39322215927694
A,DK,Denmark,2017,3.94395274925234
A,DK,Denmark,2018,4.28941479958887
A,DK,Denmark,2019,3.66988883261669
A,DK,Denmark,2020,3.89570919575409
A,DK,Denmark,2021,3.34634785478452
A,DK,Denmark,2022,2.75390272795716
A,DK,Denmark,2023,2.6136837843151
A,DK,Denmark,2024,2.39782467751883
Q,DK,Denmark,2011-Q1,3.69930265903872
Q,DK,Denmark,2011-Q2,2.90557906574848
Q,DK,Denmark,2011-Q3,2.87529547942922
Q,DK,Denmark,2011-Q4,3.17151109207084
Q,DK,Denmark,2012-Q1,3.46285536430138
Q,DK,Denmark,2012-Q2,3.69016273698836
Q,DK,Denmark,2012-Q3,3.57558036881458
Q,DK,Denmark,2012-Q4,3.52577006791977
Q,DK,Denmark,2015-Q1,3.56297470226312
Q,DK,Denmark,2015-Q2,3.63016432707054
Q,DK,Denmark,2015-Q3,3.58475223341478
Q,DK,Denmark,2015-Q4,3.27824443113
Q,DK,Denmark,2016-Q1,2.9221551001833
Q,DK,Denmark,2016-Q2,2.84794083461293
Q,DK,Denmark,2016-Q4,2.39322215927694
Q,DK,Denmark,2017-Q2,3.81928526394485
Q,DK,Denmark,2017-Q4,3.94395274925234
Q,DK,Denmark,2018-Q2,4.671587828507
Q,DK,Denmark,2018-Q4,4.28941479958887
Q,DK,Denmark,2019-Q4,3.66988883261669
Q,DK,Denmark,2020-Q2,3.94203283791719
Q,DK,Denmark,2020-Q4,3.89570919575409
Q,DK,Denmark,2021-Q2,3.94156260164636
Q,DK,Denmark,2021-Q4,3.34634785478452
Q,DK,Denmark,2022-Q2,2.81279966935662
Q,DK,Denmark,2022-Q4,2.75390272795716
Q,DK,Denmark,2023-Q2,2.6088364159282
Q,DK,Denmark,2023-Q4,2.6136837843151
Q,DK,Denmark,2024-Q2,2.43203427935418
Q,DK,Denmark,2024-Q4,2.39782467751883
A,DM,Dominica,2015,15.12089
A,DM,Dominica,2016,14.450859
A,DM,Dominica,2017,17.433797
A,DM,Dominica,2018,17.016617
A,DM,Dominica,2019,12.236643
A,DM,Dominica,2020,15.0117248782228
A,DM,Dominica,2021,15.6966940641669
A,DM,Dominica,2022,13.7910383207701
A,DM,Dominica,2023,12.897704
A,DM,Dominica,2024,11.763527
Q,DM,Dominica,2015-Q1,14.729529
Q,DM,Dominica,2015-Q2,14.899565
Q,DM,Dominica,2015-Q3,15.344944
Q,DM,Dominica,2015-Q4,15.12089
Q,DM,Dominica,2016-Q1,15.489662
Q,DM,Dominica,2016-Q2,14.285934
Q,DM,Dominica,2016-Q3,15.242488
Q,DM,Dominica,2016-Q4,14.450859
Q,DM,Dominica,2017-Q1,14.575757
Q,DM,Dominica,2017-Q2,13.89181
Q,DM,Dominica,2017-Q3,13.763652
Q,DM,Dominica,2017-Q4,17.433797
Q,DM,Dominica,2018-Q1,17.404027
Q,DM,Dominica,2018-Q2,18.506006
Q,DM,Dominica,2018-Q3,16.507637
Q,DM,Dominica,2018-Q4,17.016617
Q,DM,Dominica,2019-Q1,15.78505
Q,DM,Dominica,2019-Q2,11.813033
Q,DM,Dominica,2019-Q3,12.21315
Q,DM,Dominica,2019-Q4,12.236643
Q,DM,Dominica,2020-Q1,16.2982469708521
Q,DM,Dominica,2020-Q2,15.8587790242605
Q,DM,Dominica,2020-Q3,15.1304196927335
Q,DM,Dominica,2020-Q4,15.0117248782228
Q,DM,Dominica,2021-Q1,14.6290135917724
Q,DM,Dominica,2021-Q2,14.7435968518907
Q,DM,Dominica,2021-Q3,14.0832600691449
Q,DM,Dominica,2021-Q4,15.6966940641669
Q,DM,Dominica,2022-Q1,13.1435420936867
Q,DM,Dominica,2022-Q2,14.3313876632133
Q,DM,Dominica,2022-Q3,13.7675762125997
Q,DM,Dominica,2022-Q4,13.7910383207701
Q,DM,Dominica,2023-Q1,12.186811
Q,DM,Dominica,2023-Q2,12.892121
Q,DM,Dominica,2023-Q3,13.168628
Q,DM,Dominica,2023-Q4,12.897704
Q,DM,Dominica,2024-Q1,12.254236
Q,DM,Dominica,2024-Q2,11.209264
Q,DM,Dominica,2024-Q3,11.02861
Q,DM,Dominica,2024-Q4,11.763527
Q,DM,Dominica,2025-Q1,12.101738
A,DO,Dominican Republic,2017,1.90658655607119
A,DO,Dominican Republic,2018,1.61766968855977
A,DO,Dominican Republic,2019,1.54556853558722
A,DO,Dominican Republic,2020,2.01137819865136
A,DO,Dominican Republic,2021,1.30935520696938
A,DO,Dominican Republic,2022,0.825504642179899
A,DO,Dominican Republic,2023,0.929892935623628
A,DO,Dominican Republic,2024,1.24662536501434
Q,DO,Dominican Republic,2017-Q1,1.96450240941398
Q,DO,Dominican Republic,2017-Q2,2.02858180177547
Q,DO,Dominican Republic,2017-Q3,2.11044669845654
Q,DO,Dominican Republic,2017-Q4,1.90658655607119
Q,DO,Dominican Republic,2018-Q1,1.92206294352805
Q,DO,Dominican Republic,2018-Q2,1.89604620030187
Q,DO,Dominican Republic,2018-Q3,1.85240287204605
Q,DO,Dominican Republic,2018-Q4,1.61766968855977
Q,DO,Dominican Republic,2019-Q1,1.58735499076257
Q,DO,Dominican Republic,2019-Q2,1.55348519937484
Q,DO,Dominican Republic,2019-Q3,1.65202961787481
Q,DO,Dominican Republic,2019-Q4,1.54556853558722
Q,DO,Dominican Republic,2020-Q1,1.9000010502595
Q,DO,Dominican Republic,2020-Q2,2.16150391548172
Q,DO,Dominican Republic,2020-Q3,1.90177028257145
Q,DO,Dominican Republic,2020-Q4,2.01137819865136
Q,DO,Dominican Republic,2021-Q1,2.02707250404129
Q,DO,Dominican Republic,2021-Q2,1.7269162090933
Q,DO,Dominican Republic,2021-Q3,1.5284456938489
Q,DO,Dominican Republic,2021-Q4,1.30935520696938
Q,DO,Dominican Republic,2022-Q1,1.03543904083726
Q,DO,Dominican Republic,2022-Q2,0.905973911642041
Q,DO,Dominican Republic,2022-Q3,0.819516115683798
Q,DO,Dominican Republic,2022-Q4,0.825504642179899
Q,DO,Dominican Republic,2023-Q1,0.879585828970114
Q,DO,Dominican Republic,2023-Q2,0.932833327698582
Q,DO,Dominican Republic,2023-Q3,1.00045478258102
Q,DO,Dominican Republic,2023-Q4,0.929892935623628
Q,DO,Dominican Republic,2024-Q1,1.07967072702575
Q,DO,Dominican Republic,2024-Q2,1.16318070701586
Q,DO,Dominican Republic,2024-Q3,1.2543262467471
Q,DO,Dominican Republic,2024-Q4,1.24662536501434
Q,DO,Dominican Republic,2025-Q1,1.36655124187752
A,DZ,Algeria,2009,21.1415508110567
A,DZ,Algeria,2010,18.31
A,DZ,Algeria,2011,14.3983059633084
A,DZ,Algeria,2012,11.7263814541696
A,DZ,Algeria,2013,10.5639712164989
A,DZ,Algeria,2014,9.9349604753277
A,DZ,Algeria,2015,9.76734535087824
A,DZ,Algeria,2016,12.0891590616386
A,DZ,Algeria,2017,12.9585022894491
A,DZ,Algeria,2018,12.6974012595366
A,DZ,Algeria,2019,14.7557610602629
A,DZ,Algeria,2020,16.3626239271064
A,DZ,Algeria,2021,19.6415989191126
A,DZ,Algeria,2022,19.8580536790798
A,DZ,Algeria,2023,20.8822355092816
A,DZ,Algeria,2024,20.6807801597915
Q,DZ,Algeria,2009-Q4,21.1415508110567
Q,DZ,Algeria,2010-Q4,18.31
Q,DZ,Algeria,2011-Q4,14.3983059633084
Q,DZ,Algeria,2012-Q4,11.7263814541696
Q,DZ,Algeria,2013-Q4,10.5639712164989
Q,DZ,Algeria,2014-Q4,9.9349604753277
Q,DZ,Algeria,2015-Q4,9.76734535087824
Q,DZ,Algeria,2016-Q4,12.0891590616386
Q,DZ,Algeria,2017-Q4,12.9585022894491
Q,DZ,Algeria,2018-Q4,12.6974012595366
Q,DZ,Algeria,2019-Q4,14.7557610602629
Q,DZ,Algeria,2020-Q4,16.3626239271064
Q,DZ,Algeria,2021-Q4,19.6415989191126
Q,DZ,Algeria,2022-Q4,19.8580536790798
Q,DZ,Algeria,2023-Q4,20.8822355092816
Q,DZ,Algeria,2024-Q4,20.6807801597915
A,EC,Ecuador,2003,9.49739951360216
A,EC,Ecuador,2004,7.18269460394702
A,EC,Ecuador,2005,5.42825970869696
A,EC,Ecuador,2006,3.97924631399133
A,EC,Ecuador,2007,3.68605344703235
A,EC,Ecuador,2008,3.43915305297009
A,EC,Ecuador,2009,4.04080346885419
A,EC,Ecuador,2010,3.31543893494616
A,EC,Ecuador,2011,3.14792243397947
A,EC,Ecuador,2012,3.69366388156466
A,EC,Ecuador,2013,3.5337134374163
A,EC,Ecuador,2014,3.57552475175554
A,EC,Ecuador,2015,4.39684942676597
A,EC,Ecuador,2016,3.96281179223158
A,EC,Ecuador,2017,3.30948193981056
A,EC,Ecuador,2018,2.94923401923922
A,EC,Ecuador,2019,3.15128362975838
A,EC,Ecuador,2020,3.59590631182689
A,EC,Ecuador,2021,3.72753083067413
A,EC,Ecuador,2022,3.72601788666604
A,EC,Ecuador,2023,4.24013142604517
A,EC,Ecuador,2024,4.35695065034342
Q,EC,Ecuador,2003-Q1,12.2091177623615
Q,EC,Ecuador,2003-Q2,11.3751281032501
Q,EC,Ecuador,2003-Q3,11.3669609300147
Q,EC,Ecuador,2003-Q4,9.49739951360216
Q,EC,Ecuador,2004-Q1,9.3261031205893
Q,EC,Ecuador,2004-Q2,8.08666820119547
Q,EC,Ecuador,2004-Q3,8.92106415337703
Q,EC,Ecuador,2004-Q4,7.18269460394702
Q,EC,Ecuador,2005-Q1,7.93869574947828
Q,EC,Ecuador,2005-Q2,6.86831527186251
Q,EC,Ecuador,2005-Q3,6.65511224032396
Q,EC,Ecuador,2005-Q4,5.42825970869696
Q,EC,Ecuador,2006-Q1,5.92288486593076
Q,EC,Ecuador,2006-Q2,5.26109085542179
Q,EC,Ecuador,2006-Q3,4.59610705018015
Q,EC,Ecuador,2006-Q4,3.97924631399133
Q,EC,Ecuador,2007-Q1,4.3370364191781
Q,EC,Ecuador,2007-Q2,4.04350952521696
Q,EC,Ecuador,2007-Q3,4.29486839988118
Q,EC,Ecuador,2007-Q4,3.68605344703235
Q,EC,Ecuador,2008-Q1,4.20912967051878
Q,EC,Ecuador,2008-Q2,3.74830725883603
Q,EC,Ecuador,2008-Q3,3.53404124163643
Q,EC,Ecuador,2008-Q4,3.43915305297009
Q,EC,Ecuador,2009-Q1,4.1793904679556
Q,EC,Ecuador,2009-Q2,4.39049105827272
Q,EC,Ecuador,2009-Q3,4.39566176033949
Q,EC,Ecuador,2009-Q4,4.04080346885419
Q,EC,Ecuador,2010-Q1,4.44162333330696
Q,EC,Ecuador,2010-Q2,3.96831097006355
Q,EC,Ecuador,2010-Q3,3.97973584468365
Q,EC,Ecuador,2010-Q4,3.31543893494616
Q,EC,Ecuador,2011-Q1,3.57341201878821
Q,EC,Ecuador,2011-Q2,3.38844275052233
Q,EC,Ecuador,2011-Q3,3.48090883636593
Q,EC,Ecuador,2011-Q4,3.14792243397947
Q,EC,Ecuador,2012-Q1,3.70674956355142
Q,EC,Ecuador,2012-Q2,3.77445307367012
Q,EC,Ecuador,2012-Q3,3.8731034656224
Q,EC,Ecuador,2012-Q4,3.69366388156466
Q,EC,Ecuador,2013-Q1,4.29046894881208
Q,EC,Ecuador,2013-Q2,4.13737207030322
Q,EC,Ecuador,2013-Q3,4.13978846141506
Q,EC,Ecuador,2013-Q4,3.5337134374163
Q,EC,Ecuador,2014-Q1,4.16475754814077
Q,EC,Ecuador,2014-Q2,4.00744323464934
Q,EC,Ecuador,2014-Q3,4.057324378623
Q,EC,Ecuador,2014-Q4,3.57552475175554
Q,EC,Ecuador,2015-Q1,4.02392918354907
Q,EC,Ecuador,2015-Q2,4.22823279730323
Q,EC,Ecuador,2015-Q3,4.62474044803738
Q,EC,Ecuador,2015-Q4,4.39684942676597
Q,EC,Ecuador,2016-Q1,5.5683219699347
Q,EC,Ecuador,2016-Q2,4.86506770813962
Q,EC,Ecuador,2016-Q3,4.93311098878348
Q,EC,Ecuador,2016-Q4,3.96281179223158
Q,EC,Ecuador,2017-Q1,4.39297904400868
Q,EC,Ecuador,2017-Q2,3.87467643946884
Q,EC,Ecuador,2017-Q3,3.88064688106962
Q,EC,Ecuador,2017-Q4,3.30948193981056
Q,EC,Ecuador,2018-Q1,3.55767751085282
Q,EC,Ecuador,2018-Q2,3.35168703725001
Q,EC,Ecuador,2018-Q3,3.60911126565115
Q,EC,Ecuador,2018-Q4,2.94923401923922
Q,EC,Ecuador,2019-Q1,3.66398929327114
Q,EC,Ecuador,2019-Q2,3.58414288043509
Q,EC,Ecuador,2019-Q3,3.69917406723894
Q,EC,Ecuador,2019-Q4,3.15128362975838
Q,EC,Ecuador,2020-Q1,3.47763625523778
Q,EC,Ecuador,2020-Q2,3.54439064371848
Q,EC,Ecuador,2020-Q3,5.45011299240095
Q,EC,Ecuador,2020-Q4,3.59590631182689
Q,EC,Ecuador,2021-Q1,3.74186510187792
Q,EC,Ecuador,2021-Q2,4.10581633849375
Q,EC,Ecuador,2021-Q3,3.749186600557
Q,EC,Ecuador,2021-Q4,3.72753083067413
Q,EC,Ecuador,2022-Q1,3.80964629858251
Q,EC,Ecuador,2022-Q2,3.83544684327675
Q,EC,Ecuador,2022-Q3,3.75925505235432
Q,EC,Ecuador,2022-Q4,3.72601788666604
Q,EC,Ecuador,2023-Q1,4.67472557724826
Q,EC,Ecuador,2023-Q2,4.58819842839448
Q,EC,Ecuador,2023-Q3,4.47331024772332
Q,EC,Ecuador,2023-Q4,4.24013142604517
Q,EC,Ecuador,2024-Q1,4.66992963275573
Q,EC,Ecuador,2024-Q2,4.6130791505238
Q,EC,Ecuador,2024-Q3,4.81157961450469
Q,EC,Ecuador,2024-Q4,4.35695065034342
Q,EC,Ecuador,2025-Q1,4.26215360231741
Q,EC,Ecuador,2025-Q2,4.18991926064059
A,EE,Estonia,2008,1.9446847760978
A,EE,Estonia,2009,5.20231138473194
A,EE,Estonia,2010,5.37548640616725
A,EE,Estonia,2011,4.04580581090276
A,EE,Estonia,2012,2.62266859406297
A,EE,Estonia,2013,1.47462231497042
A,EE,Estonia,2014,1.38823609881308
A,EE,Estonia,2015,2.76894770314042
A,EE,Estonia,2016,2.17676369026511
A,EE,Estonia,2017,2.37887496554021
A,EE,Estonia,2018,1.55123999961087
A,EE,Estonia,2019,1.97424852159292
A,EE,Estonia,2020,1.64284699281484
A,EE,Estonia,2021,1.08679556479312
A,EE,Estonia,2022,0.801295827497159
A,EE,Estonia,2023,1.08370113079837
A,EE,Estonia,2024,1.19303529526689
Q,EE,Estonia,2008-Q4,1.9446847760978
Q,EE,Estonia,2009-Q1,3.19682799642932
Q,EE,Estonia,2009-Q2,4.46293445566223
Q,EE,Estonia,2009-Q3,5.32811464783707
Q,EE,Estonia,2009-Q4,5.20231138473194
Q,EE,Estonia,2010-Q1,5.62903753165217
Q,EE,Estonia,2010-Q2,6.12533112243934
Q,EE,Estonia,2010-Q3,6.21714410529113
Q,EE,Estonia,2010-Q4,5.37548640616725
Q,EE,Estonia,2011-Q1,5.17206027812949
Q,EE,Estonia,2011-Q2,5.1102570512346
Q,EE,Estonia,2011-Q3,5.05650093775499
Q,EE,Estonia,2011-Q4,4.04580581090276
Q,EE,Estonia,2012-Q1,3.87076035070014
Q,EE,Estonia,2012-Q2,3.67491929011768
Q,EE,Estonia,2012-Q3,3.36745218858871
Q,EE,Estonia,2012-Q4,2.62266859406297
Q,EE,Estonia,2013-Q1,2.54183795624787
Q,EE,Estonia,2013-Q2,2.13831588822852
Q,EE,Estonia,2013-Q3,1.88590344233153
Q,EE,Estonia,2013-Q4,1.47462231497042
Q,EE,Estonia,2014-Q1,1.47657189034511
Q,EE,Estonia,2014-Q2,1.33808074733608
Q,EE,Estonia,2014-Q3,1.43413320427821
Q,EE,Estonia,2014-Q4,1.38823609881308
Q,EE,Estonia,2015-Q1,2.94118768752918
Q,EE,Estonia,2015-Q2,3.07286608832736
Q,EE,Estonia,2015-Q3,2.97076234620205
Q,EE,Estonia,2015-Q4,2.76894770314042
Q,EE,Estonia,2016-Q1,2.68733592193085
Q,EE,Estonia,2016-Q2,2.55256845856587
Q,EE,Estonia,2016-Q3,2.50359571250683
Q,EE,Estonia,2016-Q4,2.17676369026511
Q,EE,Estonia,2017-Q1,2.19348373841745
Q,EE,Estonia,2017-Q2,2.11657197817747
Q,EE,Estonia,2017-Q3,2.14506978389471
Q,EE,Estonia,2017-Q4,2.37887496554021
Q,EE,Estonia,2018-Q1,2.5878075541098
Q,EE,Estonia,2018-Q2,2.15116100321366
Q,EE,Estonia,2018-Q3,2.01884492813212
Q,EE,Estonia,2018-Q4,1.55123999961087
Q,EE,Estonia,2019-Q1,2.51634561240756
Q,EE,Estonia,2019-Q2,2.2985962761161
Q,EE,Estonia,2019-Q3,2.25363921593955
Q,EE,Estonia,2019-Q4,1.97424852159292
Q,EE,Estonia,2020-Q1,1.99953510018254
Q,EE,Estonia,2020-Q2,2.07263472449582
Q,EE,Estonia,2020-Q3,1.91602036949664
Q,EE,Estonia,2020-Q4,1.64284699281484
Q,EE,Estonia,2021-Q1,1.59428907425372
Q,EE,Estonia,2021-Q2,1.48708100675027
Q,EE,Estonia,2021-Q3,1.32679455324741
Q,EE,Estonia,2021-Q4,1.08679556479312
Q,EE,Estonia,2022-Q1,1.00563933361971
Q,EE,Estonia,2022-Q2,0.962276878719469
Q,EE,Estonia,2022-Q3,0.847615883383701
Q,EE,Estonia,2022-Q4,0.801295827497159
Q,EE,Estonia,2023-Q1,0.783334873611549
Q,EE,Estonia,2023-Q2,0.862439999922077
Q,EE,Estonia,2023-Q3,0.965880345818221
Q,EE,Estonia,2023-Q4,1.08370113079837
Q,EE,Estonia,2024-Q1,1.23349077730081
Q,EE,Estonia,2024-Q2,1.26520247556206
Q,EE,Estonia,2024-Q3,1.26581918147434
Q,EE,Estonia,2024-Q4,1.19303529526689
Q,EE,Estonia,2025-Q1,1.47282643062173
A,ES,Spain,2012,5.71026349860104
A,ES,Spain,2013,7.12373619141485
A,ES,Spain,2014,6.38267849950904
A,ES,Spain,2015,5.09174595659944
A,ES,Spain,2016,4.71813279786195
A,ES,Spain,2017,4.46120203086986
A,ES,Spain,2018,3.68642493378735
A,ES,Spain,2019,3.15282728174409
A,ES,Spain,2020,2.85122667258747
A,ES,Spain,2021,2.91575876060378
A,ES,Spain,2022,3.06044108799909
A,ES,Spain,2023,3.06094054703675
A,ES,Spain,2024,2.86962940744037
Q,ES,Spain,2012-Q4,5.71026349860104
Q,ES,Spain,2013-Q2,6.17526553596567
Q,ES,Spain,2013-Q4,7.12373619141485
Q,ES,Spain,2014-Q2,6.78608820223075
Q,ES,Spain,2014-Q4,6.38267849950904
Q,ES,Spain,2015-Q1,5.82878568971106
Q,ES,Spain,2015-Q2,5.57538802183319
Q,ES,Spain,2015-Q3,5.35494481887166
Q,ES,Spain,2015-Q4,5.09174595659944
Q,ES,Spain,2016-Q1,5.01943004148099
Q,ES,Spain,2016-Q2,4.83071999368148
Q,ES,Spain,2016-Q3,4.76388121645221
Q,ES,Spain,2016-Q4,4.71813279786195
Q,ES,Spain,2017-Q1,5.44030409407921
Q,ES,Spain,2017-Q2,5.27724113253866
Q,ES,Spain,2017-Q3,4.67552605352606
Q,ES,Spain,2017-Q4,4.46120203086986
Q,ES,Spain,2018-Q1,4.3598963058507
Q,ES,Spain,2018-Q2,4.13798611902436
Q,ES,Spain,2018-Q3,3.99243222253146
Q,ES,Spain,2018-Q4,3.68642493378735
Q,ES,Spain,2019-Q1,3.55914244661104
Q,ES,Spain,2019-Q2,3.40668043584493
Q,ES,Spain,2019-Q3,3.37964257329396
Q,ES,Spain,2019-Q4,3.15282728174409
Q,ES,Spain,2020-Q1,3.03952024854138
Q,ES,Spain,2020-Q2,2.95785885595801
Q,ES,Spain,2020-Q3,2.93796133807365
Q,ES,Spain,2020-Q4,2.85122667258747
Q,ES,Spain,2021-Q1,3.01217995840646
Q,ES,Spain,2021-Q2,3.04577418381015
Q,ES,Spain,2021-Q3,2.93365631100596
Q,ES,Spain,2021-Q4,2.91575876060378
Q,ES,Spain,2022-Q1,2.82057296811232
Q,ES,Spain,2022-Q2,3.17533867350462
Q,ES,Spain,2022-Q3,3.10662090726343
Q,ES,Spain,2022-Q4,3.06044108799909
Q,ES,Spain,2023-Q1,3.02190061114679
Q,ES,Spain,2023-Q2,3.02187041337338
Q,ES,Spain,2023-Q3,3.04076207432277
Q,ES,Spain,2023-Q4,3.06094054703675
Q,ES,Spain,2024-Q1,3.04122603668886
Q,ES,Spain,2024-Q2,2.94011573992845
Q,ES,Spain,2024-Q3,2.93453895419538
Q,ES,Spain,2024-Q4,2.86962940744037
Q,ES,Spain,2025-Q1,2.81642602234325
A,ET,Ethiopia,2017,3.41286431945902
A,ET,Ethiopia,2018,3.56052322049913
A,ET,Ethiopia,2019,2.6717358210858
A,ET,Ethiopia,2020,3.42977187734718
A,ET,Ethiopia,2021,5.41485933762582
Q,ET,Ethiopia,2017-Q2,2.38965034694882
Q,ET,Ethiopia,2017-Q3,3.34642800999223
Q,ET,Ethiopia,2017-Q4,3.41286431945902
Q,ET,Ethiopia,2018-Q1,3.27623025203098
Q,ET,Ethiopia,2018-Q2,2.76164797333062
Q,ET,Ethiopia,2018-Q3,3.66263825312337
Q,ET,Ethiopia,2018-Q4,3.56052322049913
Q,ET,Ethiopia,2019-Q1,3.43550698163891
Q,ET,Ethiopia,2019-Q2,2.1727806643861
Q,ET,Ethiopia,2019-Q3,2.92608873955798
Q,ET,Ethiopia,2019-Q4,2.6717358210858
Q,ET,Ethiopia,2020-Q1,3.47166903302996
Q,ET,Ethiopia,2020-Q2,2.82900029892731
Q,ET,Ethiopia,2020-Q3,3.62548123318182
Q,ET,Ethiopia,2020-Q4,3.42977187734718
Q,ET,Ethiopia,2021-Q1,4.16974989423209
Q,ET,Ethiopia,2021-Q2,3.14411114371926
Q,ET,Ethiopia,2021-Q3,4.86504266366834
Q,ET,Ethiopia,2021-Q4,5.41485933762582
Q,ET,Ethiopia,2022-Q1,5.07707664429356
Q,ET,Ethiopia,2022-Q2,3.55314480568636
Q,ET,Ethiopia,2022-Q3,4.25230426927117
A,FI,Finland,2007,0.226516077373678
A,FI,Finland,2008,0.409453887918507
A,FI,Finland,2009,0.56999382899243
A,FI,Finland,2010,0.505748742041625
A,FI,Finland,2011,0.456371196024312
A,FI,Finland,2012,0.445132847109478
A,FI,Finland,2013,0.440752731540527
A,FI,Finland,2014,0.847591074961831
A,FI,Finland,2015,0.93246083066103
A,FI,Finland,2016,1.04758761475179
A,FI,Finland,2017,0.72626236804278
A,FI,Finland,2018,0.950566178824407
A,FI,Finland,2019,1.5073192904517
A,FI,Finland,2020,1.45017555342117
A,FI,Finland,2021,1.47082760274416
A,FI,Finland,2022,1.35188387148659
A,FI,Finland,2023,1.28844729523889
A,FI,Finland,2024,1.42702266101791
Q,FI,Finland,2007-Q1,0.217049915872126
Q,FI,Finland,2007-Q2,0.238404235248381
Q,FI,Finland,2007-Q3,0.272523512105049
Q,FI,Finland,2007-Q4,0.226516077373678
Q,FI,Finland,2008-Q1,0.28453526795962
Q,FI,Finland,2008-Q2,0.308635582161278
Q,FI,Finland,2008-Q3,0.413565342326343
Q,FI,Finland,2008-Q4,0.409453887918507
Q,FI,Finland,2009-Q1,0.512599019417061
Q,FI,Finland,2009-Q2,0.587761489425356
Q,FI,Finland,2009-Q3,0.671567337903102
Q,FI,Finland,2009-Q4,0.56999382899243
Q,FI,Finland,2010-Q1,0.581516095534787
Q,FI,Finland,2010-Q2,0.546600504761948
Q,FI,Finland,2010-Q3,0.554526162777656
Q,FI,Finland,2010-Q4,0.505748742041625
Q,FI,Finland,2011-Q1,0.513929780288009
Q,FI,Finland,2011-Q2,0.537512842788402
Q,FI,Finland,2011-Q3,0.515274061156379
Q,FI,Finland,2011-Q4,0.456371196024312
Q,FI,Finland,2012-Q1,0.511867010116079
Q,FI,Finland,2012-Q2,0.467033918858054
Q,FI,Finland,2012-Q3,0.456913800743954
Q,FI,Finland,2012-Q4,0.445132847109478
Q,FI,Finland,2013-Q1,0.483649856513554
Q,FI,Finland,2013-Q2,0.435130126847242
Q,FI,Finland,2013-Q3,0.493396864613665
Q,FI,Finland,2013-Q4,0.440752731540527
Q,FI,Finland,2014-Q4,0.847591074961831
Q,FI,Finland,2015-Q1,0.838925624440634
Q,FI,Finland,2015-Q2,0.853573748445451
Q,FI,Finland,2015-Q3,0.766579837235265
Q,FI,Finland,2015-Q4,0.93246083066103
Q,FI,Finland,2016-Q1,0.883511893044346
Q,FI,Finland,2016-Q2,0.955970000574055
Q,FI,Finland,2016-Q3,1.02833391833798
Q,FI,Finland,2016-Q4,1.04758761475179
Q,FI,Finland,2017-Q1,0.713181882039882
Q,FI,Finland,2017-Q2,0.765505196269091
Q,FI,Finland,2017-Q3,0.778807770595116
Q,FI,Finland,2017-Q4,0.72626236804278
Q,FI,Finland,2018-Q1,0.984357517657832
Q,FI,Finland,2018-Q2,1.00039679603144
Q,FI,Finland,2018-Q3,0.991152285404762
Q,FI,Finland,2018-Q4,0.950566178824407
Q,FI,Finland,2019-Q1,1.57022447434134
Q,FI,Finland,2019-Q2,1.56377360713881
Q,FI,Finland,2019-Q3,1.53432845695178
Q,FI,Finland,2019-Q4,1.5073192904517
Q,FI,Finland,2020-Q1,1.40518468075508
Q,FI,Finland,2020-Q2,1.44803793134201
Q,FI,Finland,2020-Q3,1.44680507734848
Q,FI,Finland,2020-Q4,1.45017555342117
Q,FI,Finland,2021-Q1,1.49099905513922
Q,FI,Finland,2021-Q2,1.51085941816129
Q,FI,Finland,2021-Q3,1.48176576620307
Q,FI,Finland,2021-Q4,1.47082760274416
Q,FI,Finland,2022-Q1,1.44598612487611
Q,FI,Finland,2022-Q2,1.40231044100052
Q,FI,Finland,2022-Q3,1.36344209992745
Q,FI,Finland,2022-Q4,1.35188387148659
Q,FI,Finland,2023-Q1,1.20882387561823
Q,FI,Finland,2023-Q2,1.2224870544929
Q,FI,Finland,2023-Q3,1.24053158258686
Q,FI,Finland,2023-Q4,1.28844729523889
Q,FI,Finland,2024-Q1,1.37246897776228
Q,FI,Finland,2024-Q2,1.4052727023543
Q,FI,Finland,2024-Q3,1.4455173940369
Q,FI,Finland,2024-Q4,1.42702266101791
Q,FI,Finland,2025-Q1,1.46917387355067
A,FJ,Fiji,2005,3.68506394302508
A,FJ,Fiji,2006,2.45452534963199
A,FJ,Fiji,2007,5.68211734419274
A,FJ,Fiji,2008,3.13011678919177
A,FJ,Fiji,2009,3.74100549201087
A,FJ,Fiji,2010,4.37272928691285
A,FJ,Fiji,2011,3.85933735767356
A,FJ,Fiji,2012,4.18520747199108
A,FJ,Fiji,2013,2.68785970707065
A,FJ,Fiji,2014,2.15650347319848
A,FJ,Fiji,2015,1.44819136922412
A,FJ,Fiji,2016,2.23687311841103
A,FJ,Fiji,2017,2.4244606567932
A,FJ,Fiji,2018,3.08925674923103
A,FJ,Fiji,2019,3.83835127206916
A,FJ,Fiji,2020,6.21222696198206
A,FJ,Fiji,2021,8.48402866054706
Q,FJ,Fiji,2005-Q1,3.86038767058558
Q,FJ,Fiji,2005-Q2,3.73314368441274
Q,FJ,Fiji,2005-Q3,3.64297421599542
Q,FJ,Fiji,2005-Q4,3.68506394302508
Q,FJ,Fiji,2006-Q1,2.6169852954186
Q,FJ,Fiji,2006-Q2,2.50594292175271
Q,FJ,Fiji,2006-Q3,2.42135971770529
Q,FJ,Fiji,2006-Q4,2.45452534963199
Q,FJ,Fiji,2007-Q1,2.52702793733044
Q,FJ,Fiji,2007-Q2,2.94492442962113
Q,FJ,Fiji,2007-Q3,4.82162861693815
Q,FJ,Fiji,2007-Q4,5.68211734419274
Q,FJ,Fiji,2008-Q1,4.91982430457123
Q,FJ,Fiji,2008-Q2,4.907499617099
Q,FJ,Fiji,2008-Q3,4.60869618388849
Q,FJ,Fiji,2008-Q4,3.13011678919177
Q,FJ,Fiji,2009-Q1,4.54283380456348
Q,FJ,Fiji,2009-Q2,4.30044899244768
Q,FJ,Fiji,2009-Q3,3.84381644707393
Q,FJ,Fiji,2009-Q4,3.74100549201087
Q,FJ,Fiji,2010-Q1,3.9000733161243
Q,FJ,Fiji,2010-Q2,4.25442264397279
Q,FJ,Fiji,2010-Q3,4.43240045785739
Q,FJ,Fiji,2010-Q4,4.37272928691285
Q,FJ,Fiji,2011-Q1,4.23018307887587
Q,FJ,Fiji,2011-Q2,4.53296590609947
Q,FJ,Fiji,2011-Q3,4.52854078449858
Q,FJ,Fiji,2011-Q4,3.85933735767356
Q,FJ,Fiji,2012-Q1,3.80476512577157
Q,FJ,Fiji,2012-Q2,4.21096009912967
Q,FJ,Fiji,2012-Q3,4.32002436107424
Q,FJ,Fiji,2012-Q4,4.18520747199108
Q,FJ,Fiji,2013-Q1,3.58656371983925
Q,FJ,Fiji,2013-Q2,3.34595059774128
Q,FJ,Fiji,2013-Q3,3.14724955146047
Q,FJ,Fiji,2013-Q4,2.68785970707065
Q,FJ,Fiji,2014-Q1,2.83681383086726
Q,FJ,Fiji,2014-Q2,2.62619123360242
Q,FJ,Fiji,2014-Q3,2.50573693299527
Q,FJ,Fiji,2014-Q4,2.15650347319848
Q,FJ,Fiji,2015-Q1,1.76031284284066
Q,FJ,Fiji,2015-Q2,1.83165697319867
Q,FJ,Fiji,2015-Q3,1.49068579235687
Q,FJ,Fiji,2015-Q4,1.44819136922412
Q,FJ,Fiji,2016-Q1,1.65498229556291
Q,FJ,Fiji,2016-Q2,1.59441594360222
Q,FJ,Fiji,2016-Q3,1.67631273414086
Q,FJ,Fiji,2016-Q4,2.23687311841103
Q,FJ,Fiji,2017-Q1,2.32380319400505
Q,FJ,Fiji,2017-Q2,2.53145010390656
Q,FJ,Fiji,2017-Q3,2.50967635330333
Q,FJ,Fiji,2017-Q4,2.4244606567932
Q,FJ,Fiji,2018-Q1,2.61848771206555
Q,FJ,Fiji,2018-Q2,3.07298443517432
Q,FJ,Fiji,2018-Q3,3.18398717861286
Q,FJ,Fiji,2018-Q4,3.08925674923103
Q,FJ,Fiji,2019-Q1,3.19863489460521
Q,FJ,Fiji,2019-Q2,3.48864632987105
Q,FJ,Fiji,2019-Q3,3.82157702249098
Q,FJ,Fiji,2019-Q4,3.83835127206916
Q,FJ,Fiji,2020-Q1,4.29003205764157
Q,FJ,Fiji,2020-Q2,5.50753604279996
Q,FJ,Fiji,2020-Q3,5.39504030050752
Q,FJ,Fiji,2020-Q4,6.21222696198206
Q,FJ,Fiji,2021-Q1,7.4292650377845
Q,FJ,Fiji,2021-Q2,8.96885395631549
Q,FJ,Fiji,2021-Q3,9.25596221575684
Q,FJ,Fiji,2021-Q4,8.48402866054706
Q,FJ,Fiji,2022-Q1,8.95626026831415
Q,FJ,Fiji,2022-Q2,8.99180650516334
Q,FJ,Fiji,2022-Q3,8.21740695542887
A,FM,"Micronesia, Federated States of",2013,0.777534006143045
A,FM,"Micronesia, Federated States of",2014,2.56326048046766
A,FM,"Micronesia, Federated States of",2015,0.498571865755381
A,FM,"Micronesia, Federated States of",2016,3.82528881991697
A,FM,"Micronesia, Federated States of",2017,1.41254383636287
A,FM,"Micronesia, Federated States of",2018,1.21329711550899
A,FM,"Micronesia, Federated States of",2019,1.24871104851488
A,FM,"Micronesia, Federated States of",2020,0.598856031427146
A,FM,"Micronesia, Federated States of",2021,1.27686472819216
A,FM,"Micronesia, Federated States of",2022,1.4301738642737
A,FM,"Micronesia, Federated States of",2023,1.72826281021246
A,FM,"Micronesia, Federated States of",2024,2.76659290697815
Q,FM,"Micronesia, Federated States of",2013-Q1,5.83977773452017
Q,FM,"Micronesia, Federated States of",2013-Q2,6.01770869024219
Q,FM,"Micronesia, Federated States of",2013-Q3,6.08298171589311
Q,FM,"Micronesia, Federated States of",2013-Q4,0.777534006143045
Q,FM,"Micronesia, Federated States of",2014-Q1,5.07374214946017
Q,FM,"Micronesia, Federated States of",2014-Q2,3.90823669450105
Q,FM,"Micronesia, Federated States of",2014-Q3,3.10731465761177
Q,FM,"Micronesia, Federated States of",2014-Q4,2.56326048046766
Q,FM,"Micronesia, Federated States of",2015-Q1,3.60926236310676
Q,FM,"Micronesia, Federated States of",2015-Q2,2.35111701791026
Q,FM,"Micronesia, Federated States of",2015-Q3,1.97268148234167
Q,FM,"Micronesia, Federated States of",2015-Q4,0.498571865755381
Q,FM,"Micronesia, Federated States of",2016-Q1,1.70550207564872
Q,FM,"Micronesia, Federated States of",2016-Q2,1.85869680008449
Q,FM,"Micronesia, Federated States of",2016-Q3,4.29864557694118
Q,FM,"Micronesia, Federated States of",2016-Q4,3.82528881991697
Q,FM,"Micronesia, Federated States of",2017-Q1,3.78193522430095
Q,FM,"Micronesia, Federated States of",2017-Q2,2.79652844744455
Q,FM,"Micronesia, Federated States of",2017-Q3,2.66310506718472
Q,FM,"Micronesia, Federated States of",2017-Q4,1.41254383636287
Q,FM,"Micronesia, Federated States of",2018-Q1,1.39949280126665
Q,FM,"Micronesia, Federated States of",2018-Q2,1.55269065831395
Q,FM,"Micronesia, Federated States of",2018-Q3,1.41916765885235
Q,FM,"Micronesia, Federated States of",2018-Q4,1.21329711550899
Q,FM,"Micronesia, Federated States of",2019-Q1,0.878092206425855
Q,FM,"Micronesia, Federated States of",2019-Q2,0.704943643241708
Q,FM,"Micronesia, Federated States of",2019-Q3,1.28185288352419
Q,FM,"Micronesia, Federated States of",2019-Q4,1.24871104851488
Q,FM,"Micronesia, Federated States of",2020-Q1,0.652845609488687
Q,FM,"Micronesia, Federated States of",2020-Q2,0.583605977540012
Q,FM,"Micronesia, Federated States of",2020-Q3,0.408782394076512
Q,FM,"Micronesia, Federated States of",2020-Q4,0.598856031427146
Q,FM,"Micronesia, Federated States of",2021-Q1,1.24578493817909
Q,FM,"Micronesia, Federated States of",2021-Q2,0.733826147952301
Q,FM,"Micronesia, Federated States of",2021-Q3,0.904721515408538
Q,FM,"Micronesia, Federated States of",2021-Q4,1.27686472819216
Q,FM,"Micronesia, Federated States of",2022-Q1,0.951524505097887
Q,FM,"Micronesia, Federated States of",2022-Q2,1.21839242830908
Q,FM,"Micronesia, Federated States of",2022-Q3,1.25343158503107
Q,FM,"Micronesia, Federated States of",2022-Q4,1.4301738642737
Q,FM,"Micronesia, Federated States of",2023-Q1,1.92647832114346
Q,FM,"Micronesia, Federated States of",2023-Q2,1.62691332519485
Q,FM,"Micronesia, Federated States of",2023-Q3,1.4832472520196
Q,FM,"Micronesia, Federated States of",2023-Q4,1.72826281021246
Q,FM,"Micronesia, Federated States of",2024-Q1,0.988773179975849
Q,FM,"Micronesia, Federated States of",2024-Q2,0.957760019227303
Q,FM,"Micronesia, Federated States of",2024-Q3,0.888948017706393
Q,FM,"Micronesia, Federated States of",2024-Q4,2.76659290697815
A,FR,France,2008,3.24235571721792
A,FR,France,2009,4.58399416878334
A,FR,France,2010,4.3272048253125
A,FR,France,2011,4.89276263549823
A,FR,France,2012,4.29452327369679
A,FR,France,2013,4.49543407979547
A,FR,France,2014,3.72567893768622
A,FR,France,2015,3.52308121172511
A,FR,France,2016,3.49852745916487
A,FR,France,2017,2.85084082112563
A,FR,France,2018,2.74917800998469
A,FR,France,2019,2.51442386618475
A,FR,France,2020,2.38440087259746
A,FR,France,2021,2.1692050101449
A,FR,France,2022,2.0781054407903
A,FR,France,2023,2.06122418440949
A,FR,France,2024,2.08727388951242
Q,FR,France,2008-Q4,3.24235571721792
Q,FR,France,2009-Q4,4.58399416878334
Q,FR,France,2010-Q4,4.3272048253125
Q,FR,France,2011-Q2,4.90796905665405
Q,FR,France,2011-Q4,4.89276263549823
Q,FR,France,2012-Q2,4.37381114506714
Q,FR,France,2012-Q4,4.29452327369679
Q,FR,France,2013-Q2,4.25914580927321
Q,FR,France,2013-Q4,4.49543407979547
Q,FR,France,2014-Q2,4.2625568192892
Q,FR,France,2014-Q4,3.72567893768622
Q,FR,France,2015-Q1,3.70325759059492
Q,FR,France,2015-Q2,3.65997780423921
Q,FR,France,2015-Q3,3.62854859348463
Q,FR,France,2015-Q4,3.52308121172511
Q,FR,France,2016-Q1,3.48094261982533
Q,FR,France,2016-Q2,3.41051409837318
Q,FR,France,2016-Q3,3.3788919649514
Q,FR,France,2016-Q4,3.49852745916487
Q,FR,France,2017-Q1,3.2275237359051
Q,FR,France,2017-Q2,2.92885031788193
Q,FR,France,2017-Q3,2.84082409769441
Q,FR,France,2017-Q4,2.85084082112563
Q,FR,France,2018-Q1,3.0131562762787
Q,FR,France,2018-Q2,2.89856230041317
Q,FR,France,2018-Q3,2.82132987878613
Q,FR,France,2018-Q4,2.74917800998469
Q,FR,France,2019-Q1,2.67000783666506
Q,FR,France,2019-Q2,2.56217883405601
Q,FR,France,2019-Q3,2.51090671361596
Q,FR,France,2019-Q4,2.51442386618475
Q,FR,France,2020-Q1,2.37465806266384
Q,FR,France,2020-Q2,2.49281715881446
Q,FR,France,2020-Q3,2.4736508445557
Q,FR,France,2020-Q4,2.38440087259746
Q,FR,France,2021-Q1,2.34469821612996
Q,FR,France,2021-Q2,2.31036509255834
Q,FR,France,2021-Q3,2.2383449631456
Q,FR,France,2021-Q4,2.1692050101449
Q,FR,France,2022-Q1,2.05073796844991
Q,FR,France,2022-Q2,2.02701663614231
Q,FR,France,2022-Q3,2.00613814784491
Q,FR,France,2022-Q4,2.0781054407903
Q,FR,France,2023-Q1,1.99170340649725
Q,FR,France,2023-Q2,2.05613077836593
Q,FR,France,2023-Q3,2.02588262282594
Q,FR,France,2023-Q4,2.06122418440949
Q,FR,France,2024-Q1,2.05787064343669
Q,FR,France,2024-Q2,2.09528116610505
Q,FR,France,2024-Q3,2.10739268367237
Q,FR,France,2024-Q4,2.08727388951242
Q,FR,France,2025-Q1,2.06742996977466
A,GA,Gabon,2010,3.15900690596519
A,GA,Gabon,2011,2.77845670058743
A,GA,Gabon,2012,2.54980619434756
A,GA,Gabon,2013,2.74240086893029
A,GA,Gabon,2014,4.06703210187157
A,GA,Gabon,2015,9.14167909664759
A,GA,Gabon,2016,9.03294748434874
A,GA,Gabon,2017,11.7976428473644
A,GA,Gabon,2018,15.7296765322634
A,GA,Gabon,2019,9.22897960246657
A,GA,Gabon,2020,8.95723122279165
A,GA,Gabon,2021,7.60742095202825
A,GA,Gabon,2022,7.63650114773748
A,GA,Gabon,2023,7.57502661808912
Q,GA,Gabon,2010-Q1,4.83852080602289
Q,GA,Gabon,2010-Q2,4.21768932472322
Q,GA,Gabon,2010-Q3,4.89974049996594
Q,GA,Gabon,2010-Q4,3.15900690596519
Q,GA,Gabon,2011-Q1,3.31188035936832
Q,GA,Gabon,2011-Q2,2.64668340521016
Q,GA,Gabon,2011-Q3,2.73620578662062
Q,GA,Gabon,2011-Q4,2.77845670058743
Q,GA,Gabon,2012-Q1,2.66459935317267
Q,GA,Gabon,2012-Q2,2.63340201393576
Q,GA,Gabon,2012-Q3,2.55846489488817
Q,GA,Gabon,2012-Q4,2.54980619434756
Q,GA,Gabon,2013-Q1,2.5016983378103
Q,GA,Gabon,2013-Q2,2.47188414092189
Q,GA,Gabon,2013-Q3,2.67672026244604
Q,GA,Gabon,2013-Q4,2.74240086893029
Q,GA,Gabon,2014-Q1,2.69040607158369
Q,GA,Gabon,2014-Q2,2.75682447269189
Q,GA,Gabon,2014-Q3,8.08796589687126
Q,GA,Gabon,2014-Q4,4.06703210187157
Q,GA,Gabon,2015-Q1,7.91352567135736
Q,GA,Gabon,2015-Q2,7.57153192973129
Q,GA,Gabon,2015-Q3,8.02439139619483
Q,GA,Gabon,2015-Q4,9.14167909664759
Q,GA,Gabon,2016-Q1,10.0565172378941
Q,GA,Gabon,2016-Q2,9.91583022010172
Q,GA,Gabon,2016-Q3,10.2793536092354
Q,GA,Gabon,2016-Q4,9.03294748434874
Q,GA,Gabon,2017-Q1,9.66451518665872
Q,GA,Gabon,2017-Q2,11.2648465708113
Q,GA,Gabon,2017-Q3,12.5822412804074
Q,GA,Gabon,2017-Q4,11.7976428473644
Q,GA,Gabon,2018-Q1,13.7576364139173
Q,GA,Gabon,2018-Q2,12.5362144404639
Q,GA,Gabon,2018-Q3,13.446723655566
Q,GA,Gabon,2018-Q4,15.7296765322634
Q,GA,Gabon,2019-Q1,13.8388395984832
Q,GA,Gabon,2019-Q2,13.2441266755861
Q,GA,Gabon,2019-Q3,13.3410597793082
Q,GA,Gabon,2019-Q4,9.22897960246657
Q,GA,Gabon,2020-Q1,10.9253763635601
Q,GA,Gabon,2020-Q2,10.6554933229993
Q,GA,Gabon,2020-Q3,11.8060125146955
Q,GA,Gabon,2020-Q4,8.95723122279165
Q,GA,Gabon,2021-Q1,9.85441714149389
Q,GA,Gabon,2021-Q2,8.73198496345124
Q,GA,Gabon,2021-Q3,8.79204280712663
Q,GA,Gabon,2021-Q4,7.60742095202825
Q,GA,Gabon,2022-Q1,7.86531345788246
Q,GA,Gabon,2022-Q2,7.75193181062212
Q,GA,Gabon,2022-Q3,7.91146705913691
Q,GA,Gabon,2022-Q4,7.63650114773748
Q,GA,Gabon,2023-Q1,8.72701470747292
Q,GA,Gabon,2023-Q2,8.36967340510498
Q,GA,Gabon,2023-Q3,8.59976841157537
Q,GA,Gabon,2023-Q4,7.57502661808912
A,GB,United Kingdom,2005,0.993470630559824
A,GB,United Kingdom,2008,1.55697368984839
A,GB,United Kingdom,2009,3.50865701820859
A,GB,United Kingdom,2010,3.95483378788783
A,GB,United Kingdom,2011,3.9618682056152
A,GB,United Kingdom,2012,3.58628400773794
A,GB,United Kingdom,2013,3.11174173873799
A,GB,United Kingdom,2014,1.65439301070172
A,GB,United Kingdom,2015,1.01449977058357
A,GB,United Kingdom,2016,1.68729249856196
A,GB,United Kingdom,2017,1.35973989613412
A,GB,United Kingdom,2018,1.09642089877808
A,GB,United Kingdom,2019,1.01809935045005
A,GB,United Kingdom,2020,0.98332463109975
A,GB,United Kingdom,2021,0.969313241835594
A,GB,United Kingdom,2022,0.947024551170098
A,GB,United Kingdom,2023,0.975804729171598
A,GB,United Kingdom,2024,1.01871922749703
Q,GB,United Kingdom,2008-Q4,1.55697368984839
Q,GB,United Kingdom,2009-Q2,3.32133285864875
Q,GB,United Kingdom,2009-Q4,3.50865701820859
Q,GB,United Kingdom,2010-Q2,3.6577131738174
Q,GB,United Kingdom,2010-Q4,3.95483378788783
Q,GB,United Kingdom,2011-Q2,3.88402526889686
Q,GB,United Kingdom,2011-Q4,3.9618682056152
Q,GB,United Kingdom,2012-Q2,3.66087443565243
Q,GB,United Kingdom,2012-Q4,3.58628400773794
Q,GB,United Kingdom,2013-Q2,3.21304661180296
Q,GB,United Kingdom,2013-Q4,3.11174173873799
Q,GB,United Kingdom,2014-Q2,2.6538647240577
Q,GB,United Kingdom,2014-Q4,1.65439301070172
Q,GB,United Kingdom,2015-Q2,1.33694353928306
Q,GB,United Kingdom,2015-Q4,1.01449977058357
Q,GB,United Kingdom,2016-Q1,1.03291178205885
Q,GB,United Kingdom,2016-Q2,1.00231306590576
Q,GB,United Kingdom,2016-Q3,1.83156044599012
Q,GB,United Kingdom,2016-Q4,1.68729249856196
Q,GB,United Kingdom,2017-Q1,1.60681616577199
Q,GB,United Kingdom,2017-Q2,1.45177229732862
Q,GB,United Kingdom,2017-Q3,1.41148449726937
Q,GB,United Kingdom,2017-Q4,1.35973989613412
Q,GB,United Kingdom,2018-Q1,1.2349169155091
Q,GB,United Kingdom,2018-Q2,1.18574986143753
Q,GB,United Kingdom,2018-Q3,1.1004534753166
Q,GB,United Kingdom,2018-Q4,1.09642089877808
Q,GB,United Kingdom,2019-Q1,1.08140078659845
Q,GB,United Kingdom,2019-Q2,1.07444334939434
Q,GB,United Kingdom,2019-Q3,1.05658337253715
Q,GB,United Kingdom,2019-Q4,1.01809935045005
Q,GB,United Kingdom,2020-Q1,0.999344518981638
Q,GB,United Kingdom,2020-Q2,1.09182183055912
Q,GB,United Kingdom,2020-Q3,1.1015516862324
Q,GB,United Kingdom,2020-Q4,0.98332463109975
Q,GB,United Kingdom,2021-Q1,1.07141711272393
Q,GB,United Kingdom,2021-Q2,1.02314459600891
Q,GB,United Kingdom,2021-Q3,0.963250673726482
Q,GB,United Kingdom,2021-Q4,0.969313241835594
Q,GB,United Kingdom,2022-Q1,0.979726924715323
Q,GB,United Kingdom,2022-Q2,0.948679193097316
Q,GB,United Kingdom,2022-Q3,0.888127000744255
Q,GB,United Kingdom,2022-Q4,0.947024551170098
Q,GB,United Kingdom,2023-Q1,0.929841443997177
Q,GB,United Kingdom,2023-Q2,0.965559221752572
Q,GB,United Kingdom,2023-Q3,0.962872028834977
Q,GB,United Kingdom,2023-Q4,0.975804729171598
Q,GB,United Kingdom,2024-Q1,0.989243326817805
Q,GB,United Kingdom,2024-Q2,1.00832414553127
Q,GB,United Kingdom,2024-Q3,1.02442126327204
Q,GB,United Kingdom,2024-Q4,1.01871922749703
Q,GB,United Kingdom,2025-Q1,0.976658617964784
A,GD,Grenada,2015,9.950332
A,GD,Grenada,2016,6.700865
A,GD,Grenada,2017,3.906645
A,GD,Grenada,2018,2.402814
A,GD,Grenada,2019,2.202504
A,GD,Grenada,2020,2.23632640932667
A,GD,Grenada,2021,2.93784307856071
A,GD,Grenada,2022,3.58316404502993
A,GD,Grenada,2023,3.403017
A,GD,Grenada,2024,2.871159
Q,GD,Grenada,2015-Q1,13.708837
Q,GD,Grenada,2015-Q2,12.993785
Q,GD,Grenada,2015-Q3,11.575919
Q,GD,Grenada,2015-Q4,9.950332
Q,GD,Grenada,2016-Q1,8.205609
Q,GD,Grenada,2016-Q2,7.858513
Q,GD,Grenada,2016-Q3,7.250663
Q,GD,Grenada,2016-Q4,6.700865
Q,GD,Grenada,2017-Q1,6.109237
Q,GD,Grenada,2017-Q2,5.247379
Q,GD,Grenada,2017-Q3,4.675812
Q,GD,Grenada,2017-Q4,3.906645
Q,GD,Grenada,2018-Q1,3.509318
Q,GD,Grenada,2018-Q2,3.062118
Q,GD,Grenada,2018-Q3,2.557678
Q,GD,Grenada,2018-Q4,2.402814
Q,GD,Grenada,2019-Q1,2.329679
Q,GD,Grenada,2019-Q2,2.365668
Q,GD,Grenada,2019-Q3,2.08226
Q,GD,Grenada,2019-Q4,2.202504
Q,GD,Grenada,2020-Q1,2.50650105868775
Q,GD,Grenada,2020-Q2,3.04119278633412
Q,GD,Grenada,2020-Q3,2.6400619380721
Q,GD,Grenada,2020-Q4,2.23632640932667
Q,GD,Grenada,2021-Q1,2.33023391844588
Q,GD,Grenada,2021-Q2,2.56489856010107
Q,GD,Grenada,2021-Q3,2.88991204572859
Q,GD,Grenada,2021-Q4,2.93784307856071
Q,GD,Grenada,2022-Q1,7.42546205852571
Q,GD,Grenada,2022-Q2,6.94874623871615
Q,GD,Grenada,2022-Q3,3.49685154484233
Q,GD,Grenada,2022-Q4,3.58316404502993
Q,GD,Grenada,2023-Q1,3.16854
Q,GD,Grenada,2023-Q2,4.003448
Q,GD,Grenada,2023-Q3,4.279073
Q,GD,Grenada,2023-Q4,3.403017
Q,GD,Grenada,2024-Q1,3.226676
Q,GD,Grenada,2024-Q2,3.116298
Q,GD,Grenada,2024-Q3,3.275948
Q,GD,Grenada,2024-Q4,2.871159
Q,GD,Grenada,2025-Q1,4.744969
A,GE,Georgia,2003,2.34319465597397
A,GE,Georgia,2004,1.97156766439632
A,GE,Georgia,2005,1.19432598058677
A,GE,Georgia,2006,0.80588216364693
A,GE,Georgia,2007,0.838418571196985
A,GE,Georgia,2008,4.05808130517855
A,GE,Georgia,2009,6.25544102917719
A,GE,Georgia,2010,5.91968270460939
A,GE,Georgia,2011,4.52600160107428
A,GE,Georgia,2012,3.68025550193123
A,GE,Georgia,2013,3.03171606579417
A,GE,Georgia,2014,3.027064429527
A,GE,Georgia,2015,2.7114511435798
A,GE,Georgia,2016,3.44697501744778
A,GE,Georgia,2017,2.77879996979284
A,GE,Georgia,2018,2.67886834382407
A,GE,Georgia,2019,1.92840956509862
A,GE,Georgia,2020,2.26743833598589
A,GE,Georgia,2021,1.87663102481132
A,GE,Georgia,2022,1.51454798632002
A,GE,Georgia,2023,1.48279664362766
A,GE,Georgia,2024,1.47388775450543
Q,GE,Georgia,2003-Q4,2.34319465597397
Q,GE,Georgia,2004-Q4,1.97156766439632
Q,GE,Georgia,2005-Q4,1.19432598058677
Q,GE,Georgia,2006-Q4,0.80588216364693
Q,GE,Georgia,2007-Q4,0.838418571196985
Q,GE,Georgia,2008-Q4,4.05808130517855
Q,GE,Georgia,2009-Q1,5.28050315499499
Q,GE,Georgia,2009-Q2,7.00958828077867
Q,GE,Georgia,2009-Q3,8.14057771834658
Q,GE,Georgia,2009-Q4,6.25544102917719
Q,GE,Georgia,2010-Q1,6.45338606743142
Q,GE,Georgia,2010-Q2,6.84058877602434
Q,GE,Georgia,2010-Q3,7.74578961717997
Q,GE,Georgia,2010-Q4,5.91968270460939
Q,GE,Georgia,2011-Q1,4.95101872722327
Q,GE,Georgia,2011-Q2,4.3060750762632
Q,GE,Georgia,2011-Q3,4.99003764062737
Q,GE,Georgia,2011-Q4,4.52600160107428
Q,GE,Georgia,2012-Q1,3.97915375056344
Q,GE,Georgia,2012-Q2,4.072269395211
Q,GE,Georgia,2012-Q3,3.98879603264363
Q,GE,Georgia,2012-Q4,3.68025550193123
Q,GE,Georgia,2013-Q1,4.45988330755084
Q,GE,Georgia,2013-Q2,4.32922896488723
Q,GE,Georgia,2013-Q3,3.9253985057911
Q,GE,Georgia,2013-Q4,3.03171606579417
Q,GE,Georgia,2014-Q1,3.15465883651179
Q,GE,Georgia,2014-Q2,3.50268941594534
Q,GE,Georgia,2014-Q3,3.56551885420933
Q,GE,Georgia,2014-Q4,3.027064429527
Q,GE,Georgia,2015-Q1,3.34734012724527
Q,GE,Georgia,2015-Q2,3.34409061168386
Q,GE,Georgia,2015-Q3,2.92969037683007
Q,GE,Georgia,2015-Q4,2.7114511435798
Q,GE,Georgia,2016-Q1,3.21426168916165
Q,GE,Georgia,2016-Q2,3.6809522299223
Q,GE,Georgia,2016-Q3,3.82707458796494
Q,GE,Georgia,2016-Q4,3.44697501744778
Q,GE,Georgia,2017-Q1,3.69788896850965
Q,GE,Georgia,2017-Q2,3.50448208061454
Q,GE,Georgia,2017-Q3,3.10983125275119
Q,GE,Georgia,2017-Q4,2.77879996979284
Q,GE,Georgia,2018-Q1,2.37637832543781
Q,GE,Georgia,2018-Q2,2.40205978737934
Q,GE,Georgia,2018-Q3,2.69272398606219
Q,GE,Georgia,2018-Q4,2.67886834382407
Q,GE,Georgia,2019-Q1,2.99148773245383
Q,GE,Georgia,2019-Q2,2.88474533991589
Q,GE,Georgia,2019-Q3,2.63832253442175
Q,GE,Georgia,2019-Q4,1.92840956509862
Q,GE,Georgia,2020-Q1,2.18158302729675
Q,GE,Georgia,2020-Q2,2.38850262132197
Q,GE,Georgia,2020-Q3,2.30660611086856
Q,GE,Georgia,2020-Q4,2.26743833598589
Q,GE,Georgia,2021-Q1,2.37422978262956
Q,GE,Georgia,2021-Q2,2.23247956350995
Q,GE,Georgia,2021-Q3,2.18286603951596
Q,GE,Georgia,2021-Q4,1.87663102481132
Q,GE,Georgia,2022-Q1,1.72131790557911
Q,GE,Georgia,2022-Q2,1.70275175139431
Q,GE,Georgia,2022-Q3,1.76126638701915
Q,GE,Georgia,2022-Q4,1.51454798632002
Q,GE,Georgia,2023-Q1,1.58858731353994
Q,GE,Georgia,2023-Q2,1.58812043346072
Q,GE,Georgia,2023-Q3,1.60178699959124
Q,GE,Georgia,2023-Q4,1.48279664362766
Q,GE,Georgia,2024-Q1,1.57591241300899
Q,GE,Georgia,2024-Q2,1.58771187155761
Q,GE,Georgia,2024-Q3,1.54086725885695
Q,GE,Georgia,2024-Q4,1.47388775450543
Q,GE,Georgia,2025-Q1,1.54082387611743
A,GH,Ghana,2008,7.67772566797717
A,GH,Ghana,2009,16.200000013472
A,GH,Ghana,2010,18.0818565043657
A,GH,Ghana,2011,14.1459892948403
A,GH,Ghana,2012,13.1966714743996
A,GH,Ghana,2013,11.9989351569178
A,GH,Ghana,2014,11.269173026949
A,GH,Ghana,2015,14.6736173400465
A,GH,Ghana,2016,17.2944005721658
A,GH,Ghana,2017,21.5912492157277
A,GH,Ghana,2018,18.1871529944043
A,GH,Ghana,2019,13.9419112610376
A,GH,Ghana,2020,14.7938784472408
A,GH,Ghana,2021,15.1166575274938
A,GH,Ghana,2022,14.7948102065664
A,GH,Ghana,2023,20.5784141422521
A,GH,Ghana,2024,21.7917694428276
Q,GH,Ghana,2008-Q1,8.66953182866388
Q,GH,Ghana,2008-Q2,8.68979773318382
Q,GH,Ghana,2008-Q3,7.62332899545557
Q,GH,Ghana,2008-Q4,7.67772566797717
Q,GH,Ghana,2009-Q1,9.63298576256245
Q,GH,Ghana,2009-Q2,9.47132606546402
Q,GH,Ghana,2009-Q3,12.6132428853862
Q,GH,Ghana,2009-Q4,16.200000013472
Q,GH,Ghana,2010-Q1,18.4793477419819
Q,GH,Ghana,2010-Q2,18.5503157598093
Q,GH,Ghana,2010-Q3,18.5773067375225
Q,GH,Ghana,2010-Q4,18.0818565043657
Q,GH,Ghana,2011-Q1,16.2970483298912
Q,GH,Ghana,2011-Q2,16.3748757017805
Q,GH,Ghana,2011-Q3,15.6311584925866
Q,GH,Ghana,2011-Q4,14.1459892948403
Q,GH,Ghana,2012-Q1,13.0659605622005
Q,GH,Ghana,2012-Q2,13.1957922334306
Q,GH,Ghana,2012-Q3,13.1219230997978
Q,GH,Ghana,2012-Q4,13.1966714743996
Q,GH,Ghana,2013-Q1,13.7070811347157
Q,GH,Ghana,2013-Q2,12.824619969198
Q,GH,Ghana,2013-Q3,12.519238185789
Q,GH,Ghana,2013-Q4,11.9989351569178
Q,GH,Ghana,2014-Q1,12.4070846032425
Q,GH,Ghana,2014-Q2,12.7723765290448
Q,GH,Ghana,2014-Q3,12.0894179371337
Q,GH,Ghana,2014-Q4,11.269173026949
Q,GH,Ghana,2015-Q1,11.4194824536873
Q,GH,Ghana,2015-Q2,11.1929220440027
Q,GH,Ghana,2015-Q3,13.4893980701007
Q,GH,Ghana,2015-Q4,14.6736173400465
Q,GH,Ghana,2016-Q1,16.2201913986285
Q,GH,Ghana,2016-Q2,18.7705061828743
Q,GH,Ghana,2016-Q3,19.0846069975428
Q,GH,Ghana,2016-Q4,17.2944005721658
Q,GH,Ghana,2017-Q1,20.2493530850407
Q,GH,Ghana,2017-Q2,21.1756380051238
Q,GH,Ghana,2017-Q3,22.2217702681905
Q,GH,Ghana,2017-Q4,21.5912492157277
Q,GH,Ghana,2018-Q1,22.5519853688892
Q,GH,Ghana,2018-Q2,22.5378332534213
Q,GH,Ghana,2018-Q3,20.0293460424522
Q,GH,Ghana,2018-Q4,18.1871529944043
Q,GH,Ghana,2019-Q1,18.7586030777147
Q,GH,Ghana,2019-Q2,18.0294122048003
Q,GH,Ghana,2019-Q3,17.2737100965504
Q,GH,Ghana,2019-Q4,13.9419112610376
Q,GH,Ghana,2020-Q1,14.4888031284938
Q,GH,Ghana,2020-Q2,15.6508525177772
Q,GH,Ghana,2020-Q3,15.7702795045801
Q,GH,Ghana,2020-Q4,14.7938784472408
Q,GH,Ghana,2021-Q1,15.4703051192988
Q,GH,Ghana,2021-Q2,17.0438018543031
Q,GH,Ghana,2021-Q3,16.8336902183223
Q,GH,Ghana,2021-Q4,15.1166575274938
Q,GH,Ghana,2022-Q1,14.4227613332792
Q,GH,Ghana,2022-Q2,14.0646329944067
Q,GH,Ghana,2022-Q3,14.0517298575478
Q,GH,Ghana,2022-Q4,14.7948102065664
Q,GH,Ghana,2023-Q1,16.8490546918859
Q,GH,Ghana,2023-Q2,18.7075572725803
Q,GH,Ghana,2023-Q3,17.9944333359358
Q,GH,Ghana,2023-Q4,20.5784141422521
Q,GH,Ghana,2024-Q1,26.7390497769554
Q,GH,Ghana,2024-Q2,24.1320817324236
Q,GH,Ghana,2024-Q3,22.7698179261734
Q,GH,Ghana,2024-Q4,21.7917694428276
Q,GH,Ghana,2025-Q1,23.4449807854896
Q,GH,Ghana,2025-Q2,23.0875406891695
A,GM,Gambia,2005,12.5685109343527
A,GM,Gambia,2006,13.1872300249818
A,GM,Gambia,2007,10.4360871569687
A,GM,Gambia,2008,13.6753466789579
A,GM,Gambia,2009,12.309189801991
A,GM,Gambia,2010,14.5159542755099
A,GM,Gambia,2011,12.1459044470398
A,GM,Gambia,2012,12.0390048184338
A,GM,Gambia,2013,19.0704746911573
A,GM,Gambia,2014,7.22312243018901
A,GM,Gambia,2015,6.48607001106877
A,GM,Gambia,2016,9.32276053366426
A,GM,Gambia,2017,7.33747091958366
A,GM,Gambia,2018,3.15265862122247
A,GM,Gambia,2019,4.54670680816959
A,GM,Gambia,2020,6.43688937402732
A,GM,Gambia,2021,5.14850706712082
A,GM,Gambia,2022,4.55773796070112
Q,GM,Gambia,2005-Q1,12.6752534864567
Q,GM,Gambia,2005-Q2,10.8399046715928
Q,GM,Gambia,2005-Q3,12.3797302203629
Q,GM,Gambia,2005-Q4,12.5685109343527
Q,GM,Gambia,2006-Q1,11.3247731812529
Q,GM,Gambia,2006-Q2,10.1459001485922
Q,GM,Gambia,2006-Q3,13.01205846437
Q,GM,Gambia,2006-Q4,13.1872300249818
Q,GM,Gambia,2007-Q1,15.9627934013816
Q,GM,Gambia,2007-Q2,17.2336769308898
Q,GM,Gambia,2007-Q3,13.2042643410423
Q,GM,Gambia,2007-Q4,10.4360871569687
Q,GM,Gambia,2008-Q1,11.6379249574053
Q,GM,Gambia,2008-Q2,10.0651046352119
Q,GM,Gambia,2008-Q3,11.4341746405528
Q,GM,Gambia,2008-Q4,13.6753466789579
Q,GM,Gambia,2009-Q1,11.5827362387702
Q,GM,Gambia,2009-Q2,11.9907924054653
Q,GM,Gambia,2009-Q3,10.8889460081441
Q,GM,Gambia,2009-Q4,12.309189801991
Q,GM,Gambia,2010-Q1,17.0557885374079
Q,GM,Gambia,2010-Q2,16.7744411976481
Q,GM,Gambia,2010-Q3,16.1775744032893
Q,GM,Gambia,2010-Q4,14.5159542755099
Q,GM,Gambia,2011-Q1,13.3345206953489
Q,GM,Gambia,2011-Q2,12.385545274396
Q,GM,Gambia,2011-Q3,12.7101595838338
Q,GM,Gambia,2011-Q4,12.1459044470398
Q,GM,Gambia,2012-Q1,12.7239528214672
Q,GM,Gambia,2012-Q2,13.7037959934969
Q,GM,Gambia,2012-Q3,12.8520017553004
Q,GM,Gambia,2012-Q4,12.0390048184338
Q,GM,Gambia,2013-Q1,11.044063528036
Q,GM,Gambia,2013-Q2,11.3409233937868
Q,GM,Gambia,2013-Q3,19.3013551912168
Q,GM,Gambia,2013-Q4,19.0704746911573
Q,GM,Gambia,2014-Q1,18.2169887554138
Q,GM,Gambia,2014-Q2,16.1182563084851
Q,GM,Gambia,2014-Q3,14.8530983879883
Q,GM,Gambia,2014-Q4,7.22312243018901
Q,GM,Gambia,2015-Q1,6.14098979503928
Q,GM,Gambia,2015-Q2,11.683276150508
Q,GM,Gambia,2015-Q3,11.4687659784672
Q,GM,Gambia,2015-Q4,6.48607001106877
Q,GM,Gambia,2016-Q1,8.10356800703628
Q,GM,Gambia,2016-Q2,7.60378503517565
Q,GM,Gambia,2016-Q3,7.68598646115997
Q,GM,Gambia,2016-Q4,9.32276053366426
Q,GM,Gambia,2017-Q1,9.71575567331024
Q,GM,Gambia,2017-Q2,9.36439375702325
Q,GM,Gambia,2017-Q3,10.1827773309455
Q,GM,Gambia,2017-Q4,7.33747091958366
Q,GM,Gambia,2018-Q1,7.90778173158442
Q,GM,Gambia,2018-Q2,7.55112243804008
Q,GM,Gambia,2018-Q3,6.27323515988542
Q,GM,Gambia,2018-Q4,3.15265862122247
Q,GM,Gambia,2019-Q1,2.70701822459335
Q,GM,Gambia,2019-Q2,4.42794491036393
Q,GM,Gambia,2019-Q3,3.69052506096043
Q,GM,Gambia,2019-Q4,4.54670680816959
Q,GM,Gambia,2020-Q1,4.89163087128322
Q,GM,Gambia,2020-Q2,4.46239071364958
Q,GM,Gambia,2020-Q3,6.55266797864925
Q,GM,Gambia,2020-Q4,6.43688937402732
Q,GM,Gambia,2021-Q1,7.73716091306001
Q,GM,Gambia,2021-Q2,5.52886401994456
Q,GM,Gambia,2021-Q3,5.6380420649153
Q,GM,Gambia,2021-Q4,5.14850706712082
Q,GM,Gambia,2022-Q1,3.36372606559936
Q,GM,Gambia,2022-Q2,4.22080194255875
Q,GM,Gambia,2022-Q3,4.2142020040849
Q,GM,Gambia,2022-Q4,4.55773796070112
Q,GM,Gambia,2023-Q1,4.44137535244472
Q,GM,Gambia,2023-Q2,3.49738349767612
Q,GM,Gambia,2023-Q3,2.95915857665944
A,GN,Guinea,2013,6.15496574519735
A,GN,Guinea,2014,6.01398691140921
A,GN,Guinea,2015,5.95327169818965
A,GN,Guinea,2016,9.16641089773862
A,GN,Guinea,2017,10.2871550968225
A,GN,Guinea,2018,11.5442351963474
A,GN,Guinea,2019,9.86439889577371
A,GN,Guinea,2020,9.3792460512268
A,GN,Guinea,2021,9.19338829511042
A,GN,Guinea,2022,8.76123017221236
A,GN,Guinea,2023,8.9092709671129
A,GN,Guinea,2024,6.69011606207076
Q,GN,Guinea,2013-Q1,4.71757164240787
Q,GN,Guinea,2013-Q2,5.34481689222649
Q,GN,Guinea,2013-Q3,6.01101724665825
Q,GN,Guinea,2013-Q4,6.15496574519735
Q,GN,Guinea,2014-Q1,6.35558441274634
Q,GN,Guinea,2014-Q2,7.31052625024988
Q,GN,Guinea,2014-Q3,5.95493177920357
Q,GN,Guinea,2014-Q4,6.01398691140921
Q,GN,Guinea,2015-Q1,6.27341251937892
Q,GN,Guinea,2015-Q2,5.85353639320679
Q,GN,Guinea,2015-Q3,6.00348297673474
Q,GN,Guinea,2015-Q4,5.95327169818965
Q,GN,Guinea,2016-Q1,6.40620936288085
Q,GN,Guinea,2016-Q2,9.56919239128726
Q,GN,Guinea,2016-Q3,9.07525320740023
Q,GN,Guinea,2016-Q4,9.16641089773862
Q,GN,Guinea,2017-Q1,9.61103995126961
Q,GN,Guinea,2017-Q2,10.8850867644852
Q,GN,Guinea,2017-Q3,10.6903891435358
Q,GN,Guinea,2017-Q4,10.2871550968225
Q,GN,Guinea,2018-Q1,10.6545262225641
Q,GN,Guinea,2018-Q2,8.05201607619484
Q,GN,Guinea,2018-Q3,10.7982029061553
Q,GN,Guinea,2018-Q4,11.5442351963474
Q,GN,Guinea,2019-Q1,11.4589413636485
Q,GN,Guinea,2019-Q2,12.0903439297657
Q,GN,Guinea,2019-Q3,11.4636553871975
Q,GN,Guinea,2019-Q4,9.86439889577371
Q,GN,Guinea,2020-Q1,9.92172951834098
Q,GN,Guinea,2020-Q2,10.4039604961831
Q,GN,Guinea,2020-Q3,9.06144121491922
Q,GN,Guinea,2020-Q4,9.3792460512268
Q,GN,Guinea,2021-Q1,10.383190170717
Q,GN,Guinea,2021-Q2,10.6896492367403
Q,GN,Guinea,2021-Q3,10.2051777941734
Q,GN,Guinea,2021-Q4,9.19338829511042
Q,GN,Guinea,2022-Q1,10.991147263809
Q,GN,Guinea,2022-Q2,10.8581560527803
Q,GN,Guinea,2022-Q3,8.96730384538273
Q,GN,Guinea,2022-Q4,8.76123017221236
Q,GN,Guinea,2023-Q1,8.36434626220003
Q,GN,Guinea,2023-Q2,8.58003399226364
Q,GN,Guinea,2023-Q3,8.78497309437717
Q,GN,Guinea,2023-Q4,8.9092709671129
Q,GN,Guinea,2024-Q1,9.50959558630479
Q,GN,Guinea,2024-Q2,9.14549635243713
Q,GN,Guinea,2024-Q3,8.53042131557802
Q,GN,Guinea,2024-Q4,6.69011606207076
A,GQ,Equatorial Guinea,2010,4.72033072957954
A,GQ,Equatorial Guinea,2011,4.41781877081119
A,GQ,Equatorial Guinea,2012,5.76775100732085
A,GQ,Equatorial Guinea,2013,20.1302259830138
A,GQ,Equatorial Guinea,2014,19.7351789788204
A,GQ,Equatorial Guinea,2015,17.6985743714901
A,GQ,Equatorial Guinea,2016,25.0939937723464
A,GQ,Equatorial Guinea,2017,27.5258097844518
A,GQ,Equatorial Guinea,2018,36.9237925384333
A,GQ,Equatorial Guinea,2019,49.0658298487693
A,GQ,Equatorial Guinea,2020,52.2420807240481
A,GQ,Equatorial Guinea,2021,55.0803396620946
A,GQ,Equatorial Guinea,2022,55.4109645865667
A,GQ,Equatorial Guinea,2023,31.1481310604313
Q,GQ,Equatorial Guinea,2010-Q1,5.23862257382148
Q,GQ,Equatorial Guinea,2010-Q2,5.1200879794191
Q,GQ,Equatorial Guinea,2010-Q3,3.13058035120783
Q,GQ,Equatorial Guinea,2010-Q4,4.72033072957954
Q,GQ,Equatorial Guinea,2011-Q1,8.08662325662769
Q,GQ,Equatorial Guinea,2011-Q2,4.61349355775338
Q,GQ,Equatorial Guinea,2011-Q3,3.77166466112879
Q,GQ,Equatorial Guinea,2011-Q4,4.41781877081119
Q,GQ,Equatorial Guinea,2012-Q1,5.24436846339501
Q,GQ,Equatorial Guinea,2012-Q2,4.47394272497793
Q,GQ,Equatorial Guinea,2012-Q3,3.88794215180545
Q,GQ,Equatorial Guinea,2012-Q4,5.76775100732085
Q,GQ,Equatorial Guinea,2013-Q1,4.5749222109374
Q,GQ,Equatorial Guinea,2013-Q2,5.74844150896747
Q,GQ,Equatorial Guinea,2013-Q3,18.3044288024011
Q,GQ,Equatorial Guinea,2013-Q4,20.1302259830138
Q,GQ,Equatorial Guinea,2014-Q1,16.9002655934993
Q,GQ,Equatorial Guinea,2014-Q2,14.525796758066
Q,GQ,Equatorial Guinea,2014-Q3,13.8632964820682
Q,GQ,Equatorial Guinea,2014-Q4,19.7351789788204
Q,GQ,Equatorial Guinea,2015-Q1,19.4261965287477
Q,GQ,Equatorial Guinea,2015-Q2,16.8086540228778
Q,GQ,Equatorial Guinea,2015-Q3,17.1209363507951
Q,GQ,Equatorial Guinea,2015-Q4,17.6985743714901
Q,GQ,Equatorial Guinea,2016-Q1,24.1557490038469
Q,GQ,Equatorial Guinea,2016-Q2,28.6365470945765
Q,GQ,Equatorial Guinea,2016-Q3,27.1404813171016
Q,GQ,Equatorial Guinea,2016-Q4,25.0939937723464
Q,GQ,Equatorial Guinea,2017-Q1,22.5824390895899
Q,GQ,Equatorial Guinea,2017-Q2,27.4946197824311
Q,GQ,Equatorial Guinea,2017-Q3,28.8321256116509
Q,GQ,Equatorial Guinea,2017-Q4,27.5258097844518
Q,GQ,Equatorial Guinea,2018-Q1,31.2606221177119
Q,GQ,Equatorial Guinea,2018-Q2,27.2772724544182
Q,GQ,Equatorial Guinea,2018-Q3,27.8736196646809
Q,GQ,Equatorial Guinea,2018-Q4,36.9237925384333
Q,GQ,Equatorial Guinea,2019-Q1,45.0875804958979
Q,GQ,Equatorial Guinea,2019-Q2,45.6698389530082
Q,GQ,Equatorial Guinea,2019-Q3,46.8259455738358
Q,GQ,Equatorial Guinea,2019-Q4,49.0658298487693
Q,GQ,Equatorial Guinea,2020-Q1,50.455300155682
Q,GQ,Equatorial Guinea,2020-Q2,49.8500171451085
Q,GQ,Equatorial Guinea,2020-Q3,51.4292565329444
Q,GQ,Equatorial Guinea,2020-Q4,52.2420807240481
Q,GQ,Equatorial Guinea,2021-Q1,53.4438852141624
Q,GQ,Equatorial Guinea,2021-Q2,59.5818912861362
Q,GQ,Equatorial Guinea,2021-Q3,59.9848276277845
Q,GQ,Equatorial Guinea,2021-Q4,55.0803396620946
Q,GQ,Equatorial Guinea,2022-Q1,58.5077788972869
Q,GQ,Equatorial Guinea,2022-Q2,58.2218938630495
Q,GQ,Equatorial Guinea,2022-Q3,56.5188022562502
Q,GQ,Equatorial Guinea,2022-Q4,55.4109645865667
Q,GQ,Equatorial Guinea,2023-Q1,56.3420228727695
Q,GQ,Equatorial Guinea,2023-Q2,56.0014684095289
Q,GQ,Equatorial Guinea,2023-Q3,54.4772937914635
Q,GQ,Equatorial Guinea,2023-Q4,31.1481310604313
A,GR,Greece,2008,2.47019680774369
A,GR,Greece,2009,3.7737094478324
A,GR,Greece,2010,5.62295516381547
A,GR,Greece,2011,9.19946087632775
A,GR,Greece,2012,15.7182240298714
A,GR,Greece,2013,27.8147390613922
A,GR,Greece,2014,29.9945374662288
A,GR,Greece,2015,35.7068688820245
A,GR,Greece,2016,37.3561319650912
A,GR,Greece,2017,45.9667979665881
A,GR,Greece,2018,43.3731858901074
A,GR,Greece,2019,38.0724169271524
A,GR,Greece,2020,30.8146791725642
A,GR,Greece,2021,11.881332954805
A,GR,Greece,2022,8.17432019475188
A,GR,Greece,2023,5.95812847046636
A,GR,Greece,2024,3.46297888111995
Q,GR,Greece,2008-Q3,2.36442472748479
Q,GR,Greece,2008-Q4,2.47019680774369
Q,GR,Greece,2009-Q1,2.89027081105655
Q,GR,Greece,2009-Q2,3.12752068888578
Q,GR,Greece,2009-Q3,3.55830674999268
Q,GR,Greece,2009-Q4,3.7737094478324
Q,GR,Greece,2010-Q1,5.11260073853899
Q,GR,Greece,2010-Q2,4.66180769157332
Q,GR,Greece,2010-Q3,5.28875389042911
Q,GR,Greece,2010-Q4,5.62295516381547
Q,GR,Greece,2011-Q1,6.39003843824915
Q,GR,Greece,2011-Q2,7.05506454734487
Q,GR,Greece,2011-Q3,8.27400030397273
Q,GR,Greece,2011-Q4,9.19946087632775
Q,GR,Greece,2012-Q1,11.2605632778787
Q,GR,Greece,2012-Q2,13.2927610444042
Q,GR,Greece,2012-Q3,13.7200293638623
Q,GR,Greece,2012-Q4,15.7182240298714
Q,GR,Greece,2013-Q1,23.5307495390119
Q,GR,Greece,2013-Q2,25.4968421526852
Q,GR,Greece,2013-Q3,26.2743612748231
Q,GR,Greece,2013-Q4,27.8147390613922
Q,GR,Greece,2014-Q1,29.069427164407
Q,GR,Greece,2014-Q2,29.9294468784022
Q,GR,Greece,2014-Q3,30.3151887498438
Q,GR,Greece,2014-Q4,29.9945374662288
Q,GR,Greece,2015-Q1,30.708844898031
Q,GR,Greece,2015-Q2,35.1870353390529
Q,GR,Greece,2015-Q3,36.4972927985264
Q,GR,Greece,2015-Q4,35.7068688820245
Q,GR,Greece,2016-Q1,36.08410095165
Q,GR,Greece,2016-Q2,36.2535570217902
Q,GR,Greece,2016-Q3,37.5115117433131
Q,GR,Greece,2016-Q4,37.3561319650912
Q,GR,Greece,2017-Q1,37.9306902697022
Q,GR,Greece,2017-Q2,37.3459537929995
Q,GR,Greece,2017-Q3,47.5567564314378
Q,GR,Greece,2017-Q4,45.9667979665881
Q,GR,Greece,2018-Q1,46.8254195488874
Q,GR,Greece,2018-Q2,46.5361474989761
Q,GR,Greece,2018-Q3,45.1236783962292
Q,GR,Greece,2018-Q4,43.3731858901074
Q,GR,Greece,2019-Q1,43.0864994841891
Q,GR,Greece,2019-Q2,41.2218911530922
Q,GR,Greece,2019-Q3,39.4755230901656
Q,GR,Greece,2019-Q4,38.0724169271524
Q,GR,Greece,2020-Q1,37.441891523958
Q,GR,Greece,2020-Q2,34.3541062790277
Q,GR,Greece,2020-Q3,33.0228225743791
Q,GR,Greece,2020-Q4,30.8146791725642
Q,GR,Greece,2021-Q1,30.8703541113181
Q,GR,Greece,2021-Q2,21.0591967778623
Q,GR,Greece,2021-Q3,16.1250791108477
Q,GR,Greece,2021-Q4,11.881332954805
Q,GR,Greece,2022-Q1,11.4542190896464
Q,GR,Greece,2022-Q2,9.42438250658606
Q,GR,Greece,2022-Q3,9.07801953649826
Q,GR,Greece,2022-Q4,8.17432019475188
Q,GR,Greece,2023-Q1,8.12648575283201
Q,GR,Greece,2023-Q2,7.53650214052529
Q,GR,Greece,2023-Q3,7.03196804761645
Q,GR,Greece,2023-Q4,5.95812847046636
Q,GR,Greece,2024-Q1,6.65285595240854
Q,GR,Greece,2024-Q2,6.16772901116931
Q,GR,Greece,2024-Q3,4.16105848022697
Q,GR,Greece,2024-Q4,3.46297888111995
Q,GR,Greece,2025-Q1,3.45722112571979
A,GT,Guatemala,2009,2.71061566979647
A,GT,Guatemala,2010,2.11039674737654
A,GT,Guatemala,2011,1.60613239480949
A,GT,Guatemala,2012,1.34453970286515
A,GT,Guatemala,2013,1.19312533153281
A,GT,Guatemala,2014,1.28775491932621
A,GT,Guatemala,2015,1.34732299472207
A,GT,Guatemala,2016,2.05475436425969
A,GT,Guatemala,2017,2.32399816309541
A,GT,Guatemala,2018,2.17622104946276
A,GT,Guatemala,2019,2.20127204363775
A,GT,Guatemala,2020,1.83008750356037
A,GT,Guatemala,2021,1.72976919973524
A,GT,Guatemala,2022,1.25341986613831
A,GT,Guatemala,2023,1.74956100410214
A,GT,Guatemala,2024,2.47132618857166
Q,GT,Guatemala,2009-Q1,2.62160713728091
Q,GT,Guatemala,2009-Q2,3.04145570101882
Q,GT,Guatemala,2009-Q3,3.18528036127337
Q,GT,Guatemala,2009-Q4,2.71061566979647
Q,GT,Guatemala,2010-Q1,2.66459373612397
Q,GT,Guatemala,2010-Q2,2.79793530867782
Q,GT,Guatemala,2010-Q3,2.67638668417153
Q,GT,Guatemala,2010-Q4,2.11039674737654
Q,GT,Guatemala,2011-Q1,1.93728799158296
Q,GT,Guatemala,2011-Q2,1.94082703543294
Q,GT,Guatemala,2011-Q3,1.83699454502292
Q,GT,Guatemala,2011-Q4,1.60613239480949
Q,GT,Guatemala,2012-Q1,1.51371402785207
Q,GT,Guatemala,2012-Q2,1.49586755449148
Q,GT,Guatemala,2012-Q3,1.5396151354818
Q,GT,Guatemala,2012-Q4,1.34453970286515
Q,GT,Guatemala,2013-Q1,1.34549887088583
Q,GT,Guatemala,2013-Q2,1.37599124910419
Q,GT,Guatemala,2013-Q3,1.32861943389603
Q,GT,Guatemala,2013-Q4,1.19312533153281
Q,GT,Guatemala,2014-Q1,1.30508062030934
Q,GT,Guatemala,2014-Q2,1.55891207264589
Q,GT,Guatemala,2014-Q3,1.40910692658292
Q,GT,Guatemala,2014-Q4,1.28775491932621
Q,GT,Guatemala,2015-Q1,1.35248657081207
Q,GT,Guatemala,2015-Q2,1.45062362881021
Q,GT,Guatemala,2015-Q3,1.43492677067534
Q,GT,Guatemala,2015-Q4,1.34732299472207
Q,GT,Guatemala,2016-Q1,1.46700220591206
Q,GT,Guatemala,2016-Q2,1.72707256117812
Q,GT,Guatemala,2016-Q3,2.07470339126712
Q,GT,Guatemala,2016-Q4,2.05475436425969
Q,GT,Guatemala,2017-Q1,2.29350380861048
Q,GT,Guatemala,2017-Q2,2.51798237666257
Q,GT,Guatemala,2017-Q3,2.56175340162076
Q,GT,Guatemala,2017-Q4,2.32399816309541
Q,GT,Guatemala,2018-Q1,2.46573084903093
Q,GT,Guatemala,2018-Q2,2.36484592419857
Q,GT,Guatemala,2018-Q3,2.38529706527532
Q,GT,Guatemala,2018-Q4,2.17622104946276
Q,GT,Guatemala,2019-Q1,2.23811924895865
Q,GT,Guatemala,2019-Q2,2.38020094113815
Q,GT,Guatemala,2019-Q3,2.50999732201285
Q,GT,Guatemala,2019-Q4,2.20127204363775
Q,GT,Guatemala,2020-Q1,2.09327581922962
Q,GT,Guatemala,2020-Q2,2.03497543355697
Q,GT,Guatemala,2020-Q3,2.08602803039633
Q,GT,Guatemala,2020-Q4,1.83008750356037
Q,GT,Guatemala,2021-Q1,2.00271112966795
Q,GT,Guatemala,2021-Q2,2.09221587886574
Q,GT,Guatemala,2021-Q3,1.94050534615886
Q,GT,Guatemala,2021-Q4,1.72976919973524
Q,GT,Guatemala,2022-Q1,1.66201935803299
Q,GT,Guatemala,2022-Q2,1.53382317716446
Q,GT,Guatemala,2022-Q3,1.47472338306613
Q,GT,Guatemala,2022-Q4,1.25341986613831
Q,GT,Guatemala,2023-Q1,1.34803549935863
Q,GT,Guatemala,2023-Q2,1.52884387971176
Q,GT,Guatemala,2023-Q3,1.63645641619238
Q,GT,Guatemala,2023-Q4,1.74956100410214
Q,GT,Guatemala,2024-Q1,2.11983905370567
Q,GT,Guatemala,2024-Q2,2.43780477300469
Q,GT,Guatemala,2024-Q3,2.4858113326116
Q,GT,Guatemala,2024-Q4,2.47132618857166
Q,GT,Guatemala,2025-Q1,2.36481261947195
A,HK,"Hong Kong, China",2008,1.23
A,HK,"Hong Kong, China",2009,1.58
A,HK,"Hong Kong, China",2010,0.83
A,HK,"Hong Kong, China",2011,0.69
A,HK,"Hong Kong, China",2012,0.6
A,HK,"Hong Kong, China",2013,0.54
A,HK,"Hong Kong, China",2014,0.51
A,HK,"Hong Kong, China",2015,0.73
A,HK,"Hong Kong, China",2016,0.854318088546397
A,HK,"Hong Kong, China",2017,0.668925745235763
A,HK,"Hong Kong, China",2018,0.546970804225276
A,HK,"Hong Kong, China",2019,0.568032237016265
A,HK,"Hong Kong, China",2020,0.902373530647949
A,HK,"Hong Kong, China",2021,0.878169345365409
A,HK,"Hong Kong, China",2022,1.01785430019981
A,HK,"Hong Kong, China",2023,1.20273871538593
A,HK,"Hong Kong, China",2024,1.55962294621642
Q,HK,"Hong Kong, China",2008-Q4,1.23
Q,HK,"Hong Kong, China",2009-Q1,1.53
Q,HK,"Hong Kong, China",2009-Q2,1.58
Q,HK,"Hong Kong, China",2009-Q3,1.48
Q,HK,"Hong Kong, China",2009-Q4,1.58
Q,HK,"Hong Kong, China",2010-Q1,1.47
Q,HK,"Hong Kong, China",2010-Q2,1.22
Q,HK,"Hong Kong, China",2010-Q3,1.15
Q,HK,"Hong Kong, China",2010-Q4,0.83
Q,HK,"Hong Kong, China",2011-Q1,0.74
Q,HK,"Hong Kong, China",2011-Q2,0.68
Q,HK,"Hong Kong, China",2011-Q3,0.649
Q,HK,"Hong Kong, China",2011-Q4,0.69
Q,HK,"Hong Kong, China",2012-Q1,0.67
Q,HK,"Hong Kong, China",2012-Q2,0.6
Q,HK,"Hong Kong, China",2012-Q3,0.59
Q,HK,"Hong Kong, China",2012-Q4,0.6
Q,HK,"Hong Kong, China",2013-Q1,0.6
Q,HK,"Hong Kong, China",2013-Q2,0.5
Q,HK,"Hong Kong, China",2013-Q3,0.5
Q,HK,"Hong Kong, China",2013-Q4,0.54
Q,HK,"Hong Kong, China",2014-Q1,0.51
Q,HK,"Hong Kong, China",2014-Q2,0.56
Q,HK,"Hong Kong, China",2014-Q3,0.53
Q,HK,"Hong Kong, China",2014-Q4,0.51
Q,HK,"Hong Kong, China",2015-Q1,0.51
Q,HK,"Hong Kong, China",2015-Q2,0.52
Q,HK,"Hong Kong, China",2015-Q3,0.56
Q,HK,"Hong Kong, China",2015-Q4,0.73
Q,HK,"Hong Kong, China",2016-Q1,0.86
Q,HK,"Hong Kong, China",2016-Q2,0.9
Q,HK,"Hong Kong, China",2016-Q3,0.92
Q,HK,"Hong Kong, China",2016-Q4,0.854318088546397
Q,HK,"Hong Kong, China",2017-Q1,0.831046583333065
Q,HK,"Hong Kong, China",2017-Q2,0.834587661739568
Q,HK,"Hong Kong, China",2017-Q3,0.792442142584334
Q,HK,"Hong Kong, China",2017-Q4,0.668925745235763
Q,HK,"Hong Kong, China",2018-Q1,0.648107838706827
Q,HK,"Hong Kong, China",2018-Q2,0.612187327527676
Q,HK,"Hong Kong, China",2018-Q3,0.600943881315801
Q,HK,"Hong Kong, China",2018-Q4,0.546970804225276
Q,HK,"Hong Kong, China",2019-Q1,0.555309083889519
Q,HK,"Hong Kong, China",2019-Q2,0.559616495837133
Q,HK,"Hong Kong, China",2019-Q3,0.557877415504004
Q,HK,"Hong Kong, China",2019-Q4,0.568032237016265
Q,HK,"Hong Kong, China",2020-Q1,0.615189216216094
Q,HK,"Hong Kong, China",2020-Q2,0.792106351417675
Q,HK,"Hong Kong, China",2020-Q3,0.837018490308844
Q,HK,"Hong Kong, China",2020-Q4,0.902373530647949
Q,HK,"Hong Kong, China",2021-Q1,0.893243735560473
Q,HK,"Hong Kong, China",2021-Q2,0.858458439890428
Q,HK,"Hong Kong, China",2021-Q3,0.81273407240391
Q,HK,"Hong Kong, China",2021-Q4,0.878169345365409
Q,HK,"Hong Kong, China",2022-Q1,0.976526504954538
Q,HK,"Hong Kong, China",2022-Q2,1.10110565574068
Q,HK,"Hong Kong, China",2022-Q3,1.18524924377041
Q,HK,"Hong Kong, China",2022-Q4,1.01785430019981
Q,HK,"Hong Kong, China",2023-Q1,1.0560288604789
Q,HK,"Hong Kong, China",2023-Q2,1.13317747495084
Q,HK,"Hong Kong, China",2023-Q3,1.21250313238646
Q,HK,"Hong Kong, China",2023-Q4,1.20273871538593
Q,HK,"Hong Kong, China",2024-Q1,1.39948936053288
Q,HK,"Hong Kong, China",2024-Q2,1.51837979879701
Q,HK,"Hong Kong, China",2024-Q3,1.57496266822633
Q,HK,"Hong Kong, China",2024-Q4,1.55962294621642
Q,HK,"Hong Kong, China",2025-Q1,1.56049691661105
A,HN,Honduras,2010,3.66354687451701
A,HN,Honduras,2011,2.93741700834833
A,HN,Honduras,2012,3.28720316567911
A,HN,Honduras,2013,3.39335992951502
A,HN,Honduras,2014,3.27080240326135
A,HN,Honduras,2015,3.05632098417855
A,HN,Honduras,2016,3.12962195330449
A,HN,Honduras,2017,2.52766568053731
A,HN,Honduras,2018,2.2783334809356
A,HN,Honduras,2019,2.38151351234118
A,HN,Honduras,2020,3.22132059683531
A,HN,Honduras,2021,2.83011038699647
A,HN,Honduras,2022,2.37715462882432
A,HN,Honduras,2023,2.06176060223595
A,HN,Honduras,2024,2.27767985774352
Q,HN,Honduras,2010-Q1,4.77566728995211
Q,HN,Honduras,2010-Q2,4.77455206514088
Q,HN,Honduras,2010-Q3,4.68821274932262
Q,HN,Honduras,2010-Q4,3.66354687451701
Q,HN,Honduras,2011-Q1,3.63199006863599
Q,HN,Honduras,2011-Q2,3.43921384290606
Q,HN,Honduras,2011-Q3,3.55205888949166
Q,HN,Honduras,2011-Q4,2.93741700834833
Q,HN,Honduras,2012-Q1,2.92603270596223
Q,HN,Honduras,2012-Q2,2.747569377499
Q,HN,Honduras,2012-Q3,2.56123875390907
Q,HN,Honduras,2012-Q4,3.28720316567911
Q,HN,Honduras,2013-Q1,3.33582140168575
Q,HN,Honduras,2013-Q2,3.75123529972713
Q,HN,Honduras,2013-Q3,3.6795102044501
Q,HN,Honduras,2013-Q4,3.39335992951502
Q,HN,Honduras,2014-Q1,3.64127752068237
Q,HN,Honduras,2014-Q2,3.72484326184332
Q,HN,Honduras,2014-Q3,3.96225999909382
Q,HN,Honduras,2014-Q4,3.27080240326135
Q,HN,Honduras,2015-Q1,3.36218411645428
Q,HN,Honduras,2015-Q2,3.35394704726798
Q,HN,Honduras,2015-Q3,3.66789551071298
Q,HN,Honduras,2015-Q4,3.05632098417855
Q,HN,Honduras,2016-Q1,3.72801428447753
Q,HN,Honduras,2016-Q2,3.65793051951348
Q,HN,Honduras,2016-Q3,3.52308032260876
Q,HN,Honduras,2016-Q4,3.12962195330449
Q,HN,Honduras,2017-Q1,2.77827380642968
Q,HN,Honduras,2017-Q2,2.67984057635065
Q,HN,Honduras,2017-Q3,2.69238646131398
Q,HN,Honduras,2017-Q4,2.52766568053731
Q,HN,Honduras,2018-Q1,2.47821634704602
Q,HN,Honduras,2018-Q2,2.55726286490069
Q,HN,Honduras,2018-Q3,2.49571690830267
Q,HN,Honduras,2018-Q4,2.2783334809356
Q,HN,Honduras,2019-Q1,2.44773726994912
Q,HN,Honduras,2019-Q2,2.55623224999182
Q,HN,Honduras,2019-Q3,2.74443430826244
Q,HN,Honduras,2019-Q4,2.38151351234118
Q,HN,Honduras,2020-Q1,2.25674457610015
Q,HN,Honduras,2020-Q2,3.05290968795582
Q,HN,Honduras,2020-Q3,2.80879965474315
Q,HN,Honduras,2020-Q4,3.22132059683531
Q,HN,Honduras,2021-Q1,3.17223040994769
Q,HN,Honduras,2021-Q2,3.45082840651902
Q,HN,Honduras,2021-Q3,3.45343326451485
Q,HN,Honduras,2021-Q4,2.83011038699647
Q,HN,Honduras,2022-Q1,2.77311534062207
Q,HN,Honduras,2022-Q2,2.78420825333539
Q,HN,Honduras,2022-Q3,2.57478036724661
Q,HN,Honduras,2022-Q4,2.37715462882432
Q,HN,Honduras,2023-Q1,2.22978984739249
Q,HN,Honduras,2023-Q2,2.34324116946216
Q,HN,Honduras,2023-Q3,2.22272227207997
Q,HN,Honduras,2023-Q4,2.06176060223595
Q,HN,Honduras,2024-Q1,2.16622642307625
Q,HN,Honduras,2024-Q2,2.27894818734606
Q,HN,Honduras,2024-Q3,2.35898614052909
Q,HN,Honduras,2024-Q4,2.27767985774352
Q,HN,Honduras,2025-Q1,2.61767601546908
Q,HN,Honduras,2025-Q2,2.59885736014603
A,HR,Croatia,2006,5.34245735688259
A,HR,Croatia,2007,4.87864305198447
A,HR,Croatia,2008,4.99056742440643
A,HR,Croatia,2009,7.91941760061947
A,HR,Croatia,2010,11.5855332193819
A,HR,Croatia,2011,12.928961296036
A,HR,Croatia,2012,14.5622704712966
A,HR,Croatia,2013,16.7568120904944
A,HR,Croatia,2014,18.4279034590926
A,HR,Croatia,2015,18.1676735966228
A,HR,Croatia,2016,15.0408591292297
A,HR,Croatia,2017,12.1373945444085
A,HR,Croatia,2018,10.4132460170911
A,HR,Croatia,2019,7.41124434409121
A,HR,Croatia,2020,7.62864949414571
A,HR,Croatia,2021,5.69923091645787
A,HR,Croatia,2022,4.33106920944263
A,HR,Croatia,2023,3.59717600090013
A,HR,Croatia,2024,3.08344546122959
Q,HR,Croatia,2006-Q2,5.72624445986181
Q,HR,Croatia,2006-Q3,5.70212632889171
Q,HR,Croatia,2006-Q4,5.34245735688259
Q,HR,Croatia,2007-Q1,5.01169439269328
Q,HR,Croatia,2007-Q2,5.20066386295511
Q,HR,Croatia,2007-Q3,4.93224710203857
Q,HR,Croatia,2007-Q4,4.87864305198447
Q,HR,Croatia,2008-Q1,4.90145479424451
Q,HR,Croatia,2008-Q2,4.8765152053469
Q,HR,Croatia,2008-Q3,4.94146965109889
Q,HR,Croatia,2008-Q4,4.99056742440643
Q,HR,Croatia,2009-Q1,5.27792569370006
Q,HR,Croatia,2009-Q2,6.13189242121424
Q,HR,Croatia,2009-Q3,6.61724819743224
Q,HR,Croatia,2009-Q4,7.91941760061947
Q,HR,Croatia,2010-Q1,8.80476731849689
Q,HR,Croatia,2010-Q2,9.55809512713596
Q,HR,Croatia,2010-Q3,10.3233286070574
Q,HR,Croatia,2010-Q4,11.5855332193819
Q,HR,Croatia,2011-Q1,11.7994966706419
Q,HR,Croatia,2011-Q2,12.3481117661965
Q,HR,Croatia,2011-Q3,12.7129976058446
Q,HR,Croatia,2011-Q4,12.928961296036
Q,HR,Croatia,2012-Q1,13.2813811379391
Q,HR,Croatia,2012-Q2,13.9135210610888
Q,HR,Croatia,2012-Q3,14.7036935392933
Q,HR,Croatia,2012-Q4,14.5622704712966
Q,HR,Croatia,2013-Q1,15.3047840268113
Q,HR,Croatia,2013-Q2,15.9247473117517
Q,HR,Croatia,2013-Q3,16.123722784523
Q,HR,Croatia,2013-Q4,16.7568120904944
Q,HR,Croatia,2014-Q1,17.3226332150317
Q,HR,Croatia,2014-Q2,17.9173459909228
Q,HR,Croatia,2014-Q3,18.7268853126428
Q,HR,Croatia,2014-Q4,18.4279034590926
Q,HR,Croatia,2015-Q1,18.7008224897438
Q,HR,Croatia,2015-Q2,18.9311786042247
Q,HR,Croatia,2015-Q3,18.686448145074
Q,HR,Croatia,2015-Q4,18.1676735966228
Q,HR,Croatia,2016-Q1,17.6939366781836
Q,HR,Croatia,2016-Q2,16.3772359476291
Q,HR,Croatia,2016-Q3,16.0308841970554
Q,HR,Croatia,2016-Q4,15.0408591292297
Q,HR,Croatia,2017-Q1,15.1831798989971
Q,HR,Croatia,2017-Q2,14.2164753630779
Q,HR,Croatia,2017-Q3,13.4805999992516
Q,HR,Croatia,2017-Q4,12.1373945444085
Q,HR,Croatia,2018-Q1,12.2271568976378
Q,HR,Croatia,2018-Q2,11.9971831393707
Q,HR,Croatia,2018-Q3,10.9226972105162
Q,HR,Croatia,2018-Q4,10.4132460170911
Q,HR,Croatia,2019-Q1,10.0856489643284
Q,HR,Croatia,2019-Q2,9.71447286244892
Q,HR,Croatia,2019-Q3,8.11812315656481
Q,HR,Croatia,2019-Q4,7.41124434409121
Q,HR,Croatia,2020-Q1,7.08602928157059
Q,HR,Croatia,2020-Q2,7.25769760218972
Q,HR,Croatia,2020-Q3,7.3984884221476
Q,HR,Croatia,2020-Q4,7.62864949414571
Q,HR,Croatia,2021-Q1,6.64317901510574
Q,HR,Croatia,2021-Q2,6.46827004436447
Q,HR,Croatia,2021-Q3,5.88812738842786
Q,HR,Croatia,2021-Q4,5.69923091645787
Q,HR,Croatia,2022-Q1,5.44053099813686
Q,HR,Croatia,2022-Q2,4.89978926929705
Q,HR,Croatia,2022-Q3,4.25082562072082
Q,HR,Croatia,2022-Q4,4.33106920944263
Q,HR,Croatia,2023-Q1,4.13396375672601
Q,HR,Croatia,2023-Q2,3.84278512400487
Q,HR,Croatia,2023-Q3,3.54798142546586
Q,HR,Croatia,2023-Q4,3.59717600090013
Q,HR,Croatia,2024-Q1,3.34024716191753
Q,HR,Croatia,2024-Q2,3.22110453094674
Q,HR,Croatia,2024-Q3,3.2440001860355
Q,HR,Croatia,2024-Q4,3.08344546122959
Q,HR,Croatia,2025-Q1,3.07442231264468
A,HU,Hungary,2008,3.22977053583447
A,HU,Hungary,2009,8.13169846349339
A,HU,Hungary,2010,10.0371610997272
A,HU,Hungary,2011,13.6774946903894
A,HU,Hungary,2012,16.042828623319
A,HU,Hungary,2013,16.8257283651434
A,HU,Hungary,2014,15.6215268130428
A,HU,Hungary,2015,11.6631260334093
A,HU,Hungary,2016,7.42356209737637
A,HU,Hungary,2017,4.16778804339289
A,HU,Hungary,2018,2.46529955892284
A,HU,Hungary,2019,1.50911884316991
A,HU,Hungary,2020,3.95320327433446
A,HU,Hungary,2021,3.56827817202546
A,HU,Hungary,2022,3.78954496110877
A,HU,Hungary,2023,3.18825349284605
A,HU,Hungary,2024,2.70903403925186
Q,HU,Hungary,2008-Q4,3.22977053583447
Q,HU,Hungary,2009-Q2,5.31626078994806
Q,HU,Hungary,2009-Q4,8.13169846349339
Q,HU,Hungary,2010-Q1,9.34812945865491
Q,HU,Hungary,2010-Q2,9.11611264203034
Q,HU,Hungary,2010-Q3,8.93430984615896
Q,HU,Hungary,2010-Q4,10.0371610997272
Q,HU,Hungary,2011-Q1,10.8126869898787
Q,HU,Hungary,2011-Q2,12.6969989718418
Q,HU,Hungary,2011-Q3,12.6860409855213
Q,HU,Hungary,2011-Q4,13.6774946903894
Q,HU,Hungary,2012-Q1,14.5654000331751
Q,HU,Hungary,2012-Q2,16.0168826877546
Q,HU,Hungary,2012-Q3,16.349462422661
Q,HU,Hungary,2012-Q4,16.042828623319
Q,HU,Hungary,2013-Q1,16.6564708431066
Q,HU,Hungary,2013-Q2,17.3192494130813
Q,HU,Hungary,2013-Q3,17.2523313917785
Q,HU,Hungary,2013-Q4,16.8257283651434
Q,HU,Hungary,2014-Q1,16.612590980908
Q,HU,Hungary,2014-Q2,16.3047575741949
Q,HU,Hungary,2014-Q3,16.2882033765158
Q,HU,Hungary,2014-Q4,15.6215268130428
Q,HU,Hungary,2015-Q1,12.5489131002512
Q,HU,Hungary,2015-Q2,12.5211336912654
Q,HU,Hungary,2015-Q3,13.3527821092334
Q,HU,Hungary,2015-Q4,11.6631260334093
Q,HU,Hungary,2016-Q1,10.9166604196167
Q,HU,Hungary,2016-Q2,9.96037887406107
Q,HU,Hungary,2016-Q3,8.98265456181374
Q,HU,Hungary,2016-Q4,7.42356209737637
Q,HU,Hungary,2017-Q1,6.02034552280536
Q,HU,Hungary,2017-Q2,5.35436097629969
Q,HU,Hungary,2017-Q3,4.77834817642807
Q,HU,Hungary,2017-Q4,4.16778804339289
Q,HU,Hungary,2018-Q1,3.50238686179775
Q,HU,Hungary,2018-Q2,3.05528758874426
Q,HU,Hungary,2018-Q3,2.88638036297567
Q,HU,Hungary,2018-Q4,2.46529955892284
Q,HU,Hungary,2019-Q1,2.37545187637525
Q,HU,Hungary,2019-Q2,2.00541140044553
Q,HU,Hungary,2019-Q3,1.63814914480177
Q,HU,Hungary,2019-Q4,1.50911884316991
Q,HU,Hungary,2020-Q1,4.16963516810603
Q,HU,Hungary,2020-Q2,4.3499818620005
Q,HU,Hungary,2020-Q3,4.20409252991776
Q,HU,Hungary,2020-Q4,3.95320327433446
Q,HU,Hungary,2021-Q1,3.95091314099586
Q,HU,Hungary,2021-Q2,3.80053213701229
Q,HU,Hungary,2021-Q3,3.39854850177419
Q,HU,Hungary,2021-Q4,3.56827817202546
Q,HU,Hungary,2022-Q1,3.41368234220308
Q,HU,Hungary,2022-Q2,3.6979928625683
Q,HU,Hungary,2022-Q3,3.67506269626221
Q,HU,Hungary,2022-Q4,3.78954496110877
Q,HU,Hungary,2023-Q1,3.65202693112582
Q,HU,Hungary,2023-Q2,3.41914741867242
Q,HU,Hungary,2023-Q3,3.38661013242195
Q,HU,Hungary,2023-Q4,3.18825349284605
Q,HU,Hungary,2024-Q1,3.11198113377495
Q,HU,Hungary,2024-Q2,3.02226438774756
Q,HU,Hungary,2024-Q3,2.86067645611957
Q,HU,Hungary,2024-Q4,2.70903403925186
Q,HU,Hungary,2025-Q1,2.62701983358765
A,ID,Indonesia,2005,6.25246820199786
A,ID,Indonesia,2006,5.15545411942603
A,ID,Indonesia,2007,3.69085921286511
A,ID,Indonesia,2008,2.87020628006279
A,ID,Indonesia,2009,2.89219586768057
A,ID,Indonesia,2010,2.31233314887669
A,ID,Indonesia,2011,2.00668094304848
A,ID,Indonesia,2012,1.67598753441661
A,ID,Indonesia,2013,1.60618085839081
A,ID,Indonesia,2014,1.97494771279186
A,ID,Indonesia,2015,2.31686319973563
A,ID,Indonesia,2016,2.77489855191291
A,ID,Indonesia,2017,2.44404843529866
A,ID,Indonesia,2018,2.20579865068329
A,ID,Indonesia,2019,2.33935750447439
A,ID,Indonesia,2020,2.64268448647727
A,ID,Indonesia,2021,2.64057088343298
A,ID,Indonesia,2022,2.14649051618116
A,ID,Indonesia,2023,1.95628264361572
A,ID,Indonesia,2024,1.9378653282816
Q,ID,Indonesia,2011-Q2,2.56460499432222
Q,ID,Indonesia,2011-Q4,2.00668094304848
Q,ID,Indonesia,2012-Q1,2.03430611596852
Q,ID,Indonesia,2012-Q2,1.93824962847913
Q,ID,Indonesia,2012-Q3,1.84442654335742
Q,ID,Indonesia,2012-Q4,1.67598753441661
Q,ID,Indonesia,2013-Q1,1.73882809347314
Q,ID,Indonesia,2013-Q2,1.70702197179729
Q,ID,Indonesia,2013-Q3,1.67779673548597
Q,ID,Indonesia,2013-Q4,1.60618085839081
Q,ID,Indonesia,2014-Q1,1.8172335040937
Q,ID,Indonesia,2014-Q2,1.97687301497349
Q,ID,Indonesia,2014-Q3,2.06277893385055
Q,ID,Indonesia,2014-Q4,1.97494771279186
Q,ID,Indonesia,2015-Q1,2.18716254847545
Q,ID,Indonesia,2015-Q2,2.34507077099721
Q,ID,Indonesia,2015-Q3,2.46119467008749
Q,ID,Indonesia,2015-Q4,2.31686319973563
Q,ID,Indonesia,2016-Q1,2.57989066311813
Q,ID,Indonesia,2016-Q2,2.8402086373102
Q,ID,Indonesia,2016-Q3,2.89003996916023
Q,ID,Indonesia,2016-Q4,2.77489855191291
Q,ID,Indonesia,2017-Q1,2.83444853179874
Q,ID,Indonesia,2017-Q2,2.78619354965537
Q,ID,Indonesia,2017-Q3,2.69747625688544
Q,ID,Indonesia,2017-Q4,2.44404843529866
Q,ID,Indonesia,2018-Q1,2.55797537445152
Q,ID,Indonesia,2018-Q2,2.48262993864783
Q,ID,Indonesia,2018-Q3,2.44015266714482
Q,ID,Indonesia,2018-Q4,2.20579865068329
Q,ID,Indonesia,2019-Q1,2.29631066048472
Q,ID,Indonesia,2019-Q2,2.28938812421514
Q,ID,Indonesia,2019-Q3,2.45032177788238
Q,ID,Indonesia,2019-Q4,2.33935750447439
Q,ID,Indonesia,2020-Q1,2.52332071381339
Q,ID,Indonesia,2020-Q2,2.79979615159997
Q,ID,Indonesia,2020-Q3,2.75871916722079
Q,ID,Indonesia,2020-Q4,2.64268448647727
Q,ID,Indonesia,2021-Q1,2.71800670081043
Q,ID,Indonesia,2021-Q2,2.87285877160211
Q,ID,Indonesia,2021-Q3,2.85040901455719
Q,ID,Indonesia,2021-Q4,2.64057088343298
Q,ID,Indonesia,2022-Q1,2.59674908777471
Q,ID,Indonesia,2022-Q2,2.60666282226866
Q,ID,Indonesia,2022-Q3,2.47444239652035
Q,ID,Indonesia,2022-Q4,2.14649051618116
Q,ID,Indonesia,2023-Q1,2.1976854596519
Q,ID,Indonesia,2023-Q2,2.15083246334369
Q,ID,Indonesia,2023-Q3,2.15348731889322
Q,ID,Indonesia,2023-Q4,1.95628264361572
Q,ID,Indonesia,2024-Q1,2.04219570171427
Q,ID,Indonesia,2024-Q2,2.07719744204641
Q,ID,Indonesia,2024-Q3,2.04387352867804
Q,ID,Indonesia,2024-Q4,1.9378653282816
Q,ID,Indonesia,2025-Q1,2.00627115384509
A,IE,Ireland,2005,0.480366744116291
A,IE,Ireland,2006,0.534720753421795
A,IE,Ireland,2007,0.629176742433281
A,IE,Ireland,2008,1.92252115115214
A,IE,Ireland,2009,9.7963666080107
A,IE,Ireland,2010,12.4666710113595
A,IE,Ireland,2011,16.1214680824703
A,IE,Ireland,2012,21.3116231755291
A,IE,Ireland,2013,22.3727039607198
A,IE,Ireland,2014,20.64880382204
A,IE,Ireland,2015,16.9137587763139
A,IE,Ireland,2016,12.6269750146121
A,IE,Ireland,2017,11.4589228987576
A,IE,Ireland,2018,5.45685456904851
A,IE,Ireland,2019,3.36383712525729
A,IE,Ireland,2020,3.36142776920367
A,IE,Ireland,2021,2.4821487470182
A,IE,Ireland,2022,1.60747302300572
A,IE,Ireland,2023,1.27071424651772
A,IE,Ireland,2024,1.09478411815428
Q,IE,Ireland,2010-Q1,11.3537453489703
Q,IE,Ireland,2010-Q2,12.6140296041615
Q,IE,Ireland,2010-Q3,12.9723300801063
Q,IE,Ireland,2010-Q4,12.4666710113595
Q,IE,Ireland,2011-Q1,12.2601231702698
Q,IE,Ireland,2011-Q2,13.7193251664784
Q,IE,Ireland,2011-Q3,15.2075538159063
Q,IE,Ireland,2011-Q4,16.1214680824703
Q,IE,Ireland,2012-Q1,18.3959722367437
Q,IE,Ireland,2012-Q2,18.7392560369424
Q,IE,Ireland,2012-Q3,20.1011253072669
Q,IE,Ireland,2012-Q4,21.3116231755291
Q,IE,Ireland,2013-Q1,19.5693540780437
Q,IE,Ireland,2013-Q2,20.578382047114
Q,IE,Ireland,2013-Q3,21.3137121138291
Q,IE,Ireland,2013-Q4,22.3727039607198
Q,IE,Ireland,2014-Q1,24.0624338475
Q,IE,Ireland,2014-Q2,23.1165948174875
Q,IE,Ireland,2014-Q3,22.3446305920838
Q,IE,Ireland,2014-Q4,20.64880382204
Q,IE,Ireland,2015-Q1,20.6943178565817
Q,IE,Ireland,2015-Q2,19.9536527944829
Q,IE,Ireland,2015-Q3,18.5705155350881
Q,IE,Ireland,2015-Q4,16.9137587763139
Q,IE,Ireland,2016-Q1,14.9785947808253
Q,IE,Ireland,2016-Q2,15.0418090109447
Q,IE,Ireland,2016-Q3,14.6457387090781
Q,IE,Ireland,2016-Q4,12.6269750146121
Q,IE,Ireland,2017-Q1,11.8780614850608
Q,IE,Ireland,2017-Q2,11.9245457551576
Q,IE,Ireland,2017-Q3,12.435849299209
Q,IE,Ireland,2017-Q4,11.4589228987576
Q,IE,Ireland,2018-Q1,10.6187060731472
Q,IE,Ireland,2018-Q2,8.57784468953093
Q,IE,Ireland,2018-Q3,7.78137901779508
Q,IE,Ireland,2018-Q4,5.45685456904851
Q,IE,Ireland,2019-Q1,4.66820094437639
Q,IE,Ireland,2019-Q2,4.20358286649416
Q,IE,Ireland,2019-Q3,3.81324455358043
Q,IE,Ireland,2019-Q4,3.36383712525729
Q,IE,Ireland,2020-Q1,3.04927858192463
Q,IE,Ireland,2020-Q2,3.47091108150407
Q,IE,Ireland,2020-Q3,3.46793133801819
Q,IE,Ireland,2020-Q4,3.36142776920367
Q,IE,Ireland,2021-Q1,3.15554292943178
Q,IE,Ireland,2021-Q2,2.79986607581513
Q,IE,Ireland,2021-Q3,2.39807421329459
Q,IE,Ireland,2021-Q4,2.4821487470182
Q,IE,Ireland,2022-Q1,2.1939704495353
Q,IE,Ireland,2022-Q2,2.07059580714827
Q,IE,Ireland,2022-Q3,1.68660896560452
Q,IE,Ireland,2022-Q4,1.60747302300572
Q,IE,Ireland,2023-Q1,1.51362556857042
Q,IE,Ireland,2023-Q2,1.45327861670802
Q,IE,Ireland,2023-Q3,1.43178971535775
Q,IE,Ireland,2023-Q4,1.27071424651772
Q,IE,Ireland,2024-Q1,1.31714873769655
Q,IE,Ireland,2024-Q2,1.16813969106661
Q,IE,Ireland,2024-Q3,1.22751613657587
Q,IE,Ireland,2024-Q4,1.09478411815428
Q,IE,Ireland,2025-Q1,1.03857440191884
A,IL,Israel,2012,3.4544051062578
A,IL,Israel,2013,2.90140768348366
A,IL,Israel,2014,2.16639379251709
A,IL,Israel,2015,1.8448062230203
A,IL,Israel,2016,1.6065430145001
A,IL,Israel,2017,1.29067074436066
A,IL,Israel,2018,1.21092611547297
A,IL,Israel,2019,1.38801645888401
A,IL,Israel,2020,1.3749571925134
A,IL,Israel,2021,1.05034256985074
A,IL,Israel,2022,0.711449035516497
A,IL,Israel,2023,0.971523456197715
A,IL,Israel,2024,0.721349952547699
Q,IL,Israel,2012-Q4,3.4544051062578
Q,IL,Israel,2013-Q1,3.30761620607516
Q,IL,Israel,2013-Q2,3.15097196213403
Q,IL,Israel,2013-Q3,2.99390420224742
Q,IL,Israel,2013-Q4,2.90140768348366
Q,IL,Israel,2014-Q1,2.6879608977629
Q,IL,Israel,2014-Q2,2.55253695124917
Q,IL,Israel,2014-Q3,2.35395349990394
Q,IL,Israel,2014-Q4,2.16639379251709
Q,IL,Israel,2015-Q1,2.20923892368982
Q,IL,Israel,2015-Q2,2.11092245585691
Q,IL,Israel,2015-Q3,2.00677779637945
Q,IL,Israel,2015-Q4,1.8448062230203
Q,IL,Israel,2016-Q1,1.75116470608706
Q,IL,Israel,2016-Q2,1.67726105486652
Q,IL,Israel,2016-Q3,1.6175738317663
Q,IL,Israel,2016-Q4,1.6065430145001
Q,IL,Israel,2017-Q1,1.48747166795138
Q,IL,Israel,2017-Q2,1.43157695587612
Q,IL,Israel,2017-Q3,1.3559393509378
Q,IL,Israel,2017-Q4,1.29067074436066
Q,IL,Israel,2018-Q1,1.25652827621724
Q,IL,Israel,2018-Q2,1.2759951064937
Q,IL,Israel,2018-Q3,1.25519177061046
Q,IL,Israel,2018-Q4,1.21092611547297
Q,IL,Israel,2019-Q1,1.20153751921807
Q,IL,Israel,2019-Q2,1.22228085781257
Q,IL,Israel,2019-Q3,1.21916312528113
Q,IL,Israel,2019-Q4,1.38801645888401
Q,IL,Israel,2020-Q1,1.38289102774571
Q,IL,Israel,2020-Q2,1.40496449537198
Q,IL,Israel,2020-Q3,1.31516797854333
Q,IL,Israel,2020-Q4,1.3749571925134
Q,IL,Israel,2021-Q1,1.35608861754282
Q,IL,Israel,2021-Q2,1.19775080386733
Q,IL,Israel,2021-Q3,1.12876082900476
Q,IL,Israel,2021-Q4,1.05034256985074
Q,IL,Israel,2022-Q1,0.869714629703003
Q,IL,Israel,2022-Q2,0.884457941938875
Q,IL,Israel,2022-Q3,0.76289894479982
Q,IL,Israel,2022-Q4,0.711449035516497
Q,IL,Israel,2023-Q1,0.716836010229165
Q,IL,Israel,2023-Q2,0.785547068406217
Q,IL,Israel,2023-Q3,0.880515317821198
Q,IL,Israel,2023-Q4,0.971523456197715
Q,IL,Israel,2024-Q1,0.888780069465158
Q,IL,Israel,2024-Q2,0.824575608495874
Q,IL,Israel,2024-Q3,0.796530236820529
Q,IL,Israel,2024-Q4,0.721349952547699
Q,IL,Israel,2025-Q1,0.696927044482896
A,IN,India,2005,4.40178559448821
A,IN,India,2008,2.44971206075607
A,IN,India,2011,2.67019501469286
A,IN,India,2012,3.37395391664123
A,IN,India,2013,4.02772863501631
A,IN,India,2014,4.34584976316209
A,IN,India,2015,5.88352227400692
A,IN,India,2016,9.18565591814957
A,IN,India,2017,9.97528206363178
A,IN,India,2018,9.46095691207992
A,IN,India,2019,9.23442899080834
A,IN,India,2020,7.93883072465331
A,IN,India,2021,6.54245582956179
A,IN,India,2022,4.81188454630948
A,IN,India,2023,3.35890319602043
A,IN,India,2024,2.50044366571028
Q,IN,India,2009-Q1,2.0018580829309
Q,IN,India,2009-Q3,2.21218395408858
Q,IN,India,2010-Q1,2.27515209593587
Q,IN,India,2010-Q3,2.3861328644231
Q,IN,India,2011-Q1,2.22847680030571
Q,IN,India,2011-Q3,2.7625685947169
Q,IN,India,2011-Q4,2.67019501469286
Q,IN,India,2012-Q1,2.7962982532297
Q,IN,India,2012-Q2,3.00727917438895
Q,IN,India,2012-Q3,3.36810404710987
Q,IN,India,2012-Q4,3.37395391664123
Q,IN,India,2013-Q1,3.17189947623972
Q,IN,India,2013-Q2,3.63133735774242
Q,IN,India,2013-Q3,3.82330845667074
Q,IN,India,2013-Q4,4.02772863501631
Q,IN,India,2014-Q1,3.75304556217516
Q,IN,India,2014-Q2,3.9527501536106
Q,IN,India,2014-Q3,4.12561262759788
Q,IN,India,2014-Q4,4.34584976316209
Q,IN,India,2015-Q1,4.23127284898523
Q,IN,India,2015-Q2,4.61373057793095
Q,IN,India,2015-Q3,4.7699901261853
Q,IN,India,2015-Q4,5.88352227400692
Q,IN,India,2016-Q1,7.38606456082027
Q,IN,India,2016-Q2,7.57279578452029
Q,IN,India,2016-Q3,8.79775238958181
Q,IN,India,2016-Q4,9.18565591814957
Q,IN,India,2017-Q1,8.94521119271274
Q,IN,India,2017-Q2,9.8459843060679
Q,IN,India,2017-Q3,9.73316753292312
Q,IN,India,2017-Q4,9.97528206363178
Q,IN,India,2018-Q1,10.8535547612174
Q,IN,India,2018-Q2,10.7903186782753
Q,IN,India,2018-Q3,10.3379503666953
Q,IN,India,2018-Q4,9.46095691207992
Q,IN,India,2019-Q1,8.85453231418155
Q,IN,India,2019-Q2,8.94327520025666
Q,IN,India,2019-Q3,9.08066503910354
Q,IN,India,2019-Q4,9.23442899080834
Q,IN,India,2020-Q1,8.43486461991891
Q,IN,India,2020-Q2,8.15928397806795
Q,IN,India,2020-Q3,7.70954218296758
Q,IN,India,2020-Q4,7.93883072465331
Q,IN,India,2021-Q1,8.5622333004654
Q,IN,India,2021-Q2,7.55558364448648
Q,IN,India,2021-Q3,6.88769913010157
Q,IN,India,2021-Q4,6.54245582956179
Q,IN,India,2022-Q1,5.76136295201632
Q,IN,India,2022-Q2,5.59038413441533
Q,IN,India,2022-Q3,4.96916844235289
Q,IN,India,2022-Q4,4.81188454630948
Q,IN,India,2023-Q1,4.24677081097451
Q,IN,India,2023-Q2,4.08807282247856
Q,IN,India,2023-Q3,3.64284522286799
Q,IN,India,2023-Q4,3.35890319602043
Q,IN,India,2024-Q1,2.87332375691281
Q,IN,India,2024-Q2,2.81012645671927
Q,IN,India,2024-Q3,2.68976917185579
Q,IN,India,2024-Q4,2.50044366571028
Q,IN,India,2025-Q1,2.34351590842434
A,IQ,Iraq,2015,9.01708883873133
A,IQ,Iraq,2016,12.688814040404
A,IQ,Iraq,2017,14.8402137701319
A,IQ,Iraq,2018,17.5475713444444
A,IQ,Iraq,2019,16.1814499695755
A,IQ,Iraq,2020,20.9715574138552
A,IQ,Iraq,2021,18.4925334294475
A,IQ,Iraq,2022,18.8458136272734
A,IQ,Iraq,2023,14.66410619547
A,IQ,Iraq,2024,16.5398134318879
Q,IQ,Iraq,2015-Q2,6.01161462243742
Q,IQ,Iraq,2015-Q3,7.50695187776832
Q,IQ,Iraq,2015-Q4,9.01708883873133
Q,IQ,Iraq,2016-Q1,11.7324588528355
Q,IQ,Iraq,2016-Q2,11.9459427929528
Q,IQ,Iraq,2016-Q3,12.7229031214324
Q,IQ,Iraq,2016-Q4,12.688814040404
Q,IQ,Iraq,2017-Q1,13.1690681768065
Q,IQ,Iraq,2017-Q2,13.5673120042489
Q,IQ,Iraq,2017-Q3,14.3516820139544
Q,IQ,Iraq,2017-Q4,14.8402137701319
Q,IQ,Iraq,2018-Q1,15.163595767356
Q,IQ,Iraq,2018-Q2,15.7304437965933
Q,IQ,Iraq,2018-Q3,17.018646424658
Q,IQ,Iraq,2018-Q4,17.5475713444444
Q,IQ,Iraq,2019-Q1,18.191293483479
Q,IQ,Iraq,2019-Q2,16.708725031089
Q,IQ,Iraq,2019-Q3,15.5227516344622
Q,IQ,Iraq,2019-Q4,16.1814499695755
Q,IQ,Iraq,2020-Q1,17.9454137231469
Q,IQ,Iraq,2020-Q2,18.6665881732767
Q,IQ,Iraq,2020-Q3,19.1443292889733
Q,IQ,Iraq,2020-Q4,20.9715574138552
Q,IQ,Iraq,2021-Q1,19.5637994078275
Q,IQ,Iraq,2021-Q2,17.7924360850471
Q,IQ,Iraq,2021-Q3,18.1415942465567
Q,IQ,Iraq,2021-Q4,18.4925334294475
Q,IQ,Iraq,2022-Q1,17.8808958872404
Q,IQ,Iraq,2022-Q2,18.8756027236763
Q,IQ,Iraq,2022-Q3,18.8377209807812
Q,IQ,Iraq,2022-Q4,18.8458136272734
Q,IQ,Iraq,2023-Q1,17.0917914960612
Q,IQ,Iraq,2023-Q2,16.0755389177756
Q,IQ,Iraq,2023-Q3,16.7790187209645
Q,IQ,Iraq,2023-Q4,14.66410619547
Q,IQ,Iraq,2024-Q1,14.4741164515651
Q,IQ,Iraq,2024-Q2,14.174642678066
Q,IQ,Iraq,2024-Q3,13.6023340129172
Q,IQ,Iraq,2024-Q4,16.5398134318879
A,IS,Iceland,2015,5.85225689416538
A,IS,Iceland,2016,4.12279811915939
A,IS,Iceland,2017,2.86409951072451
A,IS,Iceland,2018,2.51329639871644
A,IS,Iceland,2019,2.92802451232259
A,IS,Iceland,2020,2.90217036371759
A,IS,Iceland,2021,2.06156567231269
A,IS,Iceland,2022,1.39911577474254
A,IS,Iceland,2023,1.57785500427557
A,IS,Iceland,2024,2.02831641047984
Q,IS,Iceland,2015-Q4,5.85225689416538
Q,IS,Iceland,2016-Q1,5.35920658355669
Q,IS,Iceland,2016-Q2,4.91280790524188
Q,IS,Iceland,2016-Q3,4.63283105635155
Q,IS,Iceland,2016-Q4,4.12279811915939
Q,IS,Iceland,2017-Q1,3.65718293549397
Q,IS,Iceland,2017-Q2,3.17085769172902
Q,IS,Iceland,2017-Q3,2.99698570521049
Q,IS,Iceland,2017-Q4,2.86409951072451
Q,IS,Iceland,2018-Q1,3.51877658286281
Q,IS,Iceland,2018-Q2,2.87293786711828
Q,IS,Iceland,2018-Q3,2.64443342885768
Q,IS,Iceland,2018-Q4,2.51329639871644
Q,IS,Iceland,2019-Q1,2.50044841967284
Q,IS,Iceland,2019-Q2,2.52497203553832
Q,IS,Iceland,2019-Q3,2.83706871889722
Q,IS,Iceland,2019-Q4,2.92802451232259
Q,IS,Iceland,2020-Q1,2.87359601942438
Q,IS,Iceland,2020-Q2,3.29707444986579
Q,IS,Iceland,2020-Q3,3.23120828771061
Q,IS,Iceland,2020-Q4,2.90217036371759
Q,IS,Iceland,2021-Q1,2.83109808064869
Q,IS,Iceland,2021-Q2,2.60112900720137
Q,IS,Iceland,2021-Q3,2.4167945073376
Q,IS,Iceland,2021-Q4,2.06156567231269
Q,IS,Iceland,2022-Q1,1.76480163471205
Q,IS,Iceland,2022-Q2,1.74652622443906
Q,IS,Iceland,2022-Q3,1.47678090718796
Q,IS,Iceland,2022-Q4,1.39911577474254
Q,IS,Iceland,2023-Q1,1.3641185071187
Q,IS,Iceland,2023-Q2,1.4478789456698
Q,IS,Iceland,2023-Q3,1.50561132574257
Q,IS,Iceland,2023-Q4,1.57785500427557
Q,IS,Iceland,2024-Q1,1.64308872615918
Q,IS,Iceland,2024-Q2,1.97363122013096
Q,IS,Iceland,2024-Q3,1.96382230138515
Q,IS,Iceland,2024-Q4,2.02831641047984
Q,IS,Iceland,2025-Q1,2.04284952140009
A,IT,Italy,2005,6.99617313682385
A,IT,Italy,2006,6.56811457626493
A,IT,Italy,2007,5.7776082194137
A,IT,Italy,2008,6.28258103994627
A,IT,Italy,2009,9.4463437392788
A,IT,Italy,2010,10.0278370674613
A,IT,Italy,2011,11.7423491843706
A,IT,Italy,2012,13.7463696406392
A,IT,Italy,2013,16.5427056350995
A,IT,Italy,2014,18.0330469839719
A,IT,Italy,2015,18.0643688300521
A,IT,Italy,2016,17.1162385246125
A,IT,Italy,2017,14.3832990405839
A,IT,Italy,2018,8.38628316437891
A,IT,Italy,2019,6.74918443535526
A,IT,Italy,2020,4.35972073669912
A,IT,Italy,2021,3.34809683915318
A,IT,Italy,2022,2.79682283767597
A,IT,Italy,2023,2.7140816371624
A,IT,Italy,2024,2.7684931969344
Q,IT,Italy,2005-Q4,6.99617313682385
Q,IT,Italy,2006-Q2,6.56811457626493
Q,IT,Italy,2006-Q4,6.56811457626493
Q,IT,Italy,2007-Q2,5.56742077301543
Q,IT,Italy,2007-Q4,5.7776082194137
Q,IT,Italy,2008-Q2,5.43645145566009
Q,IT,Italy,2008-Q4,6.28258103994627
Q,IT,Italy,2009-Q2,7.72231460579594
Q,IT,Italy,2009-Q4,9.4463437392788
Q,IT,Italy,2010-Q2,9.86468001982426
Q,IT,Italy,2010-Q4,10.0278370674613
Q,IT,Italy,2011-Q2,10.9684429898043
Q,IT,Italy,2011-Q4,11.7423491843706
Q,IT,Italy,2012-Q2,12.9081633217096
Q,IT,Italy,2012-Q4,13.7463696406392
Q,IT,Italy,2013-Q2,15.1241862626414
Q,IT,Italy,2013-Q4,16.5427056350995
Q,IT,Italy,2014-Q2,17.2594731790329
Q,IT,Italy,2014-Q4,18.0330469839719
Q,IT,Italy,2015-Q2,17.9678944284357
Q,IT,Italy,2015-Q4,18.0643688300521
Q,IT,Italy,2016-Q2,17.4981479146092
Q,IT,Italy,2016-Q4,17.1162385246125
Q,IT,Italy,2017-Q2,16.3546449196194
Q,IT,Italy,2017-Q4,14.3832990405839
Q,IT,Italy,2018-Q2,9.85033141011294
Q,IT,Italy,2018-Q4,8.38628316437891
Q,IT,Italy,2019-Q2,8.08637962956703
Q,IT,Italy,2019-Q4,6.74918443535526
Q,IT,Italy,2020-Q2,6.10132402180742
Q,IT,Italy,2020-Q4,4.35972073669912
Q,IT,Italy,2021-Q2,3.99978852985958
Q,IT,Italy,2021-Q4,3.34809683915318
Q,IT,Italy,2022-Q2,2.91411021457399
Q,IT,Italy,2022-Q4,2.79682283767597
Q,IT,Italy,2023-Q2,2.79510456307446
Q,IT,Italy,2023-Q4,2.7140816371624
Q,IT,Italy,2024-Q2,2.83370894447113
Q,IT,Italy,2024-Q4,2.7684931969344
A,JO,Jordan,2015,5.94308584863942
A,JO,Jordan,2016,6.05077425280184
A,JO,Jordan,2017,5.8128379824152
A,JO,Jordan,2018,6.13811537990142
A,JO,Jordan,2019,6.39996915255515
A,JO,Jordan,2020,7.35555327380676
A,JO,Jordan,2021,6.88453603146427
A,JO,Jordan,2022,6.6438175929575
A,JO,Jordan,2023,6.87127591284336
A,JO,Jordan,2024,6.87176811885055
Q,JO,Jordan,2015-Q2,6.11057403635005
Q,JO,Jordan,2015-Q3,6.19469877094725
Q,JO,Jordan,2015-Q4,5.94308584863942
Q,JO,Jordan,2016-Q1,5.76383777439443
Q,JO,Jordan,2016-Q2,6.11392257999557
Q,JO,Jordan,2016-Q3,6.14751293614756
Q,JO,Jordan,2016-Q4,6.05077425280184
Q,JO,Jordan,2017-Q1,6.01711287287047
Q,JO,Jordan,2017-Q2,6.12550013657787
Q,JO,Jordan,2017-Q3,5.99223596436792
Q,JO,Jordan,2017-Q4,5.8128379824152
Q,JO,Jordan,2018-Q1,6.06627693307775
Q,JO,Jordan,2018-Q2,5.90897727422189
Q,JO,Jordan,2018-Q3,6.37305895438427
Q,JO,Jordan,2018-Q4,6.13811537990142
Q,JO,Jordan,2019-Q1,6.40443813084773
Q,JO,Jordan,2019-Q2,6.63595043849488
Q,JO,Jordan,2019-Q3,6.25515913727531
Q,JO,Jordan,2019-Q4,6.39996915255515
Q,JO,Jordan,2020-Q1,6.74825860882818
Q,JO,Jordan,2020-Q2,7.03645712635049
Q,JO,Jordan,2020-Q3,7.34261964629198
Q,JO,Jordan,2020-Q4,7.35555327380676
Q,JO,Jordan,2021-Q1,7.11065327388632
Q,JO,Jordan,2021-Q2,7.07086237647368
Q,JO,Jordan,2021-Q3,7.02468958223942
Q,JO,Jordan,2021-Q4,6.88453603146427
Q,JO,Jordan,2022-Q1,6.86082863098589
Q,JO,Jordan,2022-Q2,6.68664542986076
Q,JO,Jordan,2022-Q3,6.60188070390438
Q,JO,Jordan,2022-Q4,6.6438175929575
Q,JO,Jordan,2023-Q1,6.78562020823211
Q,JO,Jordan,2023-Q2,6.92608481992935
Q,JO,Jordan,2023-Q3,7.13165682208716
Q,JO,Jordan,2023-Q4,6.87127591284336
Q,JO,Jordan,2024-Q1,7.05175358951487
Q,JO,Jordan,2024-Q2,7.1956676319359
Q,JO,Jordan,2024-Q3,7.19649634247688
Q,JO,Jordan,2024-Q4,6.87176811885055
Q,JO,Jordan,2025-Q1,6.71181988952703
Q,JP,Japan,2009-Q3,2.55198958134596
Q,JP,Japan,2010-Q1,2.45044231320082
Q,JP,Japan,2010-Q3,2.45650253168859
Q,JP,Japan,2011-Q1,2.42819612499053
Q,JP,Japan,2011-Q3,2.44741326110445
Q,JP,Japan,2012-Q1,2.42960156013998
Q,JP,Japan,2012-Q3,2.42889160930217
Q,JP,Japan,2013-Q1,2.33909969324249
Q,JP,Japan,2013-Q3,2.12909018123307
Q,JP,Japan,2014-Q1,1.92762495332285
Q,JP,Japan,2014-Q3,1.74645633118206
Q,JP,Japan,2015-Q1,1.64222104873677
Q,JP,Japan,2015-Q3,1.5335999587436
Q,JP,Japan,2016-Q1,1.47100384602557
Q,JP,Japan,2016-Q3,1.39676981537012
Q,JP,Japan,2017-Q1,1.31770922301568
Q,JP,Japan,2017-Q3,1.19184799909608
Q,JP,Japan,2018-Q1,1.12553583270833
Q,JP,Japan,2018-Q3,1.07338670657475
Q,JP,Japan,2019-Q1,1.09815194998929
Q,JP,Japan,2019-Q3,1.11143560418892
Q,JP,Japan,2020-Q1,1.08763690172469
Q,JP,Japan,2020-Q3,1.13897924015799
Q,JP,Japan,2021-Q1,1.21881593052247
Q,JP,Japan,2021-Q3,1.22751856952344
Q,JP,Japan,2022-Q1,1.32086952990343
Q,JP,Japan,2022-Q3,1.23401036286557
Q,JP,Japan,2023-Q1,1.19415617727572
Q,JP,Japan,2023-Q3,1.19626237880359
Q,JP,Japan,2024-Q1,1.28008707250823
Q,JP,Japan,2024-Q3,1.2096215686749
A,KE,Kenya,2006,12.3362680888227
A,KE,Kenya,2007,6.99345334721106
A,KE,Kenya,2008,9.00441812157209
A,KE,Kenya,2009,6.8155815139755
A,KE,Kenya,2010,5.13264404953777
A,KE,Kenya,2011,4.42119245549815
A,KE,Kenya,2012,4.59096006966281
A,KE,Kenya,2013,5.04358264592496
A,KE,Kenya,2014,5.4551197240463
A,KE,Kenya,2015,5.9887640736269
A,KE,Kenya,2016,8.58596832075201
A,KE,Kenya,2017,9.94912828884014
A,KE,Kenya,2018,12.0267293707536
A,KE,Kenya,2019,9.74935514062437
A,KE,Kenya,2020,11.8785758572125
A,KE,Kenya,2021,10.8864625648839
A,KE,Kenya,2022,10.753110186173
A,KE,Kenya,2023,12.3355513614636
A,KE,Kenya,2024,13.5729761304392
Q,KE,Kenya,2006-Q1,13.1916067204885
Q,KE,Kenya,2006-Q2,12.8284564816448
Q,KE,Kenya,2006-Q3,12.9289053018468
Q,KE,Kenya,2006-Q4,12.3362680888227
Q,KE,Kenya,2007-Q1,11.1222806535073
Q,KE,Kenya,2007-Q2,9.03859168199427
Q,KE,Kenya,2007-Q3,10.6806703959973
Q,KE,Kenya,2007-Q4,6.99345334721106
Q,KE,Kenya,2008-Q1,9.05796477899359
Q,KE,Kenya,2008-Q2,7.39388028744684
Q,KE,Kenya,2008-Q3,8.8642485207708
Q,KE,Kenya,2008-Q4,9.00441812157209
Q,KE,Kenya,2009-Q1,9.3992854381373
Q,KE,Kenya,2009-Q2,9.05829060696424
Q,KE,Kenya,2009-Q3,6.19824326556947
Q,KE,Kenya,2009-Q4,6.8155815139755
Q,KE,Kenya,2010-Q1,6.86609841858114
Q,KE,Kenya,2010-Q2,6.22986875055364
Q,KE,Kenya,2010-Q3,5.84013688137257
Q,KE,Kenya,2010-Q4,5.13264404953777
Q,KE,Kenya,2011-Q1,6.00142304436993
Q,KE,Kenya,2011-Q2,5.40795455531065
Q,KE,Kenya,2011-Q3,4.85746383277696
Q,KE,Kenya,2011-Q4,4.42119245549815
Q,KE,Kenya,2012-Q1,4.36548117967393
Q,KE,Kenya,2012-Q2,4.48250044868168
Q,KE,Kenya,2012-Q3,4.63366216707821
Q,KE,Kenya,2012-Q4,4.59096006966281
Q,KE,Kenya,2013-Q1,5.03220163029109
Q,KE,Kenya,2013-Q2,5.3373907736108
Q,KE,Kenya,2013-Q3,5.26138392042223
Q,KE,Kenya,2013-Q4,5.04358264592496
Q,KE,Kenya,2014-Q1,5.65431939531811
Q,KE,Kenya,2014-Q2,5.8140313926497
Q,KE,Kenya,2014-Q3,5.45865590489468
Q,KE,Kenya,2014-Q4,5.4551197240463
Q,KE,Kenya,2015-Q1,5.77321041473212
Q,KE,Kenya,2015-Q2,5.74421052769197
Q,KE,Kenya,2015-Q3,5.40506571399297
Q,KE,Kenya,2015-Q4,5.9887640736269
Q,KE,Kenya,2016-Q1,7.82315329482382
Q,KE,Kenya,2016-Q2,10.5200933417562
Q,KE,Kenya,2016-Q3,8.13283452749376
Q,KE,Kenya,2016-Q4,8.58596832075201
Q,KE,Kenya,2017-Q1,11.9881786767464
Q,KE,Kenya,2017-Q2,12.5216049492329
Q,KE,Kenya,2017-Q3,12.4768132576797
Q,KE,Kenya,2017-Q4,9.94912828884014
Q,KE,Kenya,2018-Q1,11.127493297962
Q,KE,Kenya,2018-Q2,13.8072861796572
Q,KE,Kenya,2018-Q3,12.5203149138338
Q,KE,Kenya,2018-Q4,12.0267293707536
Q,KE,Kenya,2019-Q1,10.5248812888242
Q,KE,Kenya,2019-Q2,12.6580347789906
Q,KE,Kenya,2019-Q3,9.98956998336102
Q,KE,Kenya,2019-Q4,9.74935514062437
Q,KE,Kenya,2020-Q1,10.2043430254888
Q,KE,Kenya,2020-Q2,10.7047088361218
Q,KE,Kenya,2020-Q3,11.1389460668598
Q,KE,Kenya,2020-Q4,11.8785758572125
Q,KE,Kenya,2021-Q1,12.2572082201743
Q,KE,Kenya,2021-Q2,11.5725172385823
Q,KE,Kenya,2021-Q3,11.470747114786
Q,KE,Kenya,2021-Q4,10.8864625648839
Q,KE,Kenya,2022-Q1,11.788884776716
Q,KE,Kenya,2022-Q2,12.4939024656128
Q,KE,Kenya,2022-Q3,11.4270228925244
Q,KE,Kenya,2022-Q4,10.753110186173
Q,KE,Kenya,2023-Q1,11.4476968129251
Q,KE,Kenya,2023-Q2,11.853393428519
Q,KE,Kenya,2023-Q3,12.3094851772163
Q,KE,Kenya,2023-Q4,12.3355513614636
Q,KE,Kenya,2024-Q1,12.9258519648126
Q,KE,Kenya,2024-Q2,13.3212192322903
Q,KE,Kenya,2024-Q3,13.3582073673171
Q,KE,Kenya,2024-Q4,13.5729761304392
A,KG,Kyrgyzstan,2010,14.7757186410975
A,KG,Kyrgyzstan,2011,9.39821221158704
A,KG,Kyrgyzstan,2012,6.55111366918828
A,KG,Kyrgyzstan,2013,5.09046603734623
A,KG,Kyrgyzstan,2014,4.18259903121424
A,KG,Kyrgyzstan,2015,6.74285924908889
A,KG,Kyrgyzstan,2016,8.51774848332393
A,KG,Kyrgyzstan,2017,7.36791636375828
A,KG,Kyrgyzstan,2018,7.29695767112001
A,KG,Kyrgyzstan,2019,7.73068414377395
A,KG,Kyrgyzstan,2020,10.0935469076538
A,KG,Kyrgyzstan,2021,10.8192081411845
A,KG,Kyrgyzstan,2022,12.4551045388065
A,KG,Kyrgyzstan,2023,8.92093336030227
A,KG,Kyrgyzstan,2024,10.2630227772044
Q,KG,Kyrgyzstan,2010-Q1,7.34937796752706
Q,KG,Kyrgyzstan,2010-Q2,12.8687217364548
Q,KG,Kyrgyzstan,2010-Q3,15.646262282319
Q,KG,Kyrgyzstan,2010-Q4,14.7757186410975
Q,KG,Kyrgyzstan,2011-Q1,12.7974799935373
Q,KG,Kyrgyzstan,2011-Q2,11.4813890779133
Q,KG,Kyrgyzstan,2011-Q3,10.5094240824901
Q,KG,Kyrgyzstan,2011-Q4,9.39821221158704
Q,KG,Kyrgyzstan,2012-Q1,9.01157526902076
Q,KG,Kyrgyzstan,2012-Q2,8.12073507563871
Q,KG,Kyrgyzstan,2012-Q3,7.77303621558431
Q,KG,Kyrgyzstan,2012-Q4,6.55111366918828
Q,KG,Kyrgyzstan,2013-Q1,6.09518276753003
Q,KG,Kyrgyzstan,2013-Q2,5.46682854108115
Q,KG,Kyrgyzstan,2013-Q3,5.24126601957893
Q,KG,Kyrgyzstan,2013-Q4,5.09046603734623
Q,KG,Kyrgyzstan,2014-Q1,5.00190074599264
Q,KG,Kyrgyzstan,2014-Q2,4.30872605112438
Q,KG,Kyrgyzstan,2014-Q3,3.92966567811195
Q,KG,Kyrgyzstan,2014-Q4,4.18259903121424
Q,KG,Kyrgyzstan,2015-Q1,5.08553197281897
Q,KG,Kyrgyzstan,2015-Q2,4.98362857052567
Q,KG,Kyrgyzstan,2015-Q3,5.75499058955714
Q,KG,Kyrgyzstan,2015-Q4,6.74285924908889
Q,KG,Kyrgyzstan,2016-Q1,8.12248619028968
Q,KG,Kyrgyzstan,2016-Q2,8.64370706089693
Q,KG,Kyrgyzstan,2016-Q3,8.68692451427161
Q,KG,Kyrgyzstan,2016-Q4,8.51774848332393
Q,KG,Kyrgyzstan,2017-Q1,8.32438855881659
Q,KG,Kyrgyzstan,2017-Q2,8.14673931744517
Q,KG,Kyrgyzstan,2017-Q3,7.83967632581066
Q,KG,Kyrgyzstan,2017-Q4,7.36791636375828
Q,KG,Kyrgyzstan,2018-Q1,7.67600374160691
Q,KG,Kyrgyzstan,2018-Q2,7.19218719541961
Q,KG,Kyrgyzstan,2018-Q3,7.16896920440417
Q,KG,Kyrgyzstan,2018-Q4,7.29695767112001
Q,KG,Kyrgyzstan,2019-Q1,7.63959014521645
Q,KG,Kyrgyzstan,2019-Q2,7.50695774239158
Q,KG,Kyrgyzstan,2019-Q3,8.05919232194152
Q,KG,Kyrgyzstan,2019-Q4,7.73068414377395
Q,KG,Kyrgyzstan,2020-Q1,8.06341034050319
Q,KG,Kyrgyzstan,2020-Q2,8.19068174357344
Q,KG,Kyrgyzstan,2020-Q3,9.24317293957948
Q,KG,Kyrgyzstan,2020-Q4,10.0935469076538
Q,KG,Kyrgyzstan,2021-Q1,10.7531961294217
Q,KG,Kyrgyzstan,2021-Q2,11.0101328196772
Q,KG,Kyrgyzstan,2021-Q3,11.5875546993694
Q,KG,Kyrgyzstan,2021-Q4,10.8192081411845
Q,KG,Kyrgyzstan,2022-Q1,11.4626944127051
Q,KG,Kyrgyzstan,2022-Q2,12.4448611766747
Q,KG,Kyrgyzstan,2022-Q3,12.4159452974244
Q,KG,Kyrgyzstan,2022-Q4,12.4551045388065
Q,KG,Kyrgyzstan,2023-Q1,12.2323393473548
Q,KG,Kyrgyzstan,2023-Q2,10.6534894860864
Q,KG,Kyrgyzstan,2023-Q3,9.74285236620614
Q,KG,Kyrgyzstan,2023-Q4,8.92093336030227
Q,KG,Kyrgyzstan,2024-Q1,10.053404074144
Q,KG,Kyrgyzstan,2024-Q2,11.5457052903782
Q,KG,Kyrgyzstan,2024-Q3,10.8199694290911
Q,KG,Kyrgyzstan,2024-Q4,10.2630227772044
A,KH,Cambodia,2010,3.14187854787213
A,KH,Cambodia,2011,2.29438855572052
A,KH,Cambodia,2012,2.22469008934459
A,KH,Cambodia,2013,2.30267771735677
A,KH,Cambodia,2014,1.62133907710753
A,KH,Cambodia,2015,1.59273995602263
A,KH,Cambodia,2016,2.13063064162181
A,KH,Cambodia,2017,2.07247749965176
A,KH,Cambodia,2018,1.9896209372896
A,KH,Cambodia,2019,1.55383992990017
A,KH,Cambodia,2020,1.81862542623632
A,KH,Cambodia,2021,1.74496152207977
A,KH,Cambodia,2022,2.71411100292446
A,KH,Cambodia,2023,5.1251159307578
A,KH,Cambodia,2024,7.03971774284784
Q,KH,Cambodia,2010-Q1,4.80085379567431
Q,KH,Cambodia,2010-Q2,4.82855060458157
Q,KH,Cambodia,2010-Q3,4.64704977877981
Q,KH,Cambodia,2010-Q4,3.14187854787213
Q,KH,Cambodia,2011-Q1,3.20715418442582
Q,KH,Cambodia,2011-Q2,3.31381822626945
Q,KH,Cambodia,2011-Q3,3.24737630380625
Q,KH,Cambodia,2011-Q4,2.29438855572052
Q,KH,Cambodia,2012-Q1,2.76080839942817
Q,KH,Cambodia,2012-Q2,2.53800894923337
Q,KH,Cambodia,2012-Q3,2.9367778223372
Q,KH,Cambodia,2012-Q4,2.22469008934459
Q,KH,Cambodia,2013-Q1,2.09358813624026
Q,KH,Cambodia,2013-Q2,2.29693180264341
Q,KH,Cambodia,2013-Q3,2.32658230925459
Q,KH,Cambodia,2013-Q4,2.30267771735677
Q,KH,Cambodia,2014-Q1,1.94934602149196
Q,KH,Cambodia,2014-Q2,1.94700965647211
Q,KH,Cambodia,2014-Q3,1.95698704467965
Q,KH,Cambodia,2014-Q4,1.62133907710753
Q,KH,Cambodia,2015-Q1,1.93698285210305
Q,KH,Cambodia,2015-Q2,2.03230728156958
Q,KH,Cambodia,2015-Q3,1.9361594827541
Q,KH,Cambodia,2015-Q4,1.59273995602263
Q,KH,Cambodia,2016-Q1,2.1354137886485
Q,KH,Cambodia,2016-Q2,2.59537194405567
Q,KH,Cambodia,2016-Q3,2.67162092767756
Q,KH,Cambodia,2016-Q4,2.13063064162181
Q,KH,Cambodia,2017-Q1,2.19988525563334
Q,KH,Cambodia,2017-Q2,2.23870776475568
Q,KH,Cambodia,2017-Q3,2.21634096740795
Q,KH,Cambodia,2017-Q4,2.07247749965176
Q,KH,Cambodia,2018-Q1,2.45566280782351
Q,KH,Cambodia,2018-Q2,2.44232051976427
Q,KH,Cambodia,2018-Q3,2.26482635087156
Q,KH,Cambodia,2018-Q4,1.9896209372896
Q,KH,Cambodia,2019-Q1,2.08130094683343
Q,KH,Cambodia,2019-Q2,2.08080004069939
Q,KH,Cambodia,2019-Q3,1.87149801705267
Q,KH,Cambodia,2019-Q4,1.55383992990017
Q,KH,Cambodia,2020-Q1,1.77265071073169
Q,KH,Cambodia,2020-Q2,2.1673756419911
Q,KH,Cambodia,2020-Q3,2.30514277392978
Q,KH,Cambodia,2020-Q4,1.81862542623632
Q,KH,Cambodia,2021-Q1,1.87470115244784
Q,KH,Cambodia,2021-Q2,2.07326882620102
Q,KH,Cambodia,2021-Q3,2.05300093118053
Q,KH,Cambodia,2021-Q4,1.74496152207977
Q,KH,Cambodia,2022-Q1,2.29789587156708
Q,KH,Cambodia,2022-Q2,2.52293774777227
Q,KH,Cambodia,2022-Q3,2.75675624051461
Q,KH,Cambodia,2022-Q4,2.71411100292446
Q,KH,Cambodia,2023-Q1,3.12357450764762
Q,KH,Cambodia,2023-Q2,4.11286640867787
Q,KH,Cambodia,2023-Q3,4.58634450029193
Q,KH,Cambodia,2023-Q4,5.1251159307578
Q,KH,Cambodia,2024-Q1,6.32750184028698
Q,KH,Cambodia,2024-Q2,6.82774178770374
Q,KH,Cambodia,2024-Q3,7.4761941346514
Q,KH,Cambodia,2024-Q4,7.03971774284784
A,KM,Comoros,2010,14.2522175991688
A,KM,Comoros,2011,15.4459558185201
A,KM,Comoros,2012,17.3767230197489
A,KM,Comoros,2013,17.2332709662531
A,KM,Comoros,2014,18.6331963240828
A,KM,Comoros,2015,18.9342741452382
A,KM,Comoros,2016,19.8401026478642
A,KM,Comoros,2017,22.888871696943
A,KM,Comoros,2018,22.7941734157578
A,KM,Comoros,2019,20.9609350452186
A,KM,Comoros,2020,21.3611826623622
A,KM,Comoros,2021,16.1128963386522
A,KM,Comoros,2022,14.0994124979109
Q,KM,Comoros,2010-Q1,14.8821675085454
Q,KM,Comoros,2010-Q2,14.5777268492233
Q,KM,Comoros,2010-Q3,13.9693696444643
Q,KM,Comoros,2010-Q4,14.2522175991688
Q,KM,Comoros,2011-Q1,14.8857407650847
Q,KM,Comoros,2011-Q2,16.5209710548344
Q,KM,Comoros,2011-Q3,16.4314105272335
Q,KM,Comoros,2011-Q4,15.4459558185201
Q,KM,Comoros,2012-Q1,15.04375816049
Q,KM,Comoros,2012-Q2,20.0380287012469
Q,KM,Comoros,2012-Q3,19.406192844568
Q,KM,Comoros,2012-Q4,17.3767230197489
Q,KM,Comoros,2013-Q1,17.2543799697133
Q,KM,Comoros,2013-Q2,17.3352512599886
Q,KM,Comoros,2013-Q3,17.7795059811401
Q,KM,Comoros,2013-Q4,17.2332709662531
Q,KM,Comoros,2014-Q1,18.758103882033
Q,KM,Comoros,2014-Q2,19.0339262110751
Q,KM,Comoros,2014-Q3,19.8598279999799
Q,KM,Comoros,2014-Q4,18.6331963240828
Q,KM,Comoros,2015-Q1,19.460101188028
Q,KM,Comoros,2015-Q2,19.9802304247084
Q,KM,Comoros,2015-Q3,21.1566087079722
Q,KM,Comoros,2015-Q4,18.9342741452382
Q,KM,Comoros,2016-Q1,23.780051383699
Q,KM,Comoros,2016-Q2,22.0081509410824
Q,KM,Comoros,2016-Q3,24.0552783967247
Q,KM,Comoros,2016-Q4,19.8401026478642
Q,KM,Comoros,2017-Q1,19.419063605755
Q,KM,Comoros,2017-Q2,20.5757179997689
Q,KM,Comoros,2017-Q3,22.6254886695841
Q,KM,Comoros,2017-Q4,22.888871696943
Q,KM,Comoros,2018-Q1,23.1255623717502
Q,KM,Comoros,2018-Q2,23.5233246075392
Q,KM,Comoros,2018-Q3,24.7048082001991
Q,KM,Comoros,2018-Q4,22.7941734157578
Q,KM,Comoros,2019-Q1,23.512136461895
Q,KM,Comoros,2019-Q2,23.6110798920175
Q,KM,Comoros,2019-Q3,22.4037013147576
Q,KM,Comoros,2019-Q4,20.9609350452186
Q,KM,Comoros,2020-Q1,21.5116927386544
Q,KM,Comoros,2020-Q2,24.1261150585567
Q,KM,Comoros,2020-Q3,24.7371115152478
Q,KM,Comoros,2020-Q4,21.3611826623622
Q,KM,Comoros,2021-Q1,21.7726290071873
Q,KM,Comoros,2021-Q2,20.8872137030994
Q,KM,Comoros,2021-Q3,19.2369909911768
Q,KM,Comoros,2021-Q4,16.1128963386522
Q,KM,Comoros,2022-Q1,16.6555132183733
Q,KM,Comoros,2022-Q2,16.6483759565869
Q,KM,Comoros,2022-Q3,16.1830100400848
Q,KM,Comoros,2022-Q4,14.0994124979109
Q,KM,Comoros,2023-Q1,13.3161380846564
Q,KM,Comoros,2023-Q2,14.1540595537638
Q,KM,Comoros,2023-Q3,14.8490313235889
A,KN,Saint Kitts and Nevis,2015,15.453843
A,KN,Saint Kitts and Nevis,2016,14.662231
A,KN,Saint Kitts and Nevis,2017,20.463462
A,KN,Saint Kitts and Nevis,2018,24.686561
A,KN,Saint Kitts and Nevis,2019,24.033904
A,KN,Saint Kitts and Nevis,2020,23.5274634670923
A,KN,Saint Kitts and Nevis,2021,20.9251440736711
A,KN,Saint Kitts and Nevis,2022,21.8308586426029
A,KN,Saint Kitts and Nevis,2023,19.416167
A,KN,Saint Kitts and Nevis,2024,17.992157
Q,KN,Saint Kitts and Nevis,2015-Q1,16.592403
Q,KN,Saint Kitts and Nevis,2015-Q2,15.41786
Q,KN,Saint Kitts and Nevis,2015-Q3,15.469538
Q,KN,Saint Kitts and Nevis,2015-Q4,15.453843
Q,KN,Saint Kitts and Nevis,2016-Q1,15.799723
Q,KN,Saint Kitts and Nevis,2016-Q2,15.827008
Q,KN,Saint Kitts and Nevis,2016-Q3,17.776289
Q,KN,Saint Kitts and Nevis,2016-Q4,14.662231
Q,KN,Saint Kitts and Nevis,2017-Q1,14.825898
Q,KN,Saint Kitts and Nevis,2017-Q2,16.419784
Q,KN,Saint Kitts and Nevis,2017-Q3,16.464468
Q,KN,Saint Kitts and Nevis,2017-Q4,20.463462
Q,KN,Saint Kitts and Nevis,2018-Q1,20.850501
Q,KN,Saint Kitts and Nevis,2018-Q2,19.951053
Q,KN,Saint Kitts and Nevis,2018-Q3,24.871483
Q,KN,Saint Kitts and Nevis,2018-Q4,24.686561
Q,KN,Saint Kitts and Nevis,2019-Q1,24.588326
Q,KN,Saint Kitts and Nevis,2019-Q2,25.130326
Q,KN,Saint Kitts and Nevis,2019-Q3,24.672276
Q,KN,Saint Kitts and Nevis,2019-Q4,24.033904
Q,KN,Saint Kitts and Nevis,2020-Q1,25.0117237634515
Q,KN,Saint Kitts and Nevis,2020-Q2,25.0168444986806
Q,KN,Saint Kitts and Nevis,2020-Q3,24.5706348304971
Q,KN,Saint Kitts and Nevis,2020-Q4,23.5274634670923
Q,KN,Saint Kitts and Nevis,2021-Q1,23.903124061885
Q,KN,Saint Kitts and Nevis,2021-Q2,24.3944620609725
Q,KN,Saint Kitts and Nevis,2021-Q3,22.7318422379821
Q,KN,Saint Kitts and Nevis,2021-Q4,20.9251440736711
Q,KN,Saint Kitts and Nevis,2022-Q1,21.2134685211497
Q,KN,Saint Kitts and Nevis,2022-Q2,21.9268009923399
Q,KN,Saint Kitts and Nevis,2022-Q3,21.8177659705484
Q,KN,Saint Kitts and Nevis,2022-Q4,21.8308586426029
Q,KN,Saint Kitts and Nevis,2023-Q1,21.786791
Q,KN,Saint Kitts and Nevis,2023-Q2,20.266029
Q,KN,Saint Kitts and Nevis,2023-Q3,19.629222
Q,KN,Saint Kitts and Nevis,2023-Q4,19.416167
Q,KN,Saint Kitts and Nevis,2024-Q1,18.89639
Q,KN,Saint Kitts and Nevis,2024-Q2,18.58397
Q,KN,Saint Kitts and Nevis,2024-Q3,18.213415
Q,KN,Saint Kitts and Nevis,2024-Q4,17.992157
Q,KN,Saint Kitts and Nevis,2025-Q1,18.689166
A,KR,"Korea, Republic of",2009,0.584500588542436
A,KR,"Korea, Republic of",2010,0.588001422921593
A,KR,"Korea, Republic of",2011,0.484155586674748
A,KR,"Korea, Republic of",2012,0.594291798596701
A,KR,"Korea, Republic of",2013,0.570682157690436
A,KR,"Korea, Republic of",2014,0.487829016283245
A,KR,"Korea, Republic of",2015,0.456859010234891
A,KR,"Korea, Republic of",2016,0.469220791445101
A,KR,"Korea, Republic of",2017,0.352361433161398
A,KR,"Korea, Republic of",2018,0.254435738088805
A,KR,"Korea, Republic of",2019,0.251149391152259
A,KR,"Korea, Republic of",2020,0.249044148161993
A,KR,"Korea, Republic of",2021,0.233334670386676
A,KR,"Korea, Republic of",2022,0.24216660171932
A,KR,"Korea, Republic of",2023,0.263676055649088
Q,KR,"Korea, Republic of",2009-Q1,0.808042195499852
Q,KR,"Korea, Republic of",2009-Q2,0.843080556572384
Q,KR,"Korea, Republic of",2009-Q3,0.816442638120057
Q,KR,"Korea, Republic of",2009-Q4,0.584500588542436
Q,KR,"Korea, Republic of",2010-Q1,0.593348631031705
Q,KR,"Korea, Republic of",2010-Q2,0.642895079909227
Q,KR,"Korea, Republic of",2010-Q3,0.730208058951513
Q,KR,"Korea, Republic of",2010-Q4,0.588001422921593
Q,KR,"Korea, Republic of",2011-Q1,0.643549029147685
Q,KR,"Korea, Republic of",2011-Q2,0.590799501676868
Q,KR,"Korea, Republic of",2011-Q3,0.704613310796916
Q,KR,"Korea, Republic of",2011-Q4,0.484155586674748
Q,KR,"Korea, Republic of",2012-Q1,0.654437415797504
Q,KR,"Korea, Republic of",2012-Q2,0.645186923211058
Q,KR,"Korea, Republic of",2012-Q3,0.741648337694826
Q,KR,"Korea, Republic of",2012-Q4,0.594291798596701
Q,KR,"Korea, Republic of",2013-Q1,0.732973312291365
Q,KR,"Korea, Republic of",2013-Q2,0.651767227417175
Q,KR,"Korea, Republic of",2013-Q3,0.710006944240341
Q,KR,"Korea, Republic of",2013-Q4,0.570682157690436
Q,KR,"Korea, Republic of",2014-Q1,0.627440015524289
Q,KR,"Korea, Republic of",2014-Q2,0.621732197817139
Q,KR,"Korea, Republic of",2014-Q3,0.639819319676371
Q,KR,"Korea, Republic of",2014-Q4,0.487829016283245
Q,KR,"Korea, Republic of",2015-Q1,0.539153602010284
Q,KR,"Korea, Republic of",2015-Q2,0.488204578592525
Q,KR,"Korea, Republic of",2015-Q3,0.5117664993981
Q,KR,"Korea, Republic of",2015-Q4,0.456859010234891
Q,KR,"Korea, Republic of",2016-Q1,0.545067419434429
Q,KR,"Korea, Republic of",2016-Q2,0.402257370242511
Q,KR,"Korea, Republic of",2016-Q3,0.6384599472843
Q,KR,"Korea, Republic of",2016-Q4,0.469220791445101
Q,KR,"Korea, Republic of",2017-Q1,0.532509764012954
Q,KR,"Korea, Republic of",2017-Q2,0.474809210743112
Q,KR,"Korea, Republic of",2017-Q3,0.41576482047802
Q,KR,"Korea, Republic of",2017-Q4,0.352361433161398
Q,KR,"Korea, Republic of",2018-Q1,0.298710826957342
Q,KR,"Korea, Republic of",2018-Q2,0.366061732498153
Q,KR,"Korea, Republic of",2018-Q3,0.375221298076697
Q,KR,"Korea, Republic of",2018-Q4,0.254435738088805
Q,KR,"Korea, Republic of",2019-Q1,0.284453228132404
Q,KR,"Korea, Republic of",2019-Q2,0.251190961341184
Q,KR,"Korea, Republic of",2019-Q3,0.291816275105974
Q,KR,"Korea, Republic of",2019-Q4,0.251149391152259
Q,KR,"Korea, Republic of",2020-Q1,0.272341739006461
Q,KR,"Korea, Republic of",2020-Q2,0.236394522080089
Q,KR,"Korea, Republic of",2020-Q3,0.25436269939158
Q,KR,"Korea, Republic of",2020-Q4,0.249044148161993
Q,KR,"Korea, Republic of",2021-Q1,0.249762366755011
Q,KR,"Korea, Republic of",2021-Q2,0.223548782737959
Q,KR,"Korea, Republic of",2021-Q3,0.251249682767202
Q,KR,"Korea, Republic of",2021-Q4,0.233334670386676
Q,KR,"Korea, Republic of",2022-Q1,0.229034311078127
Q,KR,"Korea, Republic of",2022-Q2,0.207409016308555
Q,KR,"Korea, Republic of",2022-Q3,0.225667816077736
Q,KR,"Korea, Republic of",2022-Q4,0.24216660171932
Q,KR,"Korea, Republic of",2023-Q1,0.251284219104286
Q,KR,"Korea, Republic of",2023-Q2,0.258008905433548
Q,KR,"Korea, Republic of",2023-Q3,0.292593000208162
Q,KR,"Korea, Republic of",2023-Q4,0.263676055649088
Q,KR,"Korea, Republic of",2024-Q1,0.305929737379827
Q,KR,"Korea, Republic of",2024-Q2,0.292237380831375
A,KW,Kuwait,2007,3.84787598771217
A,KW,Kuwait,2008,6.80464776292383
A,KW,Kuwait,2009,11.461453798379
A,KW,Kuwait,2010,8.95258546965769
A,KW,Kuwait,2011,6.98424741091625
A,KW,Kuwait,2012,5.19116857201251
A,KW,Kuwait,2013,3.64034786311307
A,KW,Kuwait,2014,2.89041261906889
A,KW,Kuwait,2015,2.371720288643
A,KW,Kuwait,2016,2.22496479931359
A,KW,Kuwait,2017,1.94939026221768
A,KW,Kuwait,2018,1.62349995163983
A,KW,Kuwait,2019,1.77656821835007
A,KW,Kuwait,2020,2.0074652483311
A,KW,Kuwait,2021,1.35921924143798
A,KW,Kuwait,2022,1.41104352584751
A,KW,Kuwait,2023,1.42363947712583
A,KW,Kuwait,2024,1.53571132275835
Q,KW,Kuwait,2017-Q1,2.47178240365466
Q,KW,Kuwait,2017-Q2,2.40220452086072
Q,KW,Kuwait,2017-Q3,2.52479352353778
Q,KW,Kuwait,2017-Q4,1.94939026221768
Q,KW,Kuwait,2018-Q1,2.05555562018641
Q,KW,Kuwait,2018-Q2,2.08917502865005
Q,KW,Kuwait,2018-Q3,2.02331863618717
Q,KW,Kuwait,2018-Q4,1.62349995163983
Q,KW,Kuwait,2019-Q1,1.81329463224006
Q,KW,Kuwait,2019-Q2,1.8121061226256
Q,KW,Kuwait,2019-Q3,1.80754301002758
Q,KW,Kuwait,2019-Q4,1.77656821835007
Q,KW,Kuwait,2020-Q1,2.61629323182503
Q,KW,Kuwait,2020-Q2,2.65094886050385
Q,KW,Kuwait,2020-Q3,2.0074652483311
Q,KW,Kuwait,2020-Q4,2.0074652483311
Q,KW,Kuwait,2021-Q1,2.33695078899793
Q,KW,Kuwait,2021-Q2,2.40742069986792
Q,KW,Kuwait,2021-Q3,1.92633232059429
Q,KW,Kuwait,2021-Q4,1.35921924143798
Q,KW,Kuwait,2022-Q1,1.52987362754693
Q,KW,Kuwait,2022-Q2,1.45859793428341
Q,KW,Kuwait,2022-Q3,1.52223036155473
Q,KW,Kuwait,2022-Q4,1.41104352584751
Q,KW,Kuwait,2023-Q1,1.47706205860147
Q,KW,Kuwait,2023-Q2,1.6130141769526
Q,KW,Kuwait,2023-Q3,1.70779903833378
Q,KW,Kuwait,2023-Q4,1.42363947712583
Q,KW,Kuwait,2024-Q1,1.64789646072137
Q,KW,Kuwait,2024-Q2,1.73417216928835
Q,KW,Kuwait,2024-Q3,1.65846694179861
Q,KW,Kuwait,2024-Q4,1.53571132275835
Q,KW,Kuwait,2025-Q1,1.61255980960787
A,KZ,Kazakhstan,2008,7.08977471729689
A,KZ,Kazakhstan,2009,18.9234054057108
A,KZ,Kazakhstan,2010,20.9306236433774
A,KZ,Kazakhstan,2011,20.6654679453399
A,KZ,Kazakhstan,2012,19.3898666527902
A,KZ,Kazakhstan,2013,19.4708307953111
A,KZ,Kazakhstan,2014,12.3921431661953
A,KZ,Kazakhstan,2015,7.95254057239387
A,KZ,Kazakhstan,2016,6.71835222170944
A,KZ,Kazakhstan,2017,9.30976808361683
A,KZ,Kazakhstan,2018,7.38538294911547
A,KZ,Kazakhstan,2019,8.14263936186248
A,KZ,Kazakhstan,2020,6.86844803177439
A,KZ,Kazakhstan,2021,3.31830718143433
A,KZ,Kazakhstan,2022,3.35862440856846
A,KZ,Kazakhstan,2023,2.89162989781023
A,KZ,Kazakhstan,2024,3.05312000131625
Q,KZ,Kazakhstan,2008-Q1,3.71669137905434
Q,KZ,Kazakhstan,2008-Q2,4.41725525199092
Q,KZ,Kazakhstan,2008-Q3,5.3907437325452
Q,KZ,Kazakhstan,2008-Q4,7.08977471729689
Q,KZ,Kazakhstan,2009-Q1,8.53867571703747
Q,KZ,Kazakhstan,2009-Q2,13.6928346574861
Q,KZ,Kazakhstan,2009-Q3,16.5665288367472
Q,KZ,Kazakhstan,2009-Q4,18.9234054057108
Q,KZ,Kazakhstan,2010-Q1,21.1509301268154
Q,KZ,Kazakhstan,2010-Q2,21.9443550707073
Q,KZ,Kazakhstan,2010-Q3,22.5994421227163
Q,KZ,Kazakhstan,2010-Q4,20.9306236433774
Q,KZ,Kazakhstan,2011-Q1,22.2117579835144
Q,KZ,Kazakhstan,2011-Q2,21.6706485562429
Q,KZ,Kazakhstan,2011-Q3,21.3376152789437
Q,KZ,Kazakhstan,2011-Q4,20.6654679453399
Q,KZ,Kazakhstan,2012-Q1,21.2024620568448
Q,KZ,Kazakhstan,2012-Q2,20.7825325461759
Q,KZ,Kazakhstan,2012-Q3,21.4668136006947
Q,KZ,Kazakhstan,2012-Q4,19.3898666527902
Q,KZ,Kazakhstan,2013-Q1,19.954697844643
Q,KZ,Kazakhstan,2013-Q2,19.7665795310635
Q,KZ,Kazakhstan,2013-Q3,19.6849293925636
Q,KZ,Kazakhstan,2013-Q4,19.4708307953111
Q,KZ,Kazakhstan,2014-Q1,20.3919900134123
Q,KZ,Kazakhstan,2014-Q2,19.3223444241728
Q,KZ,Kazakhstan,2014-Q3,16.5461863756114
Q,KZ,Kazakhstan,2014-Q4,12.3921431661953
Q,KZ,Kazakhstan,2015-Q1,12.3722032966419
Q,KZ,Kazakhstan,2015-Q2,9.97745645412212
Q,KZ,Kazakhstan,2015-Q3,9.16892550872367
Q,KZ,Kazakhstan,2015-Q4,7.95254057239387
Q,KZ,Kazakhstan,2016-Q1,8.35531191410394
Q,KZ,Kazakhstan,2016-Q2,7.89661334841709
Q,KZ,Kazakhstan,2016-Q3,7.85891661100797
Q,KZ,Kazakhstan,2016-Q4,6.71835222170944
Q,KZ,Kazakhstan,2017-Q1,7.68404129326733
Q,KZ,Kazakhstan,2017-Q2,10.7059191117876
Q,KZ,Kazakhstan,2017-Q3,12.7474905570736
Q,KZ,Kazakhstan,2017-Q4,9.30976808361683
Q,KZ,Kazakhstan,2018-Q1,10.007244067058
Q,KZ,Kazakhstan,2018-Q2,8.75136724600212
Q,KZ,Kazakhstan,2018-Q3,8.5167755018203
Q,KZ,Kazakhstan,2018-Q4,7.38538294911547
Q,KZ,Kazakhstan,2019-Q1,8.60960320747047
Q,KZ,Kazakhstan,2019-Q2,9.38377992432938
Q,KZ,Kazakhstan,2019-Q3,9.34115047974022
Q,KZ,Kazakhstan,2019-Q4,8.14263936186248
Q,KZ,Kazakhstan,2020-Q1,8.94767529219206
Q,KZ,Kazakhstan,2020-Q2,8.97555809685532
Q,KZ,Kazakhstan,2020-Q3,8.35078466798317
Q,KZ,Kazakhstan,2020-Q4,6.86844803177439
Q,KZ,Kazakhstan,2021-Q1,7.11119432670351
Q,KZ,Kazakhstan,2021-Q2,4.7827100783625
Q,KZ,Kazakhstan,2021-Q3,4.2956760738895
Q,KZ,Kazakhstan,2021-Q4,3.31830718143433
Q,KZ,Kazakhstan,2022-Q1,3.56619333334253
Q,KZ,Kazakhstan,2022-Q2,3.61268260568971
Q,KZ,Kazakhstan,2022-Q3,3.59531999604682
Q,KZ,Kazakhstan,2022-Q4,3.35862440856846
Q,KZ,Kazakhstan,2023-Q1,3.44154478055234
Q,KZ,Kazakhstan,2023-Q2,3.29310188202325
Q,KZ,Kazakhstan,2023-Q3,3.26991311708624
Q,KZ,Kazakhstan,2023-Q4,2.89162989781023
Q,KZ,Kazakhstan,2024-Q1,3.06482525097883
Q,KZ,Kazakhstan,2024-Q2,3.08878011158882
Q,KZ,Kazakhstan,2024-Q3,3.22067388321463
Q,KZ,Kazakhstan,2024-Q4,3.05312000131625
Q,KZ,Kazakhstan,2025-Q1,3.41202754353596
A,LB,Lebanon,2011,3.75693478858307
A,LB,Lebanon,2012,3.78697531989083
A,LB,Lebanon,2013,3.9655306434989
A,LB,Lebanon,2014,4.0080407149345
A,LB,Lebanon,2015,4.19528483569965
A,LB,Lebanon,2016,4.87908375643174
A,LB,Lebanon,2017,5.66619233797732
A,LB,Lebanon,2018,10.2547809247156
A,LB,Lebanon,2019,15.1937984496124
Q,LB,Lebanon,2011-Q2,4.02408399524927
Q,LB,Lebanon,2011-Q3,3.78058416075033
Q,LB,Lebanon,2011-Q4,3.75693478858307
Q,LB,Lebanon,2012-Q1,3.84622379194211
Q,LB,Lebanon,2012-Q2,3.70309775932028
Q,LB,Lebanon,2012-Q3,3.66564628076538
Q,LB,Lebanon,2012-Q4,3.78697531989083
Q,LB,Lebanon,2013-Q1,3.69307214550672
Q,LB,Lebanon,2013-Q2,3.78220692251824
Q,LB,Lebanon,2013-Q3,3.71797018647099
Q,LB,Lebanon,2013-Q4,3.9655306434989
Q,LB,Lebanon,2014-Q1,3.84325353324361
Q,LB,Lebanon,2014-Q2,3.76140487924388
Q,LB,Lebanon,2014-Q3,3.71741723862654
Q,LB,Lebanon,2014-Q4,4.0080407149345
Q,LB,Lebanon,2015-Q1,3.90112765234934
Q,LB,Lebanon,2015-Q2,3.99206115942795
Q,LB,Lebanon,2015-Q3,4.01556077781599
Q,LB,Lebanon,2015-Q4,4.19528483569965
Q,LB,Lebanon,2016-Q1,4.35227628700907
Q,LB,Lebanon,2016-Q2,4.47405152137065
Q,LB,Lebanon,2016-Q3,4.69199781508141
Q,LB,Lebanon,2016-Q4,4.87908375643174
Q,LB,Lebanon,2017-Q1,4.78916528241439
Q,LB,Lebanon,2017-Q2,5.37020670906472
Q,LB,Lebanon,2017-Q3,5.51499966391515
Q,LB,Lebanon,2017-Q4,5.66619233797732
Q,LB,Lebanon,2018-Q1,8.81493924123424
Q,LB,Lebanon,2018-Q2,9.00968881108328
Q,LB,Lebanon,2018-Q3,9.57497755163125
Q,LB,Lebanon,2018-Q4,10.2547809247156
Q,LB,Lebanon,2019-Q1,10.9595049737605
Q,LB,Lebanon,2019-Q2,11.6036484517006
Q,LB,Lebanon,2019-Q3,12.4380616444109
Q,LB,Lebanon,2019-Q4,15.1937984496124
Q,LB,Lebanon,2020-Q1,20.29793977813
Q,LB,Lebanon,2020-Q2,23.8187761446499
A,LC,Saint Lucia,2015,18.196449
A,LC,Saint Lucia,2016,13.124621
A,LC,Saint Lucia,2017,12.504233
A,LC,Saint Lucia,2018,10.030191
A,LC,Saint Lucia,2019,8.23746
A,LC,Saint Lucia,2020,10.3808535880125
A,LC,Saint Lucia,2021,12.6356917212961
A,LC,Saint Lucia,2022,12.7629800054953
A,LC,Saint Lucia,2023,14.485452
A,LC,Saint Lucia,2024,11.928931
Q,LC,Saint Lucia,2015-Q1,18.674905
Q,LC,Saint Lucia,2015-Q2,18.858376
Q,LC,Saint Lucia,2015-Q3,18.769917
Q,LC,Saint Lucia,2015-Q4,18.196449
Q,LC,Saint Lucia,2016-Q1,18.080074
Q,LC,Saint Lucia,2016-Q2,16.911762
Q,LC,Saint Lucia,2016-Q3,16.364304
Q,LC,Saint Lucia,2016-Q4,13.124621
Q,LC,Saint Lucia,2017-Q1,13.19608
Q,LC,Saint Lucia,2017-Q2,13.292864
Q,LC,Saint Lucia,2017-Q3,14.081213
Q,LC,Saint Lucia,2017-Q4,12.504233
Q,LC,Saint Lucia,2018-Q1,12.582013
Q,LC,Saint Lucia,2018-Q2,11.242544
Q,LC,Saint Lucia,2018-Q3,10.283079
Q,LC,Saint Lucia,2018-Q4,10.030191
Q,LC,Saint Lucia,2019-Q1,9.891427
Q,LC,Saint Lucia,2019-Q2,8.745767
Q,LC,Saint Lucia,2019-Q3,8.62755
Q,LC,Saint Lucia,2019-Q4,8.23746
Q,LC,Saint Lucia,2020-Q1,9.7325631914847
Q,LC,Saint Lucia,2020-Q2,10.7708838943164
Q,LC,Saint Lucia,2020-Q3,10.2260656919034
Q,LC,Saint Lucia,2020-Q4,10.3808535880125
Q,LC,Saint Lucia,2021-Q1,10.4652578867798
Q,LC,Saint Lucia,2021-Q2,10.9681348439119
Q,LC,Saint Lucia,2021-Q3,12.2315544796304
Q,LC,Saint Lucia,2021-Q4,12.6356917212961
Q,LC,Saint Lucia,2022-Q1,11.8574604020916
Q,LC,Saint Lucia,2022-Q2,11.9519068816375
Q,LC,Saint Lucia,2022-Q3,12.9378808308769
Q,LC,Saint Lucia,2022-Q4,12.7629800054953
Q,LC,Saint Lucia,2023-Q1,12.557413
Q,LC,Saint Lucia,2023-Q2,13.629808
Q,LC,Saint Lucia,2023-Q3,13.202732
Q,LC,Saint Lucia,2023-Q4,14.485452
Q,LC,Saint Lucia,2024-Q1,11.923784
Q,LC,Saint Lucia,2024-Q2,11.563602
Q,LC,Saint Lucia,2024-Q3,11.451779
Q,LC,Saint Lucia,2024-Q4,11.928931
Q,LC,Saint Lucia,2025-Q1,11.528886
A,LK,Sri Lanka,2012,3.62758332957379
A,LK,Sri Lanka,2013,5.57505794057583
A,LK,Sri Lanka,2014,4.23421449884782
A,LK,Sri Lanka,2015,3.24077029740187
A,LK,Sri Lanka,2016,2.63381101624579
A,LK,Sri Lanka,2017,2.49843260637911
A,LK,Sri Lanka,2018,3.42041976161883
A,LK,Sri Lanka,2019,4.69918303381587
A,LK,Sri Lanka,2020,4.92827495911882
A,LK,Sri Lanka,2021,4.46720885923597
A,LK,Sri Lanka,2022,11.9682691812072
A,LK,Sri Lanka,2023,13.1079211175582
Q,LK,Sri Lanka,2012-Q1,4.16887329560064
Q,LK,Sri Lanka,2012-Q2,4.02220829423599
Q,LK,Sri Lanka,2012-Q3,4.124653642183
Q,LK,Sri Lanka,2012-Q4,3.62758332957379
Q,LK,Sri Lanka,2013-Q1,4.23441051766464
Q,LK,Sri Lanka,2013-Q2,4.68396597744333
Q,LK,Sri Lanka,2013-Q3,5.19977016078183
Q,LK,Sri Lanka,2013-Q4,5.57505794057583
Q,LK,Sri Lanka,2014-Q1,6.20690501997564
Q,LK,Sri Lanka,2014-Q2,6.22126559095503
Q,LK,Sri Lanka,2014-Q3,5.2744553770794
Q,LK,Sri Lanka,2014-Q4,4.23421449884782
Q,LK,Sri Lanka,2015-Q1,4.32828703741495
Q,LK,Sri Lanka,2015-Q2,4.3263687100095
Q,LK,Sri Lanka,2015-Q3,3.97631423855251
Q,LK,Sri Lanka,2015-Q4,3.24077029740187
Q,LK,Sri Lanka,2016-Q1,3.10470404940336
Q,LK,Sri Lanka,2016-Q2,2.98327731619469
Q,LK,Sri Lanka,2016-Q3,2.89101923440043
Q,LK,Sri Lanka,2016-Q4,2.63381101624579
Q,LK,Sri Lanka,2017-Q1,2.66921537035732
Q,LK,Sri Lanka,2017-Q2,2.69201803150231
Q,LK,Sri Lanka,2017-Q3,2.73059700916079
Q,LK,Sri Lanka,2017-Q4,2.49843260637911
Q,LK,Sri Lanka,2018-Q1,2.98829867412252
Q,LK,Sri Lanka,2018-Q2,3.27701458781191
Q,LK,Sri Lanka,2018-Q3,3.62061360293474
Q,LK,Sri Lanka,2018-Q4,3.42041976161883
Q,LK,Sri Lanka,2019-Q1,4.22506514686397
Q,LK,Sri Lanka,2019-Q2,4.78442355265915
Q,LK,Sri Lanka,2019-Q3,4.92409721548252
Q,LK,Sri Lanka,2019-Q4,4.69918303381587
Q,LK,Sri Lanka,2020-Q1,5.08016260602157
Q,LK,Sri Lanka,2020-Q2,5.42930333040322
Q,LK,Sri Lanka,2020-Q3,5.29618298140016
Q,LK,Sri Lanka,2020-Q4,4.92827495911882
Q,LK,Sri Lanka,2021-Q1,4.64889730126826
Q,LK,Sri Lanka,2021-Q2,5.00158722786703
Q,LK,Sri Lanka,2021-Q3,4.81756112535932
Q,LK,Sri Lanka,2021-Q4,4.46720885923597
Q,LK,Sri Lanka,2022-Q1,8.55642012165522
Q,LK,Sri Lanka,2022-Q2,9.12635130652266
Q,LK,Sri Lanka,2022-Q3,11.0561601695302
Q,LK,Sri Lanka,2022-Q4,11.9682691812072
Q,LK,Sri Lanka,2023-Q1,13.2278392020807
Q,LK,Sri Lanka,2023-Q2,13.810854669643
Q,LK,Sri Lanka,2023-Q3,13.7560985517714
Q,LK,Sri Lanka,2023-Q4,13.1079211175582
Q,LK,Sri Lanka,2024-Q1,13.1109278956832
Q,LK,Sri Lanka,2024-Q2,12.9279954534034
A,LS,Lesotho,2009,3.01980961547002
A,LS,Lesotho,2010,3.03446782401745
A,LS,Lesotho,2011,2.09514427558555
A,LS,Lesotho,2012,2.46477296166822
A,LS,Lesotho,2013,3.78801708370063
A,LS,Lesotho,2014,4.22925606627
A,LS,Lesotho,2015,4.03779220172476
A,LS,Lesotho,2016,3.6944118773996
A,LS,Lesotho,2017,4.41640017238618
A,LS,Lesotho,2018,3.66046491384932
A,LS,Lesotho,2019,3.29905737050076
A,LS,Lesotho,2020,4.19908433746564
A,LS,Lesotho,2021,4.06516576680991
A,LS,Lesotho,2022,4.31173023499467
A,LS,Lesotho,2023,3.83883392253685
A,LS,Lesotho,2024,4.26842885370838
Q,LS,Lesotho,2009-Q1,2.76939295224759
Q,LS,Lesotho,2009-Q2,3.45871121514385
Q,LS,Lesotho,2009-Q3,3.30358376839226
Q,LS,Lesotho,2009-Q4,3.01980961547002
Q,LS,Lesotho,2010-Q1,2.80128549500095
Q,LS,Lesotho,2010-Q2,3.45744181035352
Q,LS,Lesotho,2010-Q3,3.19177715898225
Q,LS,Lesotho,2010-Q4,3.03446782401745
Q,LS,Lesotho,2011-Q1,2.88556320143336
Q,LS,Lesotho,2011-Q2,2.49260333785184
Q,LS,Lesotho,2011-Q3,3.0047376175431
Q,LS,Lesotho,2011-Q4,2.09514427558555
Q,LS,Lesotho,2012-Q1,2.44513876844766
Q,LS,Lesotho,2012-Q2,2.2490413847243
Q,LS,Lesotho,2012-Q3,2.67003468235394
Q,LS,Lesotho,2012-Q4,2.46477296166822
Q,LS,Lesotho,2013-Q1,2.62300442136004
Q,LS,Lesotho,2013-Q2,2.52152294233277
Q,LS,Lesotho,2013-Q3,3.90848864125865
Q,LS,Lesotho,2013-Q4,3.78801708370063
Q,LS,Lesotho,2014-Q1,4.32982297931241
Q,LS,Lesotho,2014-Q2,4.2863995507074
Q,LS,Lesotho,2014-Q3,4.06042522666655
Q,LS,Lesotho,2014-Q4,4.22925606627
Q,LS,Lesotho,2015-Q1,4.21399727354647
Q,LS,Lesotho,2015-Q2,4.07637109084911
Q,LS,Lesotho,2015-Q3,4.11505874430438
Q,LS,Lesotho,2015-Q4,4.03779220172476
Q,LS,Lesotho,2016-Q1,3.95281227383459
Q,LS,Lesotho,2016-Q2,4.04602156971104
Q,LS,Lesotho,2016-Q3,3.7859913900638
Q,LS,Lesotho,2016-Q4,3.6944118773996
Q,LS,Lesotho,2017-Q1,4.1285369149062
Q,LS,Lesotho,2017-Q2,4.11068312970525
Q,LS,Lesotho,2017-Q3,4.05617301235079
Q,LS,Lesotho,2017-Q4,4.41640017238618
Q,LS,Lesotho,2018-Q1,4.40122224993154
Q,LS,Lesotho,2018-Q2,4.03640052495483
Q,LS,Lesotho,2018-Q3,4.13579576873707
Q,LS,Lesotho,2018-Q4,3.66046491384932
Q,LS,Lesotho,2019-Q1,3.38789981197046
Q,LS,Lesotho,2019-Q2,3.42057717257503
Q,LS,Lesotho,2019-Q3,3.40007206360484
Q,LS,Lesotho,2019-Q4,3.29905737050076
Q,LS,Lesotho,2020-Q1,3.49117954538541
Q,LS,Lesotho,2020-Q2,4.09040684794747
Q,LS,Lesotho,2020-Q3,4.30320651705373
Q,LS,Lesotho,2020-Q4,4.19908433746564
Q,LS,Lesotho,2021-Q1,4.86016680833942
Q,LS,Lesotho,2021-Q2,4.74636189592615
Q,LS,Lesotho,2021-Q3,4.59921389229243
Q,LS,Lesotho,2021-Q4,4.06516576680991
Q,LS,Lesotho,2022-Q1,4.41779068354395
Q,LS,Lesotho,2022-Q2,4.59435043849455
Q,LS,Lesotho,2022-Q3,4.41364707776258
Q,LS,Lesotho,2022-Q4,4.31173023499467
Q,LS,Lesotho,2023-Q1,4.18410235039508
Q,LS,Lesotho,2023-Q2,4.11473596041671
Q,LS,Lesotho,2023-Q3,3.60612794568764
Q,LS,Lesotho,2023-Q4,3.83883392253685
Q,LS,Lesotho,2024-Q1,3.79001082440193
Q,LS,Lesotho,2024-Q2,3.63664450627231
Q,LS,Lesotho,2024-Q3,3.86473670900273
Q,LS,Lesotho,2024-Q4,4.26842885370838
Q,LS,Lesotho,2025-Q1,4.83548643980182
A,LT,Lithuania,2008,5.9947885892443
A,LT,Lithuania,2009,22.1397887438421
A,LT,Lithuania,2010,21.3129447476114
A,LT,Lithuania,2011,17.6402783873711
A,LT,Lithuania,2012,14.1140616832463
A,LT,Lithuania,2013,11.5860323295319
A,LT,Lithuania,2014,8.1860494113904
A,LT,Lithuania,2015,4.94956913376007
A,LT,Lithuania,2016,3.66064619634649
A,LT,Lithuania,2017,3.17709584415856
A,LT,Lithuania,2018,2.27014872045055
A,LT,Lithuania,2019,1.04438547521426
A,LT,Lithuania,2020,0.96915521153795
A,LT,Lithuania,2021,0.510408710751457
A,LT,Lithuania,2022,0.395781798037311
A,LT,Lithuania,2023,0.438033614482931
Q,LT,Lithuania,2008-Q4,5.9947885892443
Q,LT,Lithuania,2009-Q1,9.92955132276512
Q,LT,Lithuania,2009-Q2,13.7082814942751
Q,LT,Lithuania,2009-Q3,18.1643840144109
Q,LT,Lithuania,2009-Q4,22.1397887438421
Q,LT,Lithuania,2010-Q1,21.9079782625044
Q,LT,Lithuania,2010-Q2,22.7390521099609
Q,LT,Lithuania,2010-Q3,22.1990064213485
Q,LT,Lithuania,2010-Q4,21.3129447476114
Q,LT,Lithuania,2011-Q1,20.8958451680231
Q,LT,Lithuania,2011-Q2,20.2139589936391
Q,LT,Lithuania,2011-Q3,19.5356382257614
Q,LT,Lithuania,2011-Q4,17.6402783873711
Q,LT,Lithuania,2012-Q1,17.5466534343005
Q,LT,Lithuania,2012-Q2,16.8793210465671
Q,LT,Lithuania,2012-Q3,17.4848493814859
Q,LT,Lithuania,2012-Q4,14.1140616832463
Q,LT,Lithuania,2013-Q1,14.3532644618473
Q,LT,Lithuania,2013-Q2,13.7448432915335
Q,LT,Lithuania,2013-Q3,12.4675486986069
Q,LT,Lithuania,2013-Q4,11.5860323295319
Q,LT,Lithuania,2014-Q1,11.0338675797773
Q,LT,Lithuania,2014-Q2,9.93739097367077
Q,LT,Lithuania,2014-Q3,9.66658671521795
Q,LT,Lithuania,2014-Q4,8.1860494113904
Q,LT,Lithuania,2015-Q1,6.73242139436034
Q,LT,Lithuania,2015-Q2,7.14759118935545
Q,LT,Lithuania,2015-Q3,6.72588690264085
Q,LT,Lithuania,2015-Q4,4.94956913376007
Q,LT,Lithuania,2016-Q1,4.95085149156878
Q,LT,Lithuania,2016-Q2,4.51054219871975
Q,LT,Lithuania,2016-Q3,3.9996113338809
Q,LT,Lithuania,2016-Q4,3.66064619634649
Q,LT,Lithuania,2017-Q1,3.58901099825699
Q,LT,Lithuania,2017-Q2,3.29202767469661
Q,LT,Lithuania,2017-Q3,3.16323271525303
Q,LT,Lithuania,2017-Q4,3.17709584415856
Q,LT,Lithuania,2018-Q1,2.99769690292745
Q,LT,Lithuania,2018-Q2,2.70434310880508
Q,LT,Lithuania,2018-Q3,2.55977178848004
Q,LT,Lithuania,2018-Q4,2.27014872045055
Q,LT,Lithuania,2019-Q1,2.15352894355144
Q,LT,Lithuania,2019-Q2,1.25771009271606
Q,LT,Lithuania,2019-Q3,1.16468289559522
Q,LT,Lithuania,2019-Q4,1.04438547521426
Q,LT,Lithuania,2020-Q1,0.987727323800899
Q,LT,Lithuania,2020-Q2,1.04337202458676
Q,LT,Lithuania,2020-Q3,0.991478339981132
Q,LT,Lithuania,2020-Q4,0.96915521153795
Q,LT,Lithuania,2021-Q1,0.857840415654264
Q,LT,Lithuania,2021-Q2,0.757268893954099
Q,LT,Lithuania,2021-Q3,0.658369351505689
Q,LT,Lithuania,2021-Q4,0.510408710751457
Q,LT,Lithuania,2022-Q1,0.53996315031465
Q,LT,Lithuania,2022-Q2,0.498771319156433
Q,LT,Lithuania,2022-Q3,0.46640474205861
Q,LT,Lithuania,2022-Q4,0.395781798037311
Q,LT,Lithuania,2023-Q1,0.41031332397047
Q,LT,Lithuania,2023-Q2,0.467653061308384
Q,LT,Lithuania,2023-Q3,0.436161961464778
Q,LT,Lithuania,2023-Q4,0.438033614482931
A,LU,Luxembourg,2009,0.670613945190373
A,LU,Luxembourg,2010,0.247232603084002
A,LU,Luxembourg,2011,0.379416485489736
A,LU,Luxembourg,2012,0.145588493246799
A,LU,Luxembourg,2013,0.21316440756553
A,LU,Luxembourg,2016,0.904844283559195
A,LU,Luxembourg,2017,0.791204996244052
A,LU,Luxembourg,2018,0.896966330444118
A,LU,Luxembourg,2019,0.738897535704604
A,LU,Luxembourg,2020,1.02804099898325
A,LU,Luxembourg,2021,1.25487767534597
A,LU,Luxembourg,2022,1.58802284953164
A,LU,Luxembourg,2023,1.86074359634703
A,LU,Luxembourg,2024,2.32000506236889
Q,LU,Luxembourg,2009-Q1,1.35298172680989
Q,LU,Luxembourg,2009-Q2,0.824885997269744
Q,LU,Luxembourg,2009-Q3,0.692174379554557
Q,LU,Luxembourg,2009-Q4,0.670613945190373
Q,LU,Luxembourg,2010-Q1,0.576966534796775
Q,LU,Luxembourg,2010-Q2,0.552426582866754
Q,LU,Luxembourg,2010-Q3,0.364230781889392
Q,LU,Luxembourg,2010-Q4,0.247232603084002
Q,LU,Luxembourg,2011-Q1,0.306346889855633
Q,LU,Luxembourg,2011-Q2,0.274344881001719
Q,LU,Luxembourg,2011-Q3,0.386190494712802
Q,LU,Luxembourg,2011-Q4,0.379416485489736
Q,LU,Luxembourg,2012-Q1,0.332052497887526
Q,LU,Luxembourg,2012-Q2,0.389035965648608
Q,LU,Luxembourg,2012-Q3,0.33515081094032
Q,LU,Luxembourg,2012-Q4,0.145588493246799
Q,LU,Luxembourg,2013-Q1,0.210724433407164
Q,LU,Luxembourg,2013-Q2,0.259435829572574
Q,LU,Luxembourg,2013-Q3,0.238767000949948
Q,LU,Luxembourg,2013-Q4,0.21316440756553
Q,LU,Luxembourg,2016-Q4,0.904844283559195
Q,LU,Luxembourg,2017-Q1,0.835702621043583
Q,LU,Luxembourg,2017-Q2,0.829390939232919
Q,LU,Luxembourg,2017-Q3,0.786970485145626
Q,LU,Luxembourg,2017-Q4,0.791204996244052
Q,LU,Luxembourg,2018-Q1,0.916625729035546
Q,LU,Luxembourg,2018-Q2,0.846872921285431
Q,LU,Luxembourg,2018-Q3,0.851160668217718
Q,LU,Luxembourg,2018-Q4,0.896966330444118
Q,LU,Luxembourg,2019-Q1,0.779406355513581
Q,LU,Luxembourg,2019-Q2,0.777201892448336
Q,LU,Luxembourg,2019-Q3,0.758121030898499
Q,LU,Luxembourg,2019-Q4,0.738897535704604
Q,LU,Luxembourg,2020-Q1,0.750790976239559
Q,LU,Luxembourg,2020-Q2,0.822861652383912
Q,LU,Luxembourg,2020-Q3,0.935423519876486
Q,LU,Luxembourg,2020-Q4,1.02804099898325
Q,LU,Luxembourg,2021-Q1,0.918588668307462
Q,LU,Luxembourg,2021-Q2,0.873836980404062
Q,LU,Luxembourg,2021-Q3,0.818369939644984
Q,LU,Luxembourg,2021-Q4,1.25487767534597
Q,LU,Luxembourg,2022-Q1,1.48613066041948
Q,LU,Luxembourg,2022-Q2,1.59093595631975
Q,LU,Luxembourg,2022-Q3,1.50204564227325
Q,LU,Luxembourg,2022-Q4,1.58802284953164
Q,LU,Luxembourg,2023-Q1,1.62155604994452
Q,LU,Luxembourg,2023-Q2,1.79194496878056
Q,LU,Luxembourg,2023-Q3,1.63495131720467
Q,LU,Luxembourg,2023-Q4,1.86074359634703
Q,LU,Luxembourg,2024-Q1,2.06017798966267
Q,LU,Luxembourg,2024-Q2,2.20099148783736
Q,LU,Luxembourg,2024-Q3,2.23840355108757
Q,LU,Luxembourg,2024-Q4,2.32000506236889
Q,LU,Luxembourg,2025-Q1,2.23789484543371
A,LV,Latvia,2011,14.0547877289945
A,LV,Latvia,2012,8.7237859152224
A,LV,Latvia,2013,6.4070404515206
A,LV,Latvia,2014,4.59775813860822
A,LV,Latvia,2015,4.64467819332291
A,LV,Latvia,2016,6.25574429476529
A,LV,Latvia,2017,5.50697759974228
A,LV,Latvia,2018,5.28840202667788
A,LV,Latvia,2019,5.00157140027426
A,LV,Latvia,2020,3.09137577308037
A,LV,Latvia,2021,2.47301429041714
A,LV,Latvia,2022,2.28796782873969
A,LV,Latvia,2023,2.4334303280295
A,LV,Latvia,2024,2.37832895717774
Q,LV,Latvia,2011-Q1,15.7680419421016
Q,LV,Latvia,2011-Q2,15.4292670964993
Q,LV,Latvia,2011-Q3,15.0652176616142
Q,LV,Latvia,2011-Q4,14.0547877289945
Q,LV,Latvia,2012-Q1,10.9746700239004
Q,LV,Latvia,2012-Q2,9.89690028109712
Q,LV,Latvia,2012-Q3,9.59449313480416
Q,LV,Latvia,2012-Q4,8.7237859152224
Q,LV,Latvia,2013-Q1,8.36039070849734
Q,LV,Latvia,2013-Q2,7.81682188252804
Q,LV,Latvia,2013-Q3,7.53951521763205
Q,LV,Latvia,2013-Q4,6.4070404515206
Q,LV,Latvia,2014-Q1,5.74012941218329
Q,LV,Latvia,2014-Q2,5.25953910747578
Q,LV,Latvia,2014-Q3,4.89973822418479
Q,LV,Latvia,2014-Q4,4.59775813860822
Q,LV,Latvia,2015-Q1,4.60834837215706
Q,LV,Latvia,2015-Q2,4.77099414067109
Q,LV,Latvia,2015-Q3,4.49290097799916
Q,LV,Latvia,2015-Q4,4.64467819332291
Q,LV,Latvia,2016-Q1,4.08161511850692
Q,LV,Latvia,2016-Q2,3.8468283163575
Q,LV,Latvia,2016-Q3,3.99368762026052
Q,LV,Latvia,2016-Q4,6.25574429476529
Q,LV,Latvia,2017-Q1,5.95679696696701
Q,LV,Latvia,2017-Q2,5.84387566619087
Q,LV,Latvia,2017-Q3,5.89178694490595
Q,LV,Latvia,2017-Q4,5.50697759974228
Q,LV,Latvia,2018-Q1,6.40743281758488
Q,LV,Latvia,2018-Q2,5.86761200298803
Q,LV,Latvia,2018-Q3,5.97519185571035
Q,LV,Latvia,2018-Q4,5.28840202667788
Q,LV,Latvia,2019-Q1,5.13602784491701
Q,LV,Latvia,2019-Q2,5.43685153324681
Q,LV,Latvia,2019-Q3,5.70300369419787
Q,LV,Latvia,2019-Q4,5.00157140027426
Q,LV,Latvia,2020-Q1,3.52205689047642
Q,LV,Latvia,2020-Q2,3.7058586963307
Q,LV,Latvia,2020-Q3,3.51786408623522
Q,LV,Latvia,2020-Q4,3.09137577308037
Q,LV,Latvia,2021-Q1,3.15352590287968
Q,LV,Latvia,2021-Q2,3.15342330877219
Q,LV,Latvia,2021-Q3,3.03288932600727
Q,LV,Latvia,2021-Q4,2.47301429041714
Q,LV,Latvia,2022-Q1,3.59348442239069
Q,LV,Latvia,2022-Q2,3.07253640530412
Q,LV,Latvia,2022-Q3,2.6776064206873
Q,LV,Latvia,2022-Q4,2.28796782873969
Q,LV,Latvia,2023-Q1,2.18766951825988
Q,LV,Latvia,2023-Q2,1.9692360262673
Q,LV,Latvia,2023-Q3,1.9698297217215
Q,LV,Latvia,2023-Q4,2.4334303280295
Q,LV,Latvia,2024-Q1,2.28884047693535
Q,LV,Latvia,2024-Q2,2.19821183832494
Q,LV,Latvia,2024-Q3,2.06774494565853
Q,LV,Latvia,2024-Q4,2.37832895717774
Q,LV,Latvia,2025-Q1,2.25151093410573
A,MA,Morocco,2011,5.44855241763618
A,MA,Morocco,2012,5.74656037615339
A,MA,Morocco,2013,6.62387078084964
A,MA,Morocco,2014,7.26696282330555
A,MA,Morocco,2015,7.67129786194117
A,MA,Morocco,2016,8.07938649012445
A,MA,Morocco,2017,7.60581163179934
A,MA,Morocco,2018,7.72518485920519
A,MA,Morocco,2019,7.86756194132143
A,MA,Morocco,2020,8.79376526247322
A,MA,Morocco,2021,9.05863022934855
A,MA,Morocco,2022,8.68360679573923
Q,MA,Morocco,2011-Q4,5.44855241763618
Q,MA,Morocco,2012-Q2,5.53774131884405
Q,MA,Morocco,2012-Q4,5.74656037615339
Q,MA,Morocco,2013-Q2,6.27377034310753
Q,MA,Morocco,2013-Q4,6.62387078084964
Q,MA,Morocco,2014-Q2,7.49673172114143
Q,MA,Morocco,2014-Q4,7.26696282330555
Q,MA,Morocco,2015-Q2,8.13890996424045
Q,MA,Morocco,2015-Q4,7.67129786194117
Q,MA,Morocco,2016-Q2,7.87107055530812
Q,MA,Morocco,2016-Q4,8.07938649012445
Q,MA,Morocco,2017-Q2,7.72600702447369
Q,MA,Morocco,2017-Q4,7.60581163179934
Q,MA,Morocco,2018-Q2,7.98011526812062
Q,MA,Morocco,2018-Q4,7.72518485920519
Q,MA,Morocco,2019-Q2,7.84725506193035
Q,MA,Morocco,2019-Q4,7.86756194132143
Q,MA,Morocco,2020-Q2,7.68950815608353
Q,MA,Morocco,2020-Q4,8.79376526247322
Q,MA,Morocco,2021-Q2,8.75638927110032
Q,MA,Morocco,2021-Q4,9.05863022934855
Q,MA,Morocco,2022-Q2,9.00395889329728
Q,MA,Morocco,2022-Q4,8.68360679573923
A,MD,"Moldova, Republic of",2009,16.388686779902
A,MD,"Moldova, Republic of",2010,13.3375805604831
A,MD,"Moldova, Republic of",2011,10.6758881878265
A,MD,"Moldova, Republic of",2012,14.4995942986054
A,MD,"Moldova, Republic of",2013,11.5773748871241
A,MD,"Moldova, Republic of",2014,11.7289639558726
A,MD,"Moldova, Republic of",2015,9.91786681707727
A,MD,"Moldova, Republic of",2016,16.4051517258091
A,MD,"Moldova, Republic of",2017,18.2468257499407
A,MD,"Moldova, Republic of",2018,12.4916886374529
A,MD,"Moldova, Republic of",2019,8.49630682504005
A,MD,"Moldova, Republic of",2020,7.37754096553309
A,MD,"Moldova, Republic of",2021,6.12732657064783
A,MD,"Moldova, Republic of",2022,6.44258507306679
A,MD,"Moldova, Republic of",2023,5.55507507352677
A,MD,"Moldova, Republic of",2024,4.16227166187258
Q,MD,"Moldova, Republic of",2009-Q1,8.03908985054677
Q,MD,"Moldova, Republic of",2009-Q2,10.4741677199783
Q,MD,"Moldova, Republic of",2009-Q3,14.6076919492594
Q,MD,"Moldova, Republic of",2009-Q4,16.388686779902
Q,MD,"Moldova, Republic of",2010-Q1,17.3964339667136
Q,MD,"Moldova, Republic of",2010-Q2,17.495212445847
Q,MD,"Moldova, Republic of",2010-Q3,15.6896071769443
Q,MD,"Moldova, Republic of",2010-Q4,13.3375805604831
Q,MD,"Moldova, Republic of",2011-Q1,10.7373574419978
Q,MD,"Moldova, Republic of",2011-Q2,9.20975877684898
Q,MD,"Moldova, Republic of",2011-Q3,8.13285177654683
Q,MD,"Moldova, Republic of",2011-Q4,10.6758881878265
Q,MD,"Moldova, Republic of",2012-Q1,14.5852011782871
Q,MD,"Moldova, Republic of",2012-Q2,15.2603486837408
Q,MD,"Moldova, Republic of",2012-Q3,14.4544219825191
Q,MD,"Moldova, Republic of",2012-Q4,14.4995942986054
Q,MD,"Moldova, Republic of",2013-Q1,13.0345021375828
Q,MD,"Moldova, Republic of",2013-Q2,12.688394552353
Q,MD,"Moldova, Republic of",2013-Q3,12.4381408336092
Q,MD,"Moldova, Republic of",2013-Q4,11.5773748871241
Q,MD,"Moldova, Republic of",2014-Q1,13.1716762517435
Q,MD,"Moldova, Republic of",2014-Q2,11.9365147291416
Q,MD,"Moldova, Republic of",2014-Q3,12.2837328620136
Q,MD,"Moldova, Republic of",2014-Q4,11.7289639558726
Q,MD,"Moldova, Republic of",2015-Q1,12.8991084398969
Q,MD,"Moldova, Republic of",2015-Q2,14.4441696409607
Q,MD,"Moldova, Republic of",2015-Q3,9.76373860072391
Q,MD,"Moldova, Republic of",2015-Q4,9.91786681707727
Q,MD,"Moldova, Republic of",2016-Q1,11.0955612025201
Q,MD,"Moldova, Republic of",2016-Q2,16.1086223771142
Q,MD,"Moldova, Republic of",2016-Q3,15.7668163946039
Q,MD,"Moldova, Republic of",2016-Q4,16.4051517258091
Q,MD,"Moldova, Republic of",2017-Q1,16.1020163939562
Q,MD,"Moldova, Republic of",2017-Q2,17.5491704084224
Q,MD,"Moldova, Republic of",2017-Q3,17.3095156142022
Q,MD,"Moldova, Republic of",2017-Q4,18.2468257499407
Q,MD,"Moldova, Republic of",2018-Q1,16.0915453432458
Q,MD,"Moldova, Republic of",2018-Q2,14.6204470868768
Q,MD,"Moldova, Republic of",2018-Q3,13.4445302671961
Q,MD,"Moldova, Republic of",2018-Q4,12.4916886374529
Q,MD,"Moldova, Republic of",2019-Q1,11.471528330557
Q,MD,"Moldova, Republic of",2019-Q2,10.5904520693349
Q,MD,"Moldova, Republic of",2019-Q3,10.1817238904104
Q,MD,"Moldova, Republic of",2019-Q4,8.49630682504005
Q,MD,"Moldova, Republic of",2020-Q1,8.47796990560604
Q,MD,"Moldova, Republic of",2020-Q2,8.7292207078613
Q,MD,"Moldova, Republic of",2020-Q3,8.54484947961446
Q,MD,"Moldova, Republic of",2020-Q4,7.37754096553309
Q,MD,"Moldova, Republic of",2021-Q1,7.2244344451382
Q,MD,"Moldova, Republic of",2021-Q2,7.46585880344908
Q,MD,"Moldova, Republic of",2021-Q3,6.80866479196876
Q,MD,"Moldova, Republic of",2021-Q4,6.12732657064783
Q,MD,"Moldova, Republic of",2022-Q1,7.07196141740936
Q,MD,"Moldova, Republic of",2022-Q2,6.72825656783877
Q,MD,"Moldova, Republic of",2022-Q3,6.50082858042608
Q,MD,"Moldova, Republic of",2022-Q4,6.44258507306679
Q,MD,"Moldova, Republic of",2023-Q1,6.47884895389342
Q,MD,"Moldova, Republic of",2023-Q2,7.09857153266283
Q,MD,"Moldova, Republic of",2023-Q3,6.71613891969352
Q,MD,"Moldova, Republic of",2023-Q4,5.55507507352677
Q,MD,"Moldova, Republic of",2024-Q1,5.46870738267043
Q,MD,"Moldova, Republic of",2024-Q2,4.84104493123762
Q,MD,"Moldova, Republic of",2024-Q3,4.75027944331676
Q,MD,"Moldova, Republic of",2024-Q4,4.16227166187258
Q,MD,"Moldova, Republic of",2025-Q1,4.26494915786164
A,ME,Montenegro,2006,2.88924830799956
A,ME,Montenegro,2007,3.20083686790681
A,ME,Montenegro,2008,7.27535879705032
A,ME,Montenegro,2009,13.5504391510384
A,ME,Montenegro,2010,20.9294667304236
A,ME,Montenegro,2011,15.2910548471522
A,ME,Montenegro,2012,17.3025070519201
A,ME,Montenegro,2013,20.3084823035393
A,ME,Montenegro,2014,18.586564885194
A,ME,Montenegro,2015,14.5783594660382
A,ME,Montenegro,2016,11.354372633992
A,ME,Montenegro,2017,8.29218459497308
A,ME,Montenegro,2018,7.35692267453808
A,ME,Montenegro,2019,5.09127517723506
A,ME,Montenegro,2020,5.86672519968626
A,ME,Montenegro,2021,6.82517015780468
A,ME,Montenegro,2022,6.32770344904808
A,ME,Montenegro,2023,5.77905705298842
Q,ME,Montenegro,2006-Q1,4.29558355454737
Q,ME,Montenegro,2006-Q2,4.0518780337056
Q,ME,Montenegro,2006-Q3,3.62710402226901
Q,ME,Montenegro,2006-Q4,2.88924830799956
Q,ME,Montenegro,2007-Q1,2.06531016765247
Q,ME,Montenegro,2007-Q2,1.96940395024384
Q,ME,Montenegro,2007-Q3,3.30736789899658
Q,ME,Montenegro,2007-Q4,3.20083686790681
Q,ME,Montenegro,2008-Q1,3.0486671420898
Q,ME,Montenegro,2008-Q2,3.9389555235075
Q,ME,Montenegro,2008-Q3,4.51892061893425
Q,ME,Montenegro,2008-Q4,7.27535879705032
Q,ME,Montenegro,2009-Q1,8.89625883304818
Q,ME,Montenegro,2009-Q2,10.0330772451858
Q,ME,Montenegro,2009-Q3,9.59616763591314
Q,ME,Montenegro,2009-Q4,13.5504391510384
Q,ME,Montenegro,2010-Q1,14.8500397567047
Q,ME,Montenegro,2010-Q2,16.7860993544622
Q,ME,Montenegro,2010-Q3,17.5839567848013
Q,ME,Montenegro,2010-Q4,20.9294667304236
Q,ME,Montenegro,2011-Q1,22.989728375599
Q,ME,Montenegro,2011-Q2,24.9604484529295
Q,ME,Montenegro,2011-Q3,19.3985064995873
Q,ME,Montenegro,2011-Q4,15.2910548471522
Q,ME,Montenegro,2012-Q1,15.2804421445867
Q,ME,Montenegro,2012-Q2,16.8663478234288
Q,ME,Montenegro,2012-Q3,18.247639005269
Q,ME,Montenegro,2012-Q4,17.3025070519201
Q,ME,Montenegro,2013-Q1,22.1366056843081
Q,ME,Montenegro,2013-Q2,20.9976349888411
Q,ME,Montenegro,2013-Q3,20.8072798909469
Q,ME,Montenegro,2013-Q4,20.3084823035393
Q,ME,Montenegro,2014-Q1,18.8773791134081
Q,ME,Montenegro,2014-Q2,19.3164806946028
Q,ME,Montenegro,2014-Q3,19.7737265696373
Q,ME,Montenegro,2014-Q4,18.586564885194
Q,ME,Montenegro,2015-Q1,18.043005710322
Q,ME,Montenegro,2015-Q2,17.893243773582
Q,ME,Montenegro,2015-Q3,17.2870890432004
Q,ME,Montenegro,2015-Q4,14.5783594660382
Q,ME,Montenegro,2016-Q1,13.7041880218062
Q,ME,Montenegro,2016-Q2,12.9570427573485
Q,ME,Montenegro,2016-Q3,11.9850572977579
Q,ME,Montenegro,2016-Q4,11.354372633992
Q,ME,Montenegro,2017-Q1,10.8769643145147
Q,ME,Montenegro,2017-Q2,9.75231258167587
Q,ME,Montenegro,2017-Q3,8.70782772198034
Q,ME,Montenegro,2017-Q4,8.29218459497308
Q,ME,Montenegro,2018-Q1,8.1915947037001
Q,ME,Montenegro,2018-Q2,7.85516897898919
Q,ME,Montenegro,2018-Q3,7.64192821831969
Q,ME,Montenegro,2018-Q4,7.35692267453808
Q,ME,Montenegro,2019-Q1,6.53865073013869
Q,ME,Montenegro,2019-Q2,5.22411050636437
Q,ME,Montenegro,2019-Q3,5.26416424626098
Q,ME,Montenegro,2019-Q4,5.09127517723506
Q,ME,Montenegro,2020-Q1,5.56015482634319
Q,ME,Montenegro,2020-Q2,5.54724391518819
Q,ME,Montenegro,2020-Q3,6.06724113813438
Q,ME,Montenegro,2020-Q4,5.86672519968626
Q,ME,Montenegro,2021-Q1,5.967663413369
Q,ME,Montenegro,2021-Q2,6.25224286355577
Q,ME,Montenegro,2021-Q3,6.55271889032499
Q,ME,Montenegro,2021-Q4,6.82517015780468
Q,ME,Montenegro,2022-Q1,7.15606139717739
Q,ME,Montenegro,2022-Q2,6.89657096569292
Q,ME,Montenegro,2022-Q3,6.68572441539145
Q,ME,Montenegro,2022-Q4,6.32770344904808
Q,ME,Montenegro,2023-Q1,6.40538005698649
Q,ME,Montenegro,2023-Q2,6.07121660855655
Q,ME,Montenegro,2023-Q3,5.92392110839792
Q,ME,Montenegro,2023-Q4,5.77905705298842
Q,ME,Montenegro,2024-Q1,5.75529478793457
Q,ME,Montenegro,2024-Q2,5.04701164371743
Q,ME,Montenegro,2024-Q3,4.74923910331152
A,MG,Madagascar,2005,7.60792563429992
A,MG,Madagascar,2006,6.35707583676168
A,MG,Madagascar,2007,7.38090894155114
A,MG,Madagascar,2008,7.17687229470659
A,MG,Madagascar,2009,8.79419882422574
A,MG,Madagascar,2010,10.0217242777646
A,MG,Madagascar,2011,11.8198387546378
A,MG,Madagascar,2012,11.5651094798493
A,MG,Madagascar,2013,12.1838467083235
A,MG,Madagascar,2014,10.2928305449885
A,MG,Madagascar,2015,9.30747379475236
A,MG,Madagascar,2016,8.82195768112054
A,MG,Madagascar,2017,8.14393907254576
A,MG,Madagascar,2018,7.62316707853899
A,MG,Madagascar,2019,7.3470164916212
A,MG,Madagascar,2020,8.46460927886256
A,MG,Madagascar,2021,9.10988359501251
A,MG,Madagascar,2022,8.02382724671768
A,MG,Madagascar,2023,7.73785091249539
A,MG,Madagascar,2024,7.58934340321703
Q,MG,Madagascar,2005-Q3,8.17827048507094
Q,MG,Madagascar,2005-Q4,7.60792563429992
Q,MG,Madagascar,2006-Q1,6.56263350612753
Q,MG,Madagascar,2006-Q2,6.38270436482839
Q,MG,Madagascar,2006-Q3,6.25717668620049
Q,MG,Madagascar,2006-Q4,6.35707583676168
Q,MG,Madagascar,2007-Q1,6.81032867759439
Q,MG,Madagascar,2007-Q2,7.0831266758895
Q,MG,Madagascar,2007-Q3,6.69248852869369
Q,MG,Madagascar,2007-Q4,7.38090894155114
Q,MG,Madagascar,2008-Q1,6.88849890199115
Q,MG,Madagascar,2008-Q2,6.78875237799563
Q,MG,Madagascar,2008-Q3,6.18864656392504
Q,MG,Madagascar,2008-Q4,7.17687229470659
Q,MG,Madagascar,2009-Q1,7.52671812393037
Q,MG,Madagascar,2009-Q2,7.87483859300947
Q,MG,Madagascar,2009-Q3,8.08807893256175
Q,MG,Madagascar,2009-Q4,8.79419882422574
Q,MG,Madagascar,2010-Q1,8.84733597899029
Q,MG,Madagascar,2010-Q2,9.27982101818448
Q,MG,Madagascar,2010-Q3,8.91981328629664
Q,MG,Madagascar,2010-Q4,10.0217242777646
Q,MG,Madagascar,2011-Q1,10.2724576950923
Q,MG,Madagascar,2011-Q2,10.72894049434
Q,MG,Madagascar,2011-Q3,10.7226294491485
Q,MG,Madagascar,2011-Q4,11.8198387546378
Q,MG,Madagascar,2012-Q1,11.3462483203619
Q,MG,Madagascar,2012-Q2,11.3519388532007
Q,MG,Madagascar,2012-Q3,12.1108270755619
Q,MG,Madagascar,2012-Q4,11.5651094798493
Q,MG,Madagascar,2013-Q1,11.6095639438186
Q,MG,Madagascar,2013-Q2,11.4552787239064
Q,MG,Madagascar,2013-Q3,12.2189180994756
Q,MG,Madagascar,2013-Q4,12.1838467083235
Q,MG,Madagascar,2014-Q1,11.0737682068121
Q,MG,Madagascar,2014-Q2,10.8121531376657
Q,MG,Madagascar,2014-Q3,11.1365948934318
Q,MG,Madagascar,2014-Q4,10.2928305449885
Q,MG,Madagascar,2015-Q1,10.2207249031605
Q,MG,Madagascar,2015-Q2,10.0867167863631
Q,MG,Madagascar,2015-Q3,9.84857768147636
Q,MG,Madagascar,2015-Q4,9.30747379475236
Q,MG,Madagascar,2016-Q1,9.70615208022235
Q,MG,Madagascar,2016-Q2,9.48282345926421
Q,MG,Madagascar,2016-Q3,9.03286163310902
Q,MG,Madagascar,2016-Q4,8.82195768112054
Q,MG,Madagascar,2017-Q1,8.71981291956852
Q,MG,Madagascar,2017-Q2,8.63278169998501
Q,MG,Madagascar,2017-Q3,8.5551911977261
Q,MG,Madagascar,2017-Q4,8.14393907254576
Q,MG,Madagascar,2018-Q1,8.63880715591003
Q,MG,Madagascar,2018-Q2,7.87314795074748
Q,MG,Madagascar,2018-Q3,7.99942338268021
Q,MG,Madagascar,2018-Q4,7.62316707853899
Q,MG,Madagascar,2019-Q1,7.87530884757047
Q,MG,Madagascar,2019-Q2,7.4621232307394
Q,MG,Madagascar,2019-Q3,6.80390281616737
Q,MG,Madagascar,2019-Q4,7.3470164916212
Q,MG,Madagascar,2020-Q1,7.34450838936018
Q,MG,Madagascar,2020-Q2,7.23482774475978
Q,MG,Madagascar,2020-Q3,7.48191635917483
Q,MG,Madagascar,2020-Q4,8.46460927886256
Q,MG,Madagascar,2021-Q1,7.99081103751352
Q,MG,Madagascar,2021-Q2,7.73082296668032
Q,MG,Madagascar,2021-Q3,7.65062899396572
Q,MG,Madagascar,2021-Q4,9.10988359501251
Q,MG,Madagascar,2022-Q1,7.83574323895684
Q,MG,Madagascar,2022-Q2,9.39064406037866
Q,MG,Madagascar,2022-Q3,8.89527281152827
Q,MG,Madagascar,2022-Q4,8.02382724671768
Q,MG,Madagascar,2023-Q1,8.20873374546212
Q,MG,Madagascar,2023-Q2,7.92056854150404
Q,MG,Madagascar,2023-Q3,7.11336673776924
Q,MG,Madagascar,2023-Q4,7.73785091249539
Q,MG,Madagascar,2024-Q1,7.85480065067648
Q,MG,Madagascar,2024-Q2,7.66431765199895
Q,MG,Madagascar,2024-Q3,7.69315063419643
Q,MG,Madagascar,2024-Q4,7.58934340321703
Q,MG,Madagascar,2025-Q1,8.05829276390194
A,MK,"North Macedonia, Republic of",2005,14.8928467760632
A,MK,"North Macedonia, Republic of",2006,11.2137062334098
A,MK,"North Macedonia, Republic of",2007,7.51448842858048
A,MK,"North Macedonia, Republic of",2008,6.71462622878091
A,MK,"North Macedonia, Republic of",2009,8.93736962216569
A,MK,"North Macedonia, Republic of",2010,9.04070956501971
A,MK,"North Macedonia, Republic of",2011,9.52269121137581
A,MK,"North Macedonia, Republic of",2012,10.1123971304148
A,MK,"North Macedonia, Republic of",2013,10.9395684304263
A,MK,"North Macedonia, Republic of",2014,10.8059133941614
A,MK,"North Macedonia, Republic of",2015,10.3144498806433
A,MK,"North Macedonia, Republic of",2016,6.28661409822794
A,MK,"North Macedonia, Republic of",2017,6.09844460015566
A,MK,"North Macedonia, Republic of",2018,5.03609299230044
A,MK,"North Macedonia, Republic of",2019,4.62471134653538
A,MK,"North Macedonia, Republic of",2020,3.26129559130556
A,MK,"North Macedonia, Republic of",2021,3.13085707013007
A,MK,"North Macedonia, Republic of",2022,2.79003002094013
A,MK,"North Macedonia, Republic of",2023,2.66786768882009
A,MK,"North Macedonia, Republic of",2024,2.59408148305809
Q,MK,"North Macedonia, Republic of",2005-Q4,14.8928467760632
Q,MK,"North Macedonia, Republic of",2006-Q1,14.0855116841911
Q,MK,"North Macedonia, Republic of",2006-Q2,13.4872972576004
Q,MK,"North Macedonia, Republic of",2006-Q3,12.1359478718865
Q,MK,"North Macedonia, Republic of",2006-Q4,11.2137062334098
Q,MK,"North Macedonia, Republic of",2007-Q1,10.2745124307139
Q,MK,"North Macedonia, Republic of",2007-Q2,9.96190726198835
Q,MK,"North Macedonia, Republic of",2007-Q3,9.09511650637966
Q,MK,"North Macedonia, Republic of",2007-Q4,7.51448842858048
Q,MK,"North Macedonia, Republic of",2008-Q1,7.17867125473971
Q,MK,"North Macedonia, Republic of",2008-Q2,6.83254483876386
Q,MK,"North Macedonia, Republic of",2008-Q3,6.50142177291547
Q,MK,"North Macedonia, Republic of",2008-Q4,6.71462622878091
Q,MK,"North Macedonia, Republic of",2009-Q1,7.45271220559224
Q,MK,"North Macedonia, Republic of",2009-Q2,8.50646588904419
Q,MK,"North Macedonia, Republic of",2009-Q3,9.34108367548299
Q,MK,"North Macedonia, Republic of",2009-Q4,8.93736962216569
Q,MK,"North Macedonia, Republic of",2010-Q1,9.66788810526207
Q,MK,"North Macedonia, Republic of",2010-Q2,9.89649487362613
Q,MK,"North Macedonia, Republic of",2010-Q3,10.4093570228468
Q,MK,"North Macedonia, Republic of",2010-Q4,9.04070956501971
Q,MK,"North Macedonia, Republic of",2011-Q1,9.08245318902863
Q,MK,"North Macedonia, Republic of",2011-Q2,8.92198824426571
Q,MK,"North Macedonia, Republic of",2011-Q3,9.49457873136455
Q,MK,"North Macedonia, Republic of",2011-Q4,9.52269121137581
Q,MK,"North Macedonia, Republic of",2012-Q1,9.86052962194047
Q,MK,"North Macedonia, Republic of",2012-Q2,9.6582133421213
Q,MK,"North Macedonia, Republic of",2012-Q3,10.5560325120929
Q,MK,"North Macedonia, Republic of",2012-Q4,10.1123971304148
Q,MK,"North Macedonia, Republic of",2013-Q1,11.4203364955676
Q,MK,"North Macedonia, Republic of",2013-Q2,11.8069815615792
Q,MK,"North Macedonia, Republic of",2013-Q3,11.2377686700853
Q,MK,"North Macedonia, Republic of",2013-Q4,10.9395684304263
Q,MK,"North Macedonia, Republic of",2014-Q1,10.5787701654809
Q,MK,"North Macedonia, Republic of",2014-Q2,11.3255207241088
Q,MK,"North Macedonia, Republic of",2014-Q3,11.6712992764771
Q,MK,"North Macedonia, Republic of",2014-Q4,10.8059133941614
Q,MK,"North Macedonia, Republic of",2015-Q1,11.0613071404192
Q,MK,"North Macedonia, Republic of",2015-Q2,10.9805515453535
Q,MK,"North Macedonia, Republic of",2015-Q3,11.2041334988765
Q,MK,"North Macedonia, Republic of",2015-Q4,10.3144498806433
Q,MK,"North Macedonia, Republic of",2016-Q1,10.4370811944508
Q,MK,"North Macedonia, Republic of",2016-Q2,7.17899025135009
Q,MK,"North Macedonia, Republic of",2016-Q3,7.06653553105838
Q,MK,"North Macedonia, Republic of",2016-Q4,6.28661409822794
Q,MK,"North Macedonia, Republic of",2017-Q1,6.10499171911781
Q,MK,"North Macedonia, Republic of",2017-Q2,6.47081440498618
Q,MK,"North Macedonia, Republic of",2017-Q3,6.33010331364455
Q,MK,"North Macedonia, Republic of",2017-Q4,6.09844460015566
Q,MK,"North Macedonia, Republic of",2018-Q1,4.94064549693636
Q,MK,"North Macedonia, Republic of",2018-Q2,4.93832126037856
Q,MK,"North Macedonia, Republic of",2018-Q3,4.87688598333087
Q,MK,"North Macedonia, Republic of",2018-Q4,5.03609299230044
Q,MK,"North Macedonia, Republic of",2019-Q1,5.07560897130817
Q,MK,"North Macedonia, Republic of",2019-Q2,5.39570831540246
Q,MK,"North Macedonia, Republic of",2019-Q3,4.81982554807266
Q,MK,"North Macedonia, Republic of",2019-Q4,4.62471134653538
Q,MK,"North Macedonia, Republic of",2020-Q1,4.72778598403669
Q,MK,"North Macedonia, Republic of",2020-Q2,4.48450380079358
Q,MK,"North Macedonia, Republic of",2020-Q3,3.25712561613482
Q,MK,"North Macedonia, Republic of",2020-Q4,3.26129559130556
Q,MK,"North Macedonia, Republic of",2021-Q1,3.38414775940587
Q,MK,"North Macedonia, Republic of",2021-Q2,3.42295179973248
Q,MK,"North Macedonia, Republic of",2021-Q3,3.46566319514681
Q,MK,"North Macedonia, Republic of",2021-Q4,3.13085707013007
Q,MK,"North Macedonia, Republic of",2022-Q1,2.98015888159903
Q,MK,"North Macedonia, Republic of",2022-Q2,3.11477099345337
Q,MK,"North Macedonia, Republic of",2022-Q3,3.18996788072879
Q,MK,"North Macedonia, Republic of",2022-Q4,2.79003002094013
Q,MK,"North Macedonia, Republic of",2023-Q1,2.75357610098927
Q,MK,"North Macedonia, Republic of",2023-Q2,2.78032846576941
Q,MK,"North Macedonia, Republic of",2023-Q3,2.73121750821752
Q,MK,"North Macedonia, Republic of",2023-Q4,2.66786768882009
Q,MK,"North Macedonia, Republic of",2024-Q1,2.94510665464859
Q,MK,"North Macedonia, Republic of",2024-Q2,2.9854856936408
Q,MK,"North Macedonia, Republic of",2024-Q3,2.93601722219872
Q,MK,"North Macedonia, Republic of",2024-Q4,2.59408148305809
Q,MK,"North Macedonia, Republic of",2025-Q1,2.43969733331211
A,MN,Mongolia,2016,7.00650557635115
A,MN,Mongolia,2017,5.61425641423476
A,MN,Mongolia,2018,5.25014830527097
A,MN,Mongolia,2019,6.33603692460535
A,MN,Mongolia,2020,10.6300841210846
A,MN,Mongolia,2021,7.60291489060494
A,MN,Mongolia,2022,6.33040256700966
A,MN,Mongolia,2023,5.12004165905041
A,MN,Mongolia,2024,3.54281221329623
Q,MN,Mongolia,2016-Q1,6.30313290683751
Q,MN,Mongolia,2016-Q2,6.78834749986489
Q,MN,Mongolia,2016-Q3,8.28271679757589
Q,MN,Mongolia,2016-Q4,7.00650557635115
Q,MN,Mongolia,2017-Q1,6.85237857235481
Q,MN,Mongolia,2017-Q2,0.0
Q,MN,Mongolia,2017-Q3,5.84707338314587
Q,MN,Mongolia,2017-Q4,5.61425641423476
Q,MN,Mongolia,2018-Q1,6.88000180263449
Q,MN,Mongolia,2018-Q2,5.83385625852076
Q,MN,Mongolia,2018-Q3,4.89675819019154
Q,MN,Mongolia,2018-Q4,5.25014830527097
Q,MN,Mongolia,2019-Q1,7.15128742043529
Q,MN,Mongolia,2019-Q2,6.23424797425989
Q,MN,Mongolia,2019-Q3,7.40592787237337
Q,MN,Mongolia,2019-Q4,6.33603692460535
Q,MN,Mongolia,2020-Q1,8.866366209026
Q,MN,Mongolia,2020-Q2,7.90895999155081
Q,MN,Mongolia,2020-Q3,8.85700302929716
Q,MN,Mongolia,2020-Q4,10.6300841210846
Q,MN,Mongolia,2021-Q1,10.4409807552562
Q,MN,Mongolia,2021-Q2,9.22989640361028
Q,MN,Mongolia,2021-Q3,7.42798959671486
Q,MN,Mongolia,2021-Q4,7.60291489060494
Q,MN,Mongolia,2022-Q1,6.25095209792876
Q,MN,Mongolia,2022-Q2,6.52994263188328
Q,MN,Mongolia,2022-Q3,5.57747492120115
Q,MN,Mongolia,2022-Q4,6.33040256700966
Q,MN,Mongolia,2023-Q1,6.82242089232339
Q,MN,Mongolia,2023-Q2,5.88931684173029
Q,MN,Mongolia,2023-Q3,6.1907509755827
Q,MN,Mongolia,2023-Q4,5.12004165905041
Q,MN,Mongolia,2024-Q1,4.58265276141299
Q,MN,Mongolia,2024-Q2,3.85744894406763
Q,MN,Mongolia,2024-Q3,3.80221011489716
Q,MN,Mongolia,2024-Q4,3.54281221329623
Q,MN,Mongolia,2025-Q1,4.08800684073194
Q,MN,Mongolia,2025-Q2,4.26630306086912
A,MO,Macao,2010,0.393130048679923
A,MO,Macao,2011,0.344719585672998
A,MO,Macao,2012,0.187259446456941
A,MO,Macao,2013,0.0923353115576881
A,MO,Macao,2014,0.118444607476519
A,MO,Macao,2015,0.119843705534916
A,MO,Macao,2016,0.195618683773704
A,MO,Macao,2017,0.227486975366639
A,MO,Macao,2018,0.217152000015563
A,MO,Macao,2019,0.239743350610203
A,MO,Macao,2020,0.347551535467048
A,MO,Macao,2021,0.651560726498019
A,MO,Macao,2022,1.50402875691478
A,MO,Macao,2023,3.55097281177299
A,MO,Macao,2024,5.15778939677704
Q,MO,Macao,2010-Q1,0.561039952956847
Q,MO,Macao,2010-Q2,0.464161166910367
Q,MO,Macao,2010-Q3,0.431989542013357
Q,MO,Macao,2010-Q4,0.393130048679923
Q,MO,Macao,2011-Q1,0.370175043610012
Q,MO,Macao,2011-Q2,0.270509114144504
Q,MO,Macao,2011-Q3,0.299899137658963
Q,MO,Macao,2011-Q4,0.344719585672998
Q,MO,Macao,2012-Q1,0.315695672953926
Q,MO,Macao,2012-Q2,0.301332089758645
Q,MO,Macao,2012-Q3,0.264447088803802
Q,MO,Macao,2012-Q4,0.187259446456941
Q,MO,Macao,2013-Q1,0.136774099483693
Q,MO,Macao,2013-Q2,0.106029212025306
Q,MO,Macao,2013-Q3,0.093602437425599
Q,MO,Macao,2013-Q4,0.0923353115576881
Q,MO,Macao,2014-Q1,0.108272526502818
Q,MO,Macao,2014-Q2,0.125907199251281
Q,MO,Macao,2014-Q3,0.19749960187823
Q,MO,Macao,2014-Q4,0.118444607476519
Q,MO,Macao,2015-Q1,0.110975565213002
Q,MO,Macao,2015-Q2,0.0937011769552365
Q,MO,Macao,2015-Q3,0.0946141107875033
Q,MO,Macao,2015-Q4,0.119843705534916
Q,MO,Macao,2016-Q1,0.118400026565355
Q,MO,Macao,2016-Q2,0.140498252722556
Q,MO,Macao,2016-Q3,0.201243527164763
Q,MO,Macao,2016-Q4,0.195618683773704
Q,MO,Macao,2017-Q1,0.195358176735189
Q,MO,Macao,2017-Q2,0.189718660249329
Q,MO,Macao,2017-Q3,0.284151489430899
Q,MO,Macao,2017-Q4,0.227486975366639
Q,MO,Macao,2018-Q1,0.223022436359265
Q,MO,Macao,2018-Q2,0.213354659259193
Q,MO,Macao,2018-Q3,0.220489789130028
Q,MO,Macao,2018-Q4,0.217152000015563
Q,MO,Macao,2019-Q1,0.227933031726272
Q,MO,Macao,2019-Q2,0.241904138871748
Q,MO,Macao,2019-Q3,0.304239508414858
Q,MO,Macao,2019-Q4,0.239743350610203
Q,MO,Macao,2020-Q1,0.319861442300101
Q,MO,Macao,2020-Q2,0.321527288891431
Q,MO,Macao,2020-Q3,0.366177649755008
Q,MO,Macao,2020-Q4,0.347551535467048
Q,MO,Macao,2021-Q1,0.341943492996275
Q,MO,Macao,2021-Q2,0.30243190902026
Q,MO,Macao,2021-Q3,0.333282755423872
Q,MO,Macao,2021-Q4,0.651560726498019
Q,MO,Macao,2022-Q1,0.721492029491054
Q,MO,Macao,2022-Q2,0.752672025212265
Q,MO,Macao,2022-Q3,1.07306887572756
Q,MO,Macao,2022-Q4,1.50402875691478
Q,MO,Macao,2023-Q1,1.56949603982669
Q,MO,Macao,2023-Q2,1.93850605797721
Q,MO,Macao,2023-Q3,2.24941603512073
Q,MO,Macao,2023-Q4,3.55097281177299
Q,MO,Macao,2024-Q1,3.92185627221285
Q,MO,Macao,2024-Q2,4.2037128985834
Q,MO,Macao,2024-Q3,4.8110068035083
Q,MO,Macao,2024-Q4,5.15778939677704
Q,MO,Macao,2025-Q1,4.95484150514241
A,MS,Montserrat,2015,7.146137
A,MS,Montserrat,2016,4.863726
A,MS,Montserrat,2017,5.655573
A,MS,Montserrat,2018,4.911788
A,MS,Montserrat,2019,5.449107
A,MS,Montserrat,2020,4.96776530352822
A,MS,Montserrat,2021,5.06665401584515
A,MS,Montserrat,2022,4.54672328887294
A,MS,Montserrat,2023,5.426518
A,MS,Montserrat,2024,5.748881
Q,MS,Montserrat,2015-Q1,4.702083
Q,MS,Montserrat,2015-Q2,6.301737
Q,MS,Montserrat,2015-Q3,5.926585
Q,MS,Montserrat,2015-Q4,7.146137
Q,MS,Montserrat,2016-Q1,4.900513
Q,MS,Montserrat,2016-Q2,5.78075
Q,MS,Montserrat,2016-Q3,4.915548
Q,MS,Montserrat,2016-Q4,4.863726
Q,MS,Montserrat,2017-Q1,5.216222
Q,MS,Montserrat,2017-Q2,5.659459
Q,MS,Montserrat,2017-Q3,5.515185
Q,MS,Montserrat,2017-Q4,5.655573
Q,MS,Montserrat,2018-Q1,5.640527
Q,MS,Montserrat,2018-Q2,5.93583
Q,MS,Montserrat,2018-Q3,5.160229
Q,MS,Montserrat,2018-Q4,4.911788
Q,MS,Montserrat,2019-Q1,5.178337
Q,MS,Montserrat,2019-Q2,5.916408
Q,MS,Montserrat,2019-Q3,5.423253
Q,MS,Montserrat,2019-Q4,5.449107
Q,MS,Montserrat,2020-Q1,5.34319196428571
Q,MS,Montserrat,2020-Q2,5.33258120622385
Q,MS,Montserrat,2020-Q3,5.23475241545894
Q,MS,Montserrat,2020-Q4,4.96776530352822
Q,MS,Montserrat,2021-Q1,4.86399462572337
Q,MS,Montserrat,2021-Q2,4.94308139645375
Q,MS,Montserrat,2021-Q3,5.13947703233892
Q,MS,Montserrat,2021-Q4,5.06665401584515
Q,MS,Montserrat,2022-Q1,5.07046332046332
Q,MS,Montserrat,2022-Q2,7.41937367406917
Q,MS,Montserrat,2022-Q3,5.20558922221666
Q,MS,Montserrat,2022-Q4,4.54672328887294
Q,MS,Montserrat,2023-Q1,5.685683
Q,MS,Montserrat,2023-Q2,6.262667
Q,MS,Montserrat,2023-Q3,5.359166
Q,MS,Montserrat,2023-Q4,5.426518
Q,MS,Montserrat,2024-Q1,5.388834
Q,MS,Montserrat,2024-Q2,5.920148
Q,MS,Montserrat,2024-Q3,5.546578
Q,MS,Montserrat,2024-Q4,5.748881
Q,MS,Montserrat,2025-Q1,6.08559
A,MT,Malta,2005,8.20906380726336
A,MT,Malta,2006,6.47013971237757
A,MT,Malta,2007,5.31015886166558
A,MT,Malta,2008,5.01177403541518
A,MT,Malta,2009,5.78360747367995
A,MT,Malta,2010,7.01547424164958
A,MT,Malta,2011,7.0887209730083
A,MT,Malta,2012,7.75197194482716
A,MT,Malta,2013,8.94793807670442
A,MT,Malta,2014,9.04960051895585
A,MT,Malta,2015,7.09795110848624
A,MT,Malta,2016,5.29469189649343
A,MT,Malta,2017,4.06994769176586
A,MT,Malta,2018,3.35528926091019
A,MT,Malta,2019,3.20817921458462
A,MT,Malta,2020,3.66282402946949
A,MT,Malta,2021,5.01907175675443
A,MT,Malta,2022,3.50025710935779
A,MT,Malta,2023,3.16232941607223
A,MT,Malta,2024,2.62077397595998
Q,MT,Malta,2005-Q1,11.7685198868956
Q,MT,Malta,2005-Q2,10.8293767120403
Q,MT,Malta,2005-Q3,8.50884602707509
Q,MT,Malta,2005-Q4,8.20906380726336
Q,MT,Malta,2006-Q1,7.72434422649227
Q,MT,Malta,2006-Q2,7.69840785226021
Q,MT,Malta,2006-Q3,6.91029283442716
Q,MT,Malta,2006-Q4,6.47013971237757
Q,MT,Malta,2007-Q1,5.97352887794318
Q,MT,Malta,2007-Q2,5.6174150367005
Q,MT,Malta,2007-Q3,5.67273985957321
Q,MT,Malta,2007-Q4,5.31015886166558
Q,MT,Malta,2008-Q1,5.08234723500168
Q,MT,Malta,2008-Q2,4.98514997702759
Q,MT,Malta,2008-Q3,5.0556264621678
Q,MT,Malta,2008-Q4,5.01177403541518
Q,MT,Malta,2009-Q1,5.43352317106604
Q,MT,Malta,2009-Q2,5.69147917969398
Q,MT,Malta,2009-Q3,5.642157208674
Q,MT,Malta,2009-Q4,5.78360747367995
Q,MT,Malta,2010-Q1,5.79228946906033
Q,MT,Malta,2010-Q2,5.77305128892172
Q,MT,Malta,2010-Q3,6.59497573494766
Q,MT,Malta,2010-Q4,7.01547424164958
Q,MT,Malta,2011-Q1,7.04342469609544
Q,MT,Malta,2011-Q2,7.0247696964662
Q,MT,Malta,2011-Q3,7.39452266242574
Q,MT,Malta,2011-Q4,7.0887209730083
Q,MT,Malta,2012-Q1,7.46383888805994
Q,MT,Malta,2012-Q2,7.8559692618141
Q,MT,Malta,2012-Q3,7.95039979872126
Q,MT,Malta,2012-Q4,7.75197194482716
Q,MT,Malta,2013-Q1,7.85626956654398
Q,MT,Malta,2013-Q2,8.51181122250079
Q,MT,Malta,2013-Q3,8.94760398076033
Q,MT,Malta,2013-Q4,8.94793807670442
Q,MT,Malta,2014-Q1,9.33603943171934
Q,MT,Malta,2014-Q2,9.38543678779924
Q,MT,Malta,2014-Q3,9.24672375673795
Q,MT,Malta,2014-Q4,9.04960051895585
Q,MT,Malta,2015-Q1,7.25220086161391
Q,MT,Malta,2015-Q2,6.85198612921768
Q,MT,Malta,2015-Q3,6.86496684798203
Q,MT,Malta,2015-Q4,7.09795110848624
Q,MT,Malta,2016-Q1,6.62658893431809
Q,MT,Malta,2016-Q2,6.41262077388495
Q,MT,Malta,2016-Q3,5.62959247760214
Q,MT,Malta,2016-Q4,5.29469189649343
Q,MT,Malta,2017-Q1,4.89851809025348
Q,MT,Malta,2017-Q2,4.58812992713661
Q,MT,Malta,2017-Q3,4.25791808442148
Q,MT,Malta,2017-Q4,4.06994769176586
Q,MT,Malta,2018-Q1,4.13420540326513
Q,MT,Malta,2018-Q2,4.17698939955546
Q,MT,Malta,2018-Q3,3.78498060999895
Q,MT,Malta,2018-Q4,3.35528926091019
Q,MT,Malta,2019-Q1,3.3852261384145
Q,MT,Malta,2019-Q2,3.30382153578805
Q,MT,Malta,2019-Q3,3.2321254785106
Q,MT,Malta,2019-Q4,3.20817921458462
Q,MT,Malta,2020-Q1,3.25856459330143
Q,MT,Malta,2020-Q2,3.4758907858616
Q,MT,Malta,2020-Q3,3.46983588205203
Q,MT,Malta,2020-Q4,3.66282402946949
Q,MT,Malta,2021-Q1,3.68118576904696
Q,MT,Malta,2021-Q2,5.03915535180477
Q,MT,Malta,2021-Q3,4.88488122324987
Q,MT,Malta,2021-Q4,5.01907175675443
Q,MT,Malta,2022-Q1,5.16977612171233
Q,MT,Malta,2022-Q2,4.41767875231285
Q,MT,Malta,2022-Q3,3.87364496312487
Q,MT,Malta,2022-Q4,3.50025710935779
Q,MT,Malta,2023-Q1,3.45558633216731
Q,MT,Malta,2023-Q2,3.39658810212404
Q,MT,Malta,2023-Q3,3.35471427087557
Q,MT,Malta,2023-Q4,3.16232941607223
Q,MT,Malta,2024-Q1,3.08820831606387
Q,MT,Malta,2024-Q2,2.82840410895749
Q,MT,Malta,2024-Q3,2.70821810852079
Q,MT,Malta,2024-Q4,2.62077397595998
Q,MT,Malta,2025-Q1,2.47891103541973
A,MU,Mauritius,2009,3.29242857718552
A,MU,Mauritius,2010,2.76498233309994
A,MU,Mauritius,2011,2.80757714682396
A,MU,Mauritius,2012,3.63707898309436
A,MU,Mauritius,2013,4.15037241131952
A,MU,Mauritius,2014,4.91975055211583
A,MU,Mauritius,2015,7.19532078019472
A,MU,Mauritius,2016,7.75660164983683
A,MU,Mauritius,2017,7.02947039391439
A,MU,Mauritius,2018,6.52130440486035
A,MU,Mauritius,2019,4.94032133508388
A,MU,Mauritius,2020,6.20570923789541
A,MU,Mauritius,2021,5.82385034444983
A,MU,Mauritius,2022,4.91605345189016
A,MU,Mauritius,2023,5.30661571969999
A,MU,Mauritius,2024,3.68704225875131
Q,MU,Mauritius,2009-Q1,2.51979255575081
Q,MU,Mauritius,2009-Q2,2.60456154629579
Q,MU,Mauritius,2009-Q3,2.64863096319022
Q,MU,Mauritius,2009-Q4,3.29242857718552
Q,MU,Mauritius,2010-Q1,2.7363296386452
Q,MU,Mauritius,2010-Q2,2.40653567594387
Q,MU,Mauritius,2010-Q3,2.50498858040744
Q,MU,Mauritius,2010-Q4,2.76498233309994
Q,MU,Mauritius,2011-Q1,2.75617751870517
Q,MU,Mauritius,2011-Q2,2.6290515746028
Q,MU,Mauritius,2011-Q3,2.63735361943769
Q,MU,Mauritius,2011-Q4,2.80757714682396
Q,MU,Mauritius,2012-Q1,3.24943570119809
Q,MU,Mauritius,2012-Q2,3.75562302603318
Q,MU,Mauritius,2012-Q3,3.77619124440489
Q,MU,Mauritius,2012-Q4,3.63707898309436
Q,MU,Mauritius,2013-Q1,3.87317356048975
Q,MU,Mauritius,2013-Q2,4.00460990444987
Q,MU,Mauritius,2013-Q3,4.08199145058534
Q,MU,Mauritius,2013-Q4,4.15037241131952
Q,MU,Mauritius,2014-Q1,4.44739748696152
Q,MU,Mauritius,2014-Q2,4.53703047622203
Q,MU,Mauritius,2014-Q3,4.47040444877619
Q,MU,Mauritius,2014-Q4,4.91975055211583
Q,MU,Mauritius,2015-Q1,5.07540370813816
Q,MU,Mauritius,2015-Q2,5.75400541319766
Q,MU,Mauritius,2015-Q3,7.0251413875591
Q,MU,Mauritius,2015-Q4,7.19532078019472
Q,MU,Mauritius,2016-Q1,7.83265988369971
Q,MU,Mauritius,2016-Q2,7.97543258691929
Q,MU,Mauritius,2016-Q3,7.96393960454436
Q,MU,Mauritius,2016-Q4,7.75660164983683
Q,MU,Mauritius,2017-Q1,7.85290154600805
Q,MU,Mauritius,2017-Q2,7.85529846758087
Q,MU,Mauritius,2017-Q3,7.81161832030406
Q,MU,Mauritius,2017-Q4,7.02947039391439
Q,MU,Mauritius,2018-Q1,7.19795387814851
Q,MU,Mauritius,2018-Q2,6.85483245614403
Q,MU,Mauritius,2018-Q3,5.34213747318917
Q,MU,Mauritius,2018-Q4,6.52130440486035
Q,MU,Mauritius,2019-Q1,6.27093739190242
Q,MU,Mauritius,2019-Q2,6.25692535300583
Q,MU,Mauritius,2019-Q3,5.82474789406083
Q,MU,Mauritius,2019-Q4,4.94032133508388
Q,MU,Mauritius,2020-Q1,5.29191906620902
Q,MU,Mauritius,2020-Q2,5.84897020180654
Q,MU,Mauritius,2020-Q3,6.11274772517579
Q,MU,Mauritius,2020-Q4,6.20570923789541
Q,MU,Mauritius,2021-Q1,6.24360209912116
Q,MU,Mauritius,2021-Q2,5.57108016513991
Q,MU,Mauritius,2021-Q3,5.32430682373656
Q,MU,Mauritius,2021-Q4,5.82385034444983
Q,MU,Mauritius,2022-Q1,5.84617719468243
Q,MU,Mauritius,2022-Q2,5.58077699647753
Q,MU,Mauritius,2022-Q3,5.23993917608955
Q,MU,Mauritius,2022-Q4,4.91605345189016
Q,MU,Mauritius,2023-Q1,4.68435446924506
Q,MU,Mauritius,2023-Q2,5.60118955695422
Q,MU,Mauritius,2023-Q3,5.83386705245606
Q,MU,Mauritius,2023-Q4,5.30661571969999
Q,MU,Mauritius,2024-Q1,4.68854389040502
Q,MU,Mauritius,2024-Q2,4.032118458788
Q,MU,Mauritius,2024-Q3,3.80526387773604
Q,MU,Mauritius,2024-Q4,3.68704225875131
A,MV,Maldives,2012,20.9246965468261
A,MV,Maldives,2013,17.2177008857091
A,MV,Maldives,2014,17.4741516990976
A,MV,Maldives,2015,12.8840040665686
A,MV,Maldives,2016,11.7714828257264
A,MV,Maldives,2017,10.6639121664259
A,MV,Maldives,2018,11.5608554379335
A,MV,Maldives,2019,11.6270773650661
A,MV,Maldives,2020,18.7957458088981
A,MV,Maldives,2021,12.5877843282695
A,MV,Maldives,2022,9.40629274725968
A,MV,Maldives,2023,8.3382491192651
A,MV,Maldives,2024,5.89230350322209
Q,MV,Maldives,2012-Q1,21.2030650578424
Q,MV,Maldives,2012-Q2,21.3682972302838
Q,MV,Maldives,2012-Q3,21.0494712453248
Q,MV,Maldives,2012-Q4,20.9246965468261
Q,MV,Maldives,2013-Q1,18.9029030668335
Q,MV,Maldives,2013-Q2,19.2357182771505
Q,MV,Maldives,2013-Q3,18.0324252967629
Q,MV,Maldives,2013-Q4,17.2177008857091
Q,MV,Maldives,2014-Q1,15.8527937358281
Q,MV,Maldives,2014-Q2,15.5966851440715
Q,MV,Maldives,2014-Q3,12.9220493052037
Q,MV,Maldives,2014-Q4,17.4741516990976
Q,MV,Maldives,2015-Q1,15.9872989209493
Q,MV,Maldives,2015-Q2,15.6486749164172
Q,MV,Maldives,2015-Q3,14.1926207753504
Q,MV,Maldives,2015-Q4,12.8840040665686
Q,MV,Maldives,2016-Q1,11.7983835345533
Q,MV,Maldives,2016-Q2,12.2151448452774
Q,MV,Maldives,2016-Q3,10.4887237848005
Q,MV,Maldives,2016-Q4,11.7714828257264
Q,MV,Maldives,2017-Q1,11.2500707731205
Q,MV,Maldives,2017-Q2,16.5999363698643
Q,MV,Maldives,2017-Q3,17.0428521544372
Q,MV,Maldives,2017-Q4,10.6639121664259
Q,MV,Maldives,2018-Q1,10.5263536389753
Q,MV,Maldives,2018-Q2,12.46988363502
Q,MV,Maldives,2018-Q3,11.4210231655182
Q,MV,Maldives,2018-Q4,11.5608554379335
Q,MV,Maldives,2019-Q1,10.5095822504208
Q,MV,Maldives,2019-Q2,10.8746847402917
Q,MV,Maldives,2019-Q3,10.8884814730211
Q,MV,Maldives,2019-Q4,11.6270773650661
Q,MV,Maldives,2020-Q1,11.2934615342863
Q,MV,Maldives,2020-Q2,12.0520908605769
Q,MV,Maldives,2020-Q3,11.9637751022066
Q,MV,Maldives,2020-Q4,18.7957458088981
Q,MV,Maldives,2021-Q1,18.1354575157991
Q,MV,Maldives,2021-Q2,18.9377397082388
Q,MV,Maldives,2021-Q3,17.2163239155412
Q,MV,Maldives,2021-Q4,12.5877843282695
Q,MV,Maldives,2022-Q1,9.4190421564882
Q,MV,Maldives,2022-Q2,9.0815137034542
Q,MV,Maldives,2022-Q3,10.0385235883
Q,MV,Maldives,2022-Q4,9.40629274725968
Q,MV,Maldives,2023-Q1,9.02712658277202
Q,MV,Maldives,2023-Q2,7.53429100535659
Q,MV,Maldives,2023-Q3,7.54650952151619
Q,MV,Maldives,2023-Q4,8.3382491192651
Q,MV,Maldives,2024-Q1,7.07996101770823
Q,MV,Maldives,2024-Q2,7.4881079606496
Q,MV,Maldives,2024-Q3,7.57394642272193
Q,MV,Maldives,2024-Q4,5.89230350322209
Q,MV,Maldives,2025-Q1,6.19269470979149
A,MW,Malawi,2015,7.27171165156156
A,MW,Malawi,2016,10.2995803285911
A,MW,Malawi,2017,8.55433317223974
A,MW,Malawi,2018,2.8284352702654
A,MW,Malawi,2019,5.06307752763414
A,MW,Malawi,2020,5.42544696371904
A,MW,Malawi,2021,3.70996162437448
A,MW,Malawi,2022,5.51987474313756
A,MW,Malawi,2023,5.09546372435375
Q,MW,Malawi,2015-Q2,8.6586760504231
Q,MW,Malawi,2015-Q3,7.08287895017643
Q,MW,Malawi,2015-Q4,7.27171165156156
Q,MW,Malawi,2016-Q1,8.85340677747394
Q,MW,Malawi,2016-Q2,8.03661420024556
Q,MW,Malawi,2016-Q3,8.8042707935182
Q,MW,Malawi,2016-Q4,10.2995803285911
Q,MW,Malawi,2017-Q1,9.12217506482303
Q,MW,Malawi,2017-Q2,10.419800138234
Q,MW,Malawi,2017-Q3,11.0807563201753
Q,MW,Malawi,2017-Q4,8.55433317223974
Q,MW,Malawi,2018-Q1,6.62462132978585
Q,MW,Malawi,2018-Q2,9.04873674766888
Q,MW,Malawi,2018-Q3,6.37042403247458
Q,MW,Malawi,2018-Q4,2.8284352702654
Q,MW,Malawi,2019-Q1,5.39869084665669
Q,MW,Malawi,2019-Q2,4.41530886888525
Q,MW,Malawi,2019-Q3,3.59307501923286
Q,MW,Malawi,2019-Q4,5.06307752763414
Q,MW,Malawi,2020-Q1,5.84461123608856
Q,MW,Malawi,2020-Q2,5.54140289933093
Q,MW,Malawi,2020-Q3,5.65886968864745
Q,MW,Malawi,2020-Q4,5.42544696371904
Q,MW,Malawi,2021-Q1,7.04520053014377
Q,MW,Malawi,2021-Q2,5.4472970941731
Q,MW,Malawi,2021-Q3,4.09175259963718
Q,MW,Malawi,2021-Q4,3.70996162437448
Q,MW,Malawi,2022-Q1,4.10922747105527
Q,MW,Malawi,2022-Q2,5.36028572178059
Q,MW,Malawi,2022-Q3,4.99389014504202
Q,MW,Malawi,2022-Q4,5.51987474313756
Q,MW,Malawi,2023-Q1,5.41713313866579
Q,MW,Malawi,2023-Q2,5.99234866228287
Q,MW,Malawi,2023-Q3,5.28957390192463
Q,MW,Malawi,2023-Q4,5.09546372435375
Q,MW,Malawi,2024-Q1,6.0406059158657
Q,MW,Malawi,2024-Q2,6.84098531862534
Q,MW,Malawi,2024-Q3,7.98098006328055
A,MX,Mexico,2005,1.81638248738848
A,MX,Mexico,2006,1.9944212361405
A,MX,Mexico,2007,2.5413127799359
A,MX,Mexico,2008,3.20802543521284
A,MX,Mexico,2009,3.06903578149087
A,MX,Mexico,2010,2.32838597424659
A,MX,Mexico,2011,2.44685147061432
A,MX,Mexico,2012,2.52922017747363
A,MX,Mexico,2013,3.36157018477857
A,MX,Mexico,2014,3.13402337702184
A,MX,Mexico,2015,2.60441021807811
A,MX,Mexico,2016,2.14676314546594
A,MX,Mexico,2017,2.14605834181442
A,MX,Mexico,2018,2.10773786136751
A,MX,Mexico,2019,2.20172618969779
A,MX,Mexico,2020,2.56401799892127
A,MX,Mexico,2021,2.04852607538268
A,MX,Mexico,2022,2.08482456008448
A,MX,Mexico,2023,2.07732748969619
A,MX,Mexico,2024,2.01603884670162
Q,MX,Mexico,2005-Q1,2.41640280409297
Q,MX,Mexico,2005-Q2,2.2739247527885
Q,MX,Mexico,2005-Q3,1.98108355835212
Q,MX,Mexico,2005-Q4,1.81638248738848
Q,MX,Mexico,2006-Q1,1.67029758428784
Q,MX,Mexico,2006-Q2,1.82177824495768
Q,MX,Mexico,2006-Q3,1.96475741103459
Q,MX,Mexico,2006-Q4,1.9944212361405
Q,MX,Mexico,2007-Q1,2.15804397994258
Q,MX,Mexico,2007-Q2,2.3288557384835
Q,MX,Mexico,2007-Q3,2.47791722055896
Q,MX,Mexico,2007-Q4,2.5413127799359
Q,MX,Mexico,2008-Q1,2.46782870205071
Q,MX,Mexico,2008-Q2,2.82964759444052
Q,MX,Mexico,2008-Q3,3.03719535646271
Q,MX,Mexico,2008-Q4,3.20802543521284
Q,MX,Mexico,2009-Q1,3.42742546205991
Q,MX,Mexico,2009-Q2,3.84423147347626
Q,MX,Mexico,2009-Q3,3.43336675288802
Q,MX,Mexico,2009-Q4,3.06903578149087
Q,MX,Mexico,2010-Q1,2.76995483663963
Q,MX,Mexico,2010-Q2,2.67820116383488
Q,MX,Mexico,2010-Q3,2.47757628142053
Q,MX,Mexico,2010-Q4,2.32838597424659
Q,MX,Mexico,2011-Q1,2.23113775150444
Q,MX,Mexico,2011-Q2,2.63490059012942
Q,MX,Mexico,2011-Q3,2.81491453437675
Q,MX,Mexico,2011-Q4,2.44685147061432
Q,MX,Mexico,2012-Q1,2.44396098829785
Q,MX,Mexico,2012-Q2,2.49403525482354
Q,MX,Mexico,2012-Q3,2.5421797807063
Q,MX,Mexico,2012-Q4,2.52922017747363
Q,MX,Mexico,2013-Q1,2.64109343148889
Q,MX,Mexico,2013-Q2,3.00412331034268
Q,MX,Mexico,2013-Q3,3.4118299682908
Q,MX,Mexico,2013-Q4,3.36157018477857
Q,MX,Mexico,2014-Q1,3.37421181228459
Q,MX,Mexico,2014-Q2,3.31902213118804
Q,MX,Mexico,2014-Q3,3.4062956711958
Q,MX,Mexico,2014-Q4,3.13402337702184
Q,MX,Mexico,2015-Q1,3.03878719651599
Q,MX,Mexico,2015-Q2,3.03855868932208
Q,MX,Mexico,2015-Q3,2.85768283702317
Q,MX,Mexico,2015-Q4,2.60441021807811
Q,MX,Mexico,2016-Q1,2.55611204761091
Q,MX,Mexico,2016-Q2,2.44241340766102
Q,MX,Mexico,2016-Q3,2.36703411763368
Q,MX,Mexico,2016-Q4,2.14676314546594
Q,MX,Mexico,2017-Q1,2.17514079121978
Q,MX,Mexico,2017-Q2,2.11014859196742
Q,MX,Mexico,2017-Q3,2.09020652081313
Q,MX,Mexico,2017-Q4,2.14605834181442
Q,MX,Mexico,2018-Q1,2.18712607789232
Q,MX,Mexico,2018-Q2,2.15216599225154
Q,MX,Mexico,2018-Q3,2.18007971296568
Q,MX,Mexico,2018-Q4,2.10773786136751
Q,MX,Mexico,2019-Q1,2.09018748206545
Q,MX,Mexico,2019-Q2,2.14084950547665
Q,MX,Mexico,2019-Q3,2.23700985127644
Q,MX,Mexico,2019-Q4,2.20172618969779
Q,MX,Mexico,2020-Q1,2.31191501745388
Q,MX,Mexico,2020-Q2,2.1174274858179
Q,MX,Mexico,2020-Q3,2.05266001438188
Q,MX,Mexico,2020-Q4,2.56401799892127
Q,MX,Mexico,2021-Q1,2.56130707376383
Q,MX,Mexico,2021-Q2,2.44985435253869
Q,MX,Mexico,2021-Q3,2.29491893639613
Q,MX,Mexico,2021-Q4,2.04852607538268
Q,MX,Mexico,2022-Q1,2.4478041416802
Q,MX,Mexico,2022-Q2,2.32040874955592
Q,MX,Mexico,2022-Q3,2.11118955828741
Q,MX,Mexico,2022-Q4,2.08482456008448
Q,MX,Mexico,2023-Q1,2.08812886903039
Q,MX,Mexico,2023-Q2,2.18280208711997
Q,MX,Mexico,2023-Q3,2.15232341243507
Q,MX,Mexico,2023-Q4,2.07732748969619
Q,MX,Mexico,2024-Q1,2.0000185228672
Q,MX,Mexico,2024-Q2,1.98141069241761
Q,MX,Mexico,2024-Q3,2.05725881126869
Q,MX,Mexico,2024-Q4,2.01603884670162
Q,MX,Mexico,2025-Q1,2.00057811877515
A,MY,Malaysia,2005,9.3902395222525
A,MY,Malaysia,2006,8.49559864909982
A,MY,Malaysia,2007,6.49881057815871
A,MY,Malaysia,2008,4.8081809717361
A,MY,Malaysia,2009,3.62656549307932
A,MY,Malaysia,2010,3.35402670735158
A,MY,Malaysia,2011,2.6813903080324
A,MY,Malaysia,2012,2.01584311320696
A,MY,Malaysia,2013,1.84914657141208
A,MY,Malaysia,2014,1.64578545979143
A,MY,Malaysia,2015,1.60682828804839
A,MY,Malaysia,2016,1.61426825593084
A,MY,Malaysia,2017,1.54918722685231
A,MY,Malaysia,2018,1.46819096481044
A,MY,Malaysia,2019,1.51612089778374
A,MY,Malaysia,2020,1.56712671073387
A,MY,Malaysia,2021,1.67512094984983
A,MY,Malaysia,2022,1.71862466561032
A,MY,Malaysia,2023,1.65317552035746
A,MY,Malaysia,2024,1.44263835382102
Q,MY,Malaysia,2005-Q4,9.3902395222525
Q,MY,Malaysia,2006-Q1,9.25499921348056
Q,MY,Malaysia,2006-Q2,9.05877179170734
Q,MY,Malaysia,2006-Q3,8.80204853965397
Q,MY,Malaysia,2006-Q4,8.49559864909982
Q,MY,Malaysia,2007-Q1,8.27459998095791
Q,MY,Malaysia,2007-Q2,7.61940364996419
Q,MY,Malaysia,2007-Q3,6.85450297259957
Q,MY,Malaysia,2007-Q4,6.49881057815871
Q,MY,Malaysia,2008-Q1,6.12299358346873
Q,MY,Malaysia,2008-Q2,5.39504007623117
Q,MY,Malaysia,2008-Q3,5.05684698179887
Q,MY,Malaysia,2008-Q4,4.8081809717361
Q,MY,Malaysia,2009-Q1,4.57515221304666
Q,MY,Malaysia,2009-Q2,4.46577699200713
Q,MY,Malaysia,2009-Q3,4.3900059540765
Q,MY,Malaysia,2009-Q4,3.62656549307932
Q,MY,Malaysia,2010-Q1,3.52733421307977
Q,MY,Malaysia,2010-Q2,3.59962948703921
Q,MY,Malaysia,2010-Q3,3.40976323428993
Q,MY,Malaysia,2010-Q4,3.35402670735158
Q,MY,Malaysia,2011-Q1,3.18158004353227
Q,MY,Malaysia,2011-Q2,2.9111894180692
Q,MY,Malaysia,2011-Q3,2.81308109740646
Q,MY,Malaysia,2011-Q4,2.6813903080324
Q,MY,Malaysia,2012-Q1,2.55428520876639
Q,MY,Malaysia,2012-Q2,2.23860379154993
Q,MY,Malaysia,2012-Q3,2.13884798629058
Q,MY,Malaysia,2012-Q4,2.01584311320696
Q,MY,Malaysia,2013-Q1,1.99989970549228
Q,MY,Malaysia,2013-Q2,1.99248472044221
Q,MY,Malaysia,2013-Q3,1.99700612534884
Q,MY,Malaysia,2013-Q4,1.84914657141208
Q,MY,Malaysia,2014-Q1,1.8295131631856
Q,MY,Malaysia,2014-Q2,1.77912507605778
Q,MY,Malaysia,2014-Q3,1.78308243334587
Q,MY,Malaysia,2014-Q4,1.64578545979143
Q,MY,Malaysia,2015-Q1,1.63374778121347
Q,MY,Malaysia,2015-Q2,1.6216264639666
Q,MY,Malaysia,2015-Q3,1.61840169903484
Q,MY,Malaysia,2015-Q4,1.60682828804839
Q,MY,Malaysia,2016-Q1,1.6035771231056
Q,MY,Malaysia,2016-Q2,1.65290552044517
Q,MY,Malaysia,2016-Q3,1.65010421103741
Q,MY,Malaysia,2016-Q4,1.61426825593084
Q,MY,Malaysia,2017-Q1,1.6264820624182
Q,MY,Malaysia,2017-Q2,1.65160021337697
Q,MY,Malaysia,2017-Q3,1.67014147531255
Q,MY,Malaysia,2017-Q4,1.54918722685231
Q,MY,Malaysia,2018-Q1,1.56443202271485
Q,MY,Malaysia,2018-Q2,1.60593342307135
Q,MY,Malaysia,2018-Q3,1.54622304738362
Q,MY,Malaysia,2018-Q4,1.46819096481044
Q,MY,Malaysia,2019-Q1,1.46172986509936
Q,MY,Malaysia,2019-Q2,1.56170567728215
Q,MY,Malaysia,2019-Q3,1.5980487858631
Q,MY,Malaysia,2019-Q4,1.51612089778374
Q,MY,Malaysia,2020-Q1,1.57072948974503
Q,MY,Malaysia,2020-Q2,1.4469676452524
Q,MY,Malaysia,2020-Q3,1.36860292772951
Q,MY,Malaysia,2020-Q4,1.56712671073387
Q,MY,Malaysia,2021-Q1,1.58614019286903
Q,MY,Malaysia,2021-Q2,1.6279668524459
Q,MY,Malaysia,2021-Q3,1.7293092815678
Q,MY,Malaysia,2021-Q4,1.67512094984983
Q,MY,Malaysia,2022-Q1,1.70519219022693
Q,MY,Malaysia,2022-Q2,1.81042564397691
Q,MY,Malaysia,2022-Q3,1.82026075465394
Q,MY,Malaysia,2022-Q4,1.71862466561032
Q,MY,Malaysia,2023-Q1,1.70740888151002
Q,MY,Malaysia,2023-Q2,1.71362097870975
Q,MY,Malaysia,2023-Q3,1.71819593021779
Q,MY,Malaysia,2023-Q4,1.65317552035746
Q,MY,Malaysia,2024-Q1,1.61982408341101
Q,MY,Malaysia,2024-Q2,1.59478490215474
Q,MY,Malaysia,2024-Q3,1.54489545821309
Q,MY,Malaysia,2024-Q4,1.44263835382102
Q,MY,Malaysia,2025-Q1,1.41533951773325
A,MZ,Mozambique,2013,2.66177705858124
A,MZ,Mozambique,2014,3.24436675637473
A,MZ,Mozambique,2015,4.30632739093896
A,MZ,Mozambique,2016,5.7261126057554
A,MZ,Mozambique,2017,12.6350461122505
A,MZ,Mozambique,2018,11.1183361707449
A,MZ,Mozambique,2019,10.1582280493631
A,MZ,Mozambique,2020,9.82505980059786
A,MZ,Mozambique,2021,10.6046068968098
A,MZ,Mozambique,2022,8.96909285332577
A,MZ,Mozambique,2023,8.2337666627294
Q,MZ,Mozambique,2013-Q4,2.66177705858124
Q,MZ,Mozambique,2014-Q1,3.43454949255363
Q,MZ,Mozambique,2014-Q2,3.59142731279687
Q,MZ,Mozambique,2014-Q3,4.06768742243291
Q,MZ,Mozambique,2014-Q4,3.24436675637473
Q,MZ,Mozambique,2015-Q1,3.67943330172415
Q,MZ,Mozambique,2015-Q2,7.85091687315772
Q,MZ,Mozambique,2015-Q3,9.47806106605845
Q,MZ,Mozambique,2015-Q4,4.30632739093896
Q,MZ,Mozambique,2016-Q1,4.68460401877268
Q,MZ,Mozambique,2016-Q2,6.51441348091633
Q,MZ,Mozambique,2016-Q3,5.81487039585469
Q,MZ,Mozambique,2016-Q4,5.7261126057554
Q,MZ,Mozambique,2017-Q1,7.13594144081719
Q,MZ,Mozambique,2017-Q2,11.2192279934538
Q,MZ,Mozambique,2017-Q3,11.4370634047781
Q,MZ,Mozambique,2017-Q4,12.6350461122505
Q,MZ,Mozambique,2018-Q1,12.6014994759128
Q,MZ,Mozambique,2018-Q2,12.5505338665367
Q,MZ,Mozambique,2018-Q3,13.0413535637719
Q,MZ,Mozambique,2018-Q4,11.1183361707449
Q,MZ,Mozambique,2019-Q1,11.4692750816867
Q,MZ,Mozambique,2019-Q2,10.5892911109858
Q,MZ,Mozambique,2019-Q3,10.1402947834712
Q,MZ,Mozambique,2019-Q4,10.1582280493631
Q,MZ,Mozambique,2020-Q1,11.8818886772463
Q,MZ,Mozambique,2020-Q2,12.6289408359986
Q,MZ,Mozambique,2020-Q3,11.7905004042597
Q,MZ,Mozambique,2020-Q4,9.82505980059786
Q,MZ,Mozambique,2021-Q1,9.84697892346051
Q,MZ,Mozambique,2021-Q2,9.92183474105814
Q,MZ,Mozambique,2021-Q3,9.75662068646318
Q,MZ,Mozambique,2021-Q4,10.6046068968098
Q,MZ,Mozambique,2022-Q1,9.1931408790793
Q,MZ,Mozambique,2022-Q2,10.0224933406555
Q,MZ,Mozambique,2022-Q3,9.27872870925331
Q,MZ,Mozambique,2022-Q4,8.96909285332577
Q,MZ,Mozambique,2023-Q1,10.3810207129953
Q,MZ,Mozambique,2023-Q2,10.5754447903283
Q,MZ,Mozambique,2023-Q3,9.0585510670968
Q,MZ,Mozambique,2023-Q4,8.2337666627294
Q,MZ,Mozambique,2024-Q1,8.79900402519232
Q,MZ,Mozambique,2024-Q2,8.29793188740598
A,NA,Namibia,2010,1.9647272829344
A,NA,Namibia,2011,1.486349269152
A,NA,Namibia,2012,1.33735163605377
A,NA,Namibia,2013,1.28556138254878
A,NA,Namibia,2014,1.45334082435894
A,NA,Namibia,2015,1.55169543390496
A,NA,Namibia,2016,1.54454922408712
A,NA,Namibia,2017,2.58557259811033
A,NA,Namibia,2018,3.57917290160729
A,NA,Namibia,2019,4.56492485771411
A,NA,Namibia,2020,6.39332297719082
A,NA,Namibia,2021,6.37483934737456
A,NA,Namibia,2022,5.51723321566671
A,NA,Namibia,2023,5.79376872969597
A,NA,Namibia,2024,5.5685704855442
Q,NA,Namibia,2010-Q1,2.51235777099054
Q,NA,Namibia,2010-Q2,2.34403466984056
Q,NA,Namibia,2010-Q3,2.1029080714289
Q,NA,Namibia,2010-Q4,1.9647272829344
Q,NA,Namibia,2011-Q1,1.86763355909398
Q,NA,Namibia,2011-Q2,1.75766758423132
Q,NA,Namibia,2011-Q3,1.59869936322991
Q,NA,Namibia,2011-Q4,1.486349269152
Q,NA,Namibia,2012-Q1,1.43422283760476
Q,NA,Namibia,2012-Q2,1.43517559874602
Q,NA,Namibia,2012-Q3,1.44458544982994
Q,NA,Namibia,2012-Q4,1.33735163605377
Q,NA,Namibia,2013-Q1,1.4352724618468
Q,NA,Namibia,2013-Q2,1.45607487230723
Q,NA,Namibia,2013-Q3,1.50344650590301
Q,NA,Namibia,2013-Q4,1.28556138254878
Q,NA,Namibia,2014-Q1,1.37843019813898
Q,NA,Namibia,2014-Q2,1.48276424801675
Q,NA,Namibia,2014-Q3,1.3287649302645
Q,NA,Namibia,2014-Q4,1.45334082435894
Q,NA,Namibia,2015-Q1,1.33430112015185
Q,NA,Namibia,2015-Q2,1.54851810462086
Q,NA,Namibia,2015-Q3,1.6190901231691
Q,NA,Namibia,2015-Q4,1.55169543390496
Q,NA,Namibia,2016-Q1,1.60222801445005
Q,NA,Namibia,2016-Q2,1.61586509021829
Q,NA,Namibia,2016-Q3,1.76528689959275
Q,NA,Namibia,2016-Q4,1.54454922408712
Q,NA,Namibia,2017-Q1,1.85337124103831
Q,NA,Namibia,2017-Q2,2.04448318003594
Q,NA,Namibia,2017-Q3,2.20589902644203
Q,NA,Namibia,2017-Q4,2.58557259811033
Q,NA,Namibia,2018-Q1,2.87861885214276
Q,NA,Namibia,2018-Q2,2.9144142520503
Q,NA,Namibia,2018-Q3,3.40508773146788
Q,NA,Namibia,2018-Q4,3.57917290160729
Q,NA,Namibia,2019-Q1,3.79193225006424
Q,NA,Namibia,2019-Q2,4.43809076110881
Q,NA,Namibia,2019-Q3,4.671778644898
Q,NA,Namibia,2019-Q4,4.56492485771411
Q,NA,Namibia,2020-Q1,5.17012138905246
Q,NA,Namibia,2020-Q2,5.74039248215713
Q,NA,Namibia,2020-Q3,6.42031434096158
Q,NA,Namibia,2020-Q4,6.39332297719082
Q,NA,Namibia,2021-Q1,6.45774307815915
Q,NA,Namibia,2021-Q2,6.61280428249716
Q,NA,Namibia,2021-Q3,6.81674850807562
Q,NA,Namibia,2021-Q4,6.37483934737456
Q,NA,Namibia,2022-Q1,5.88576154148291
Q,NA,Namibia,2022-Q2,6.00651645935205
Q,NA,Namibia,2022-Q3,5.67597201843387
Q,NA,Namibia,2022-Q4,5.51723321566671
Q,NA,Namibia,2023-Q1,5.6172453937673
Q,NA,Namibia,2023-Q2,5.49457353951711
Q,NA,Namibia,2023-Q3,5.63279206960667
Q,NA,Namibia,2023-Q4,5.79376872969597
Q,NA,Namibia,2024-Q1,6.08636512941894
Q,NA,Namibia,2024-Q2,5.80816464390533
Q,NA,Namibia,2024-Q3,5.83591841955207
Q,NA,Namibia,2024-Q4,5.5685704855442
Q,NA,Namibia,2025-Q1,5.41925215190454
A,NG,Nigeria,2007,9.50262123548539
A,NG,Nigeria,2008,7.19359013817042
A,NG,Nigeria,2009,37.2532872694237
A,NG,Nigeria,2010,20.1430996066243
A,NG,Nigeria,2011,5.77162860434222
A,NG,Nigeria,2012,3.70522490674831
A,NG,Nigeria,2013,3.39339117622511
A,NG,Nigeria,2014,2.96313378497792
A,NG,Nigeria,2015,4.86088556171331
A,NG,Nigeria,2016,12.8150641172054
A,NG,Nigeria,2017,14.8096296761859
A,NG,Nigeria,2018,11.6745261102871
A,NG,Nigeria,2019,6.03472340059305
A,NG,Nigeria,2020,6.02451546227795
A,NG,Nigeria,2021,4.93379152270911
A,NG,Nigeria,2022,4.01492747084238
A,NG,Nigeria,2023,4.38335469502686
A,NG,Nigeria,2024,4.87490030321718
Q,NG,Nigeria,2007-Q1,10.1952394839272
Q,NG,Nigeria,2007-Q2,8.96831010437351
Q,NG,Nigeria,2007-Q3,8.54514462843904
Q,NG,Nigeria,2007-Q4,9.50262123548539
Q,NG,Nigeria,2008-Q1,8.244888797469
Q,NG,Nigeria,2008-Q2,7.31567648976996
Q,NG,Nigeria,2008-Q3,7.00813242029283
Q,NG,Nigeria,2008-Q4,7.19359013817042
Q,NG,Nigeria,2009-Q1,7.54939073847714
Q,NG,Nigeria,2009-Q2,9.44508756976005
Q,NG,Nigeria,2009-Q3,24.3800886823041
Q,NG,Nigeria,2009-Q4,37.2532872694237
Q,NG,Nigeria,2010-Q1,37.098510753253
Q,NG,Nigeria,2010-Q2,38.3495715852639
Q,NG,Nigeria,2010-Q3,37.5836802643947
Q,NG,Nigeria,2010-Q4,20.1430996066243
Q,NG,Nigeria,2011-Q1,16.2458395102006
Q,NG,Nigeria,2011-Q2,11.6484221823469
Q,NG,Nigeria,2011-Q3,9.88960567816244
Q,NG,Nigeria,2011-Q4,5.77162860434222
Q,NG,Nigeria,2012-Q1,4.56515415058128
Q,NG,Nigeria,2012-Q2,4.53621577778886
Q,NG,Nigeria,2012-Q3,4.2941423578723
Q,NG,Nigeria,2012-Q4,3.70522490674831
Q,NG,Nigeria,2013-Q1,3.99554380779185
Q,NG,Nigeria,2013-Q2,3.88055183691372
Q,NG,Nigeria,2013-Q3,3.55185618576057
Q,NG,Nigeria,2013-Q4,3.39339117622511
Q,NG,Nigeria,2014-Q1,3.8029628177014
Q,NG,Nigeria,2014-Q2,3.71533363140491
Q,NG,Nigeria,2014-Q3,3.65194352614963
Q,NG,Nigeria,2014-Q4,2.96313378497792
Q,NG,Nigeria,2015-Q1,3.5822112395349
Q,NG,Nigeria,2015-Q2,4.67038717321332
Q,NG,Nigeria,2015-Q3,4.74952215962303
Q,NG,Nigeria,2015-Q4,4.86088556171331
Q,NG,Nigeria,2016-Q1,9.71747268642265
Q,NG,Nigeria,2016-Q2,10.7197295350362
Q,NG,Nigeria,2016-Q3,13.4307155538057
Q,NG,Nigeria,2016-Q4,12.8150641172054
Q,NG,Nigeria,2017-Q1,14.6444622123504
Q,NG,Nigeria,2017-Q2,15.0089624175408
Q,NG,Nigeria,2017-Q3,15.1298518848253
Q,NG,Nigeria,2017-Q4,14.8096296761859
Q,NG,Nigeria,2018-Q1,13.8285491346439
Q,NG,Nigeria,2018-Q2,12.4462413937215
Q,NG,Nigeria,2018-Q3,14.1553300110194
Q,NG,Nigeria,2018-Q4,11.6745261102871
Q,NG,Nigeria,2019-Q1,10.7850281366626
Q,NG,Nigeria,2019-Q2,9.334856237071
Q,NG,Nigeria,2019-Q3,6.66289601909605
Q,NG,Nigeria,2019-Q4,6.03472340059305
Q,NG,Nigeria,2020-Q1,6.38540773596677
Q,NG,Nigeria,2020-Q2,6.41456092648002
Q,NG,Nigeria,2020-Q3,6.01271035753365
Q,NG,Nigeria,2020-Q4,6.02451546227795
Q,NG,Nigeria,2021-Q1,5.95060011836136
Q,NG,Nigeria,2021-Q2,5.69693139332338
Q,NG,Nigeria,2021-Q3,5.43288391491592
Q,NG,Nigeria,2021-Q4,4.93379152270911
Q,NG,Nigeria,2022-Q1,5.09174256199231
Q,NG,Nigeria,2022-Q2,4.94854017531329
Q,NG,Nigeria,2022-Q3,4.83646825417623
Q,NG,Nigeria,2022-Q4,4.01492747084238
Q,NG,Nigeria,2023-Q1,4.84452475802785
Q,NG,Nigeria,2023-Q2,4.38896847960154
Q,NG,Nigeria,2023-Q3,4.71069001200313
Q,NG,Nigeria,2023-Q4,4.38335469502686
Q,NG,Nigeria,2024-Q1,5.41257191035803
Q,NG,Nigeria,2024-Q2,4.12327650794936
Q,NG,Nigeria,2024-Q3,4.86260436500647
Q,NG,Nigeria,2024-Q4,4.87490030321718
Q,NG,Nigeria,2025-Q1,6.03147924315871
A,NI,Nicaragua,2008,2.46770774737079
A,NI,Nicaragua,2009,2.54935039632589
A,NI,Nicaragua,2010,2.04404090102814
A,NI,Nicaragua,2011,1.9136648910421
A,NI,Nicaragua,2012,1.88139597722178
A,NI,Nicaragua,2013,1.97868298750605
A,NI,Nicaragua,2014,0.997774216883436
A,NI,Nicaragua,2015,0.885556331578598
A,NI,Nicaragua,2016,0.860695208457364
A,NI,Nicaragua,2017,1.03939161148378
A,NI,Nicaragua,2018,2.42627992263709
A,NI,Nicaragua,2019,3.11052796954537
A,NI,Nicaragua,2020,3.70984157800203
A,NI,Nicaragua,2021,2.45216200951347
A,NI,Nicaragua,2022,1.54170667438453
A,NI,Nicaragua,2023,1.5242082041941
A,NI,Nicaragua,2024,1.2433642775144
Q,NI,Nicaragua,2008-Q1,5.01407474887589
Q,NI,Nicaragua,2008-Q2,2.46988105624741
Q,NI,Nicaragua,2008-Q3,2.45313061533365
Q,NI,Nicaragua,2008-Q4,2.46770774737079
Q,NI,Nicaragua,2009-Q1,2.5841881611974
Q,NI,Nicaragua,2009-Q2,2.66710314870693
Q,NI,Nicaragua,2009-Q3,2.4345646168038
Q,NI,Nicaragua,2009-Q4,2.54935039632589
Q,NI,Nicaragua,2010-Q1,1.7769278897492
Q,NI,Nicaragua,2010-Q2,1.71715074110944
Q,NI,Nicaragua,2010-Q3,2.08697236219455
Q,NI,Nicaragua,2010-Q4,2.04404090102814
Q,NI,Nicaragua,2011-Q1,2.1579091373372
Q,NI,Nicaragua,2011-Q2,2.02388419313303
Q,NI,Nicaragua,2011-Q3,1.99353391396073
Q,NI,Nicaragua,2011-Q4,1.9136648910421
Q,NI,Nicaragua,2012-Q1,1.94896011080246
Q,NI,Nicaragua,2012-Q2,1.9123034537617
Q,NI,Nicaragua,2012-Q3,2.05454807061811
Q,NI,Nicaragua,2012-Q4,1.88139597722178
Q,NI,Nicaragua,2013-Q1,1.76059282536408
Q,NI,Nicaragua,2013-Q2,1.83923652307663
Q,NI,Nicaragua,2013-Q3,1.85297861330084
Q,NI,Nicaragua,2013-Q4,1.97868298750605
Q,NI,Nicaragua,2014-Q1,2.01730285775467
Q,NI,Nicaragua,2014-Q2,1.00082285693586
Q,NI,Nicaragua,2014-Q3,1.0203003081024
Q,NI,Nicaragua,2014-Q4,0.997774216883436
Q,NI,Nicaragua,2015-Q1,0.905739434942009
Q,NI,Nicaragua,2015-Q2,0.915627423807417
Q,NI,Nicaragua,2015-Q3,0.910949271406811
Q,NI,Nicaragua,2015-Q4,0.885556331578598
Q,NI,Nicaragua,2016-Q1,0.899958722481998
Q,NI,Nicaragua,2016-Q2,0.981296045932852
Q,NI,Nicaragua,2016-Q3,0.939708301424278
Q,NI,Nicaragua,2016-Q4,0.860695208457364
Q,NI,Nicaragua,2017-Q1,0.900514444170574
Q,NI,Nicaragua,2017-Q2,0.923064002697228
Q,NI,Nicaragua,2017-Q3,1.05255713214904
Q,NI,Nicaragua,2017-Q4,1.03939161148378
Q,NI,Nicaragua,2018-Q1,1.08312560087414
Q,NI,Nicaragua,2018-Q2,1.38670968805084
Q,NI,Nicaragua,2018-Q3,2.24811968262456
Q,NI,Nicaragua,2018-Q4,2.42627992263709
Q,NI,Nicaragua,2019-Q1,3.14349265801996
Q,NI,Nicaragua,2019-Q2,3.45018371731368
Q,NI,Nicaragua,2019-Q3,4.3180602195147
Q,NI,Nicaragua,2019-Q4,3.11052796954537
Q,NI,Nicaragua,2020-Q1,3.04862387865496
Q,NI,Nicaragua,2020-Q2,3.81494193117173
Q,NI,Nicaragua,2020-Q3,3.72482018337037
Q,NI,Nicaragua,2020-Q4,3.70984157800203
Q,NI,Nicaragua,2021-Q1,3.08680535074875
Q,NI,Nicaragua,2021-Q2,2.74681873380182
Q,NI,Nicaragua,2021-Q3,2.79792675859413
Q,NI,Nicaragua,2021-Q4,2.45216200951347
Q,NI,Nicaragua,2022-Q1,2.24218991375908
Q,NI,Nicaragua,2022-Q2,2.00117055445428
Q,NI,Nicaragua,2022-Q3,1.92691709496085
Q,NI,Nicaragua,2022-Q4,1.54170667438453
Q,NI,Nicaragua,2023-Q1,1.36281835052852
Q,NI,Nicaragua,2023-Q2,1.26098545823109
Q,NI,Nicaragua,2023-Q3,1.23583783478152
Q,NI,Nicaragua,2023-Q4,1.5242082041941
Q,NI,Nicaragua,2024-Q1,1.36248578856548
Q,NI,Nicaragua,2024-Q2,1.34816301477145
Q,NI,Nicaragua,2024-Q3,1.48443071558441
Q,NI,Nicaragua,2024-Q4,1.2433642775144
A,NL,Netherlands,2008,1.68139773681757
A,NL,Netherlands,2009,3.20168767980185
A,NL,Netherlands,2010,2.83234869790715
A,NL,Netherlands,2011,2.71087690835903
A,NL,Netherlands,2012,3.09784428543666
A,NL,Netherlands,2013,3.22716888618912
A,NL,Netherlands,2014,2.98266215275664
A,NL,Netherlands,2015,2.71198466589929
A,NL,Netherlands,2016,2.54052744825368
A,NL,Netherlands,2017,2.30542707664559
A,NL,Netherlands,2018,1.95988149570236
A,NL,Netherlands,2019,1.83446077218657
A,NL,Netherlands,2020,1.87864539454562
A,NL,Netherlands,2021,1.72417915273341
A,NL,Netherlands,2022,1.60064591800168
A,NL,Netherlands,2023,1.55160063687099
A,NL,Netherlands,2024,1.63696844977663
Q,NL,Netherlands,2008-Q1,0.510854437544182
Q,NL,Netherlands,2008-Q2,0.865406561228987
Q,NL,Netherlands,2008-Q3,1.09333295644832
Q,NL,Netherlands,2008-Q4,1.68139773681757
Q,NL,Netherlands,2009-Q1,1.82918911402423
Q,NL,Netherlands,2009-Q2,2.44167473587744
Q,NL,Netherlands,2009-Q3,2.68926608211833
Q,NL,Netherlands,2009-Q4,3.20168767980185
Q,NL,Netherlands,2010-Q1,3.19177791212562
Q,NL,Netherlands,2010-Q2,2.75612797520103
Q,NL,Netherlands,2010-Q3,2.57360569972414
Q,NL,Netherlands,2010-Q4,2.83234869790715
Q,NL,Netherlands,2011-Q1,2.73434562577653
Q,NL,Netherlands,2011-Q2,2.67983862415358
Q,NL,Netherlands,2011-Q3,2.71689143515697
Q,NL,Netherlands,2011-Q4,2.71087690835903
Q,NL,Netherlands,2012-Q1,2.94078046376697
Q,NL,Netherlands,2012-Q2,3.12318115204968
Q,NL,Netherlands,2012-Q3,3.06490325865329
Q,NL,Netherlands,2012-Q4,3.09784428543666
Q,NL,Netherlands,2013-Q1,2.78422966878307
Q,NL,Netherlands,2013-Q2,3.0018961615322
Q,NL,Netherlands,2013-Q3,2.95220963574018
Q,NL,Netherlands,2013-Q4,3.22716888618912
Q,NL,Netherlands,2014-Q1,3.21340754184166
Q,NL,Netherlands,2014-Q2,3.00095026924923
Q,NL,Netherlands,2014-Q3,2.89606497165869
Q,NL,Netherlands,2014-Q4,2.98266215275664
Q,NL,Netherlands,2015-Q1,2.82223705065023
Q,NL,Netherlands,2015-Q2,2.8396221884765
Q,NL,Netherlands,2015-Q3,2.71392449979871
Q,NL,Netherlands,2015-Q4,2.71198466589929
Q,NL,Netherlands,2016-Q1,2.56343464543057
Q,NL,Netherlands,2016-Q2,2.52557455617385
Q,NL,Netherlands,2016-Q3,2.56124991358925
Q,NL,Netherlands,2016-Q4,2.54052744825368
Q,NL,Netherlands,2017-Q1,2.41554862789272
Q,NL,Netherlands,2017-Q2,2.44776902817008
Q,NL,Netherlands,2017-Q3,2.38456802281634
Q,NL,Netherlands,2017-Q4,2.30542707664559
Q,NL,Netherlands,2018-Q1,2.12594740187664
Q,NL,Netherlands,2018-Q2,2.05874674071806
Q,NL,Netherlands,2018-Q3,1.94026338534815
Q,NL,Netherlands,2018-Q4,1.95988149570236
Q,NL,Netherlands,2019-Q1,1.86380964009954
Q,NL,Netherlands,2019-Q2,1.80861345482744
Q,NL,Netherlands,2019-Q3,1.81630987378361
Q,NL,Netherlands,2019-Q4,1.83446077218657
Q,NL,Netherlands,2020-Q1,1.81606125709938
Q,NL,Netherlands,2020-Q2,1.86826037041465
Q,NL,Netherlands,2020-Q3,1.81099047171403
Q,NL,Netherlands,2020-Q4,1.87864539454562
Q,NL,Netherlands,2021-Q1,1.74218040613764
Q,NL,Netherlands,2021-Q2,1.98449659398201
Q,NL,Netherlands,2021-Q3,1.85836075126094
Q,NL,Netherlands,2021-Q4,1.72417915273341
Q,NL,Netherlands,2022-Q1,1.63286151334657
Q,NL,Netherlands,2022-Q2,1.57351642417627
Q,NL,Netherlands,2022-Q3,1.51434278053986
Q,NL,Netherlands,2022-Q4,1.60064591800168
Q,NL,Netherlands,2023-Q1,1.5479435190015
Q,NL,Netherlands,2023-Q2,1.54956874846309
Q,NL,Netherlands,2023-Q3,1.59999800992252
Q,NL,Netherlands,2023-Q4,1.55160063687099
Q,NL,Netherlands,2024-Q1,1.53643175900334
Q,NL,Netherlands,2024-Q2,1.57243373491553
Q,NL,Netherlands,2024-Q3,1.57901225316154
Q,NL,Netherlands,2024-Q4,1.63696844977663
Q,NL,Netherlands,2025-Q1,1.57874120416382
A,NO,Norway,2009,1.27871052608886
A,NO,Norway,2010,1.51981365217834
A,NO,Norway,2011,1.68434907314772
A,NO,Norway,2012,1.51215755076448
A,NO,Norway,2013,1.33872670729875
A,NO,Norway,2014,1.13088790719266
A,NO,Norway,2015,1.0533756114736
A,NO,Norway,2016,1.18473037859688
A,NO,Norway,2017,1.00040357973015
A,NO,Norway,2018,0.746427849824663
A,NO,Norway,2019,0.801131694159603
A,NO,Norway,2020,0.736074194281787
A,NO,Norway,2021,0.525489505428339
A,NO,Norway,2022,0.272360168200377
A,NO,Norway,2023,0.375146721887061
A,NO,Norway,2024,0.460629010542218
Q,NO,Norway,2009-Q1,0.914898378007344
Q,NO,Norway,2009-Q2,1.04656713616842
Q,NO,Norway,2009-Q3,1.08697842473769
Q,NO,Norway,2009-Q4,1.27871052608886
Q,NO,Norway,2010-Q1,1.62478935786364
Q,NO,Norway,2010-Q2,1.5065489689166
Q,NO,Norway,2010-Q3,1.6058314194243
Q,NO,Norway,2010-Q4,1.51981365217834
Q,NO,Norway,2011-Q1,1.55282484519752
Q,NO,Norway,2011-Q2,1.41087558285084
Q,NO,Norway,2011-Q3,1.46507190037879
Q,NO,Norway,2011-Q4,1.68434907314772
Q,NO,Norway,2012-Q1,1.54586353363917
Q,NO,Norway,2012-Q2,1.55098415900081
Q,NO,Norway,2012-Q3,1.54120576267491
Q,NO,Norway,2012-Q4,1.51215755076448
Q,NO,Norway,2013-Q1,1.68381218064505
Q,NO,Norway,2013-Q2,1.60974032331275
Q,NO,Norway,2013-Q3,1.59400844690156
Q,NO,Norway,2013-Q4,1.33872670729875
Q,NO,Norway,2014-Q1,1.47200734286342
Q,NO,Norway,2014-Q2,1.32171918718086
Q,NO,Norway,2014-Q3,1.21984340258594
Q,NO,Norway,2014-Q4,1.13088790719266
Q,NO,Norway,2015-Q1,1.30646310680764
Q,NO,Norway,2015-Q2,1.09773806809842
Q,NO,Norway,2015-Q3,1.28749436140549
Q,NO,Norway,2015-Q4,1.0533756114736
Q,NO,Norway,2016-Q1,1.18624399829629
Q,NO,Norway,2016-Q2,1.09396221458899
Q,NO,Norway,2016-Q3,1.14127533188868
Q,NO,Norway,2016-Q4,1.18473037859688
Q,NO,Norway,2017-Q1,1.26600373951936
Q,NO,Norway,2017-Q2,1.27633503673267
Q,NO,Norway,2017-Q3,1.30943668333886
Q,NO,Norway,2017-Q4,1.00040357973015
Q,NO,Norway,2018-Q1,0.873550437908121
Q,NO,Norway,2018-Q2,0.777613560236299
Q,NO,Norway,2018-Q3,0.791702828475149
Q,NO,Norway,2018-Q4,0.746427849824663
Q,NO,Norway,2019-Q1,0.718238101345788
Q,NO,Norway,2019-Q2,0.800328905137791
Q,NO,Norway,2019-Q3,0.860762777166021
Q,NO,Norway,2019-Q4,0.801131694159603
Q,NO,Norway,2020-Q1,0.845925405156426
Q,NO,Norway,2020-Q2,0.90612864898342
Q,NO,Norway,2020-Q3,0.889889854390935
Q,NO,Norway,2020-Q4,0.736074194281787
Q,NO,Norway,2021-Q1,0.840402290450016
Q,NO,Norway,2021-Q2,0.82880001298132
Q,NO,Norway,2021-Q3,0.666081182453593
Q,NO,Norway,2021-Q4,0.525489505428339
Q,NO,Norway,2022-Q1,0.456418722647022
Q,NO,Norway,2022-Q2,0.395732783267393
Q,NO,Norway,2022-Q3,0.380766319311127
Q,NO,Norway,2022-Q4,0.272360168200377
Q,NO,Norway,2023-Q1,0.29635768877129
Q,NO,Norway,2023-Q2,0.313455424596229
Q,NO,Norway,2023-Q3,0.35945505579139
Q,NO,Norway,2023-Q4,0.375146721887061
Q,NO,Norway,2024-Q1,0.411142393356547
Q,NO,Norway,2024-Q2,0.423534018015417
Q,NO,Norway,2024-Q3,0.472123230935202
Q,NO,Norway,2024-Q4,0.460629010542218
Q,NO,Norway,2025-Q1,0.416652238412171
A,NP,Nepal,2016,1.68433659406825
A,NP,Nepal,2017,1.69908552229355
A,NP,Nepal,2018,1.56237839101568
A,NP,Nepal,2019,1.661035901516
A,NP,Nepal,2020,1.67721669787426
A,NP,Nepal,2021,1.15668047969579
A,NP,Nepal,2022,2.44418427205124
A,NP,Nepal,2023,3.77535420144652
A,NP,Nepal,2024,4.63597142993056
Q,NP,Nepal,2016-Q3,1.72802945337667
Q,NP,Nepal,2016-Q4,1.68433659406825
Q,NP,Nepal,2017-Q1,1.63643543712418
Q,NP,Nepal,2017-Q2,1.52902885661428
Q,NP,Nepal,2017-Q3,1.75315679959066
Q,NP,Nepal,2017-Q4,1.69908552229355
Q,NP,Nepal,2018-Q1,1.62094121306821
Q,NP,Nepal,2018-Q2,1.36390112147689
Q,NP,Nepal,2018-Q3,1.44148527060649
Q,NP,Nepal,2018-Q4,1.56237839101568
Q,NP,Nepal,2019-Q1,1.63282691077246
Q,NP,Nepal,2019-Q2,1.39253004039886
Q,NP,Nepal,2019-Q3,1.57147626679292
Q,NP,Nepal,2019-Q4,1.661035901516
Q,NP,Nepal,2020-Q1,1.68738137993396
Q,NP,Nepal,2020-Q2,1.77280756532027
Q,NP,Nepal,2020-Q3,1.59268579185059
Q,NP,Nepal,2020-Q4,1.67721669787426
Q,NP,Nepal,2021-Q1,1.37350174713762
Q,NP,Nepal,2021-Q2,1.37354000579699
Q,NP,Nepal,2021-Q3,1.19913713866182
Q,NP,Nepal,2021-Q4,1.15668047969579
Q,NP,Nepal,2022-Q1,1.29347422374365
Q,NP,Nepal,2022-Q2,1.17548139814985
Q,NP,Nepal,2022-Q3,1.79563785834652
Q,NP,Nepal,2022-Q4,2.44418427205124
Q,NP,Nepal,2023-Q1,3.16711883280428
Q,NP,Nepal,2023-Q2,2.92432577166286
Q,NP,Nepal,2023-Q3,3.52715258285931
Q,NP,Nepal,2023-Q4,3.77535420144652
Q,NP,Nepal,2024-Q1,3.80908027116625
Q,NP,Nepal,2024-Q2,3.68886268401486
Q,NP,Nepal,2024-Q3,4.19934097915006
Q,NP,Nepal,2024-Q4,4.63597142993056
Q,NP,Nepal,2025-Q1,4.94367914482319
A,PA,Panama,2005,2.8825466546729
A,PA,Panama,2006,2.67255289685215
A,PA,Panama,2007,2.81778395706693
A,PA,Panama,2008,3.00612509186528
A,PA,Panama,2009,3.31176945770911
A,PA,Panama,2010,2.64687924224151
A,PA,Panama,2011,2.13990013428624
A,PA,Panama,2012,1.95494387616131
A,PA,Panama,2013,1.8729647331777
A,PA,Panama,2014,2.20714175759565
A,PA,Panama,2015,2.19550451794882
A,PA,Panama,2016,2.51764775642036
A,PA,Panama,2017,3.05130465121154
A,PA,Panama,2018,3.25831853198357
A,PA,Panama,2019,1.9552265288917
A,PA,Panama,2020,2.01340176207336
A,PA,Panama,2021,2.25280070223068
A,PA,Panama,2022,2.53133936340955
A,PA,Panama,2023,2.56931692949525
A,PA,Panama,2024,2.37293281218116
Q,PA,Panama,2005-Q1,4.16659762614476
Q,PA,Panama,2005-Q2,3.87123644093187
Q,PA,Panama,2005-Q3,3.69215773008861
Q,PA,Panama,2005-Q4,2.8825466546729
Q,PA,Panama,2006-Q1,2.75412932941534
Q,PA,Panama,2006-Q2,2.67903177849121
Q,PA,Panama,2006-Q3,2.74722207848579
Q,PA,Panama,2006-Q4,2.67255289685215
Q,PA,Panama,2007-Q1,2.64492772594138
Q,PA,Panama,2007-Q2,2.67916031894151
Q,PA,Panama,2007-Q3,2.79516549894542
Q,PA,Panama,2007-Q4,2.81778395706693
Q,PA,Panama,2008-Q1,2.72977805828586
Q,PA,Panama,2008-Q2,2.40331745922341
Q,PA,Panama,2008-Q3,2.7058235757342
Q,PA,Panama,2008-Q4,3.00612509186528
Q,PA,Panama,2009-Q1,2.95742790495905
Q,PA,Panama,2009-Q2,3.17125353788134
Q,PA,Panama,2009-Q3,3.34492557306732
Q,PA,Panama,2009-Q4,3.31176945770911
Q,PA,Panama,2010-Q1,3.16266399949693
Q,PA,Panama,2010-Q2,2.99734308698709
Q,PA,Panama,2010-Q3,2.77646725508073
Q,PA,Panama,2010-Q4,2.64687924224151
Q,PA,Panama,2011-Q1,2.70028864296152
Q,PA,Panama,2011-Q2,2.33317459826221
Q,PA,Panama,2011-Q3,2.18432176263431
Q,PA,Panama,2011-Q4,2.13990013428624
Q,PA,Panama,2012-Q1,2.09229865834504
Q,PA,Panama,2012-Q2,2.07481626664414
Q,PA,Panama,2012-Q3,1.86656032917441
Q,PA,Panama,2012-Q4,1.95494387616131
Q,PA,Panama,2013-Q1,1.60210239573612
Q,PA,Panama,2013-Q2,1.81385628039849
Q,PA,Panama,2013-Q3,1.94341926376727
Q,PA,Panama,2013-Q4,1.8729647331777
Q,PA,Panama,2014-Q1,2.11643798149679
Q,PA,Panama,2014-Q2,1.88189199466619
Q,PA,Panama,2014-Q3,1.84015996266118
Q,PA,Panama,2014-Q4,2.20714175759565
Q,PA,Panama,2015-Q1,2.00807689658498
Q,PA,Panama,2015-Q2,2.01283235443168
Q,PA,Panama,2015-Q3,2.12834638686477
Q,PA,Panama,2015-Q4,2.19550451794882
Q,PA,Panama,2016-Q1,2.68235262542234
Q,PA,Panama,2016-Q2,2.62280786514141
Q,PA,Panama,2016-Q3,2.64872236689501
Q,PA,Panama,2016-Q4,2.51764775642036
Q,PA,Panama,2017-Q1,3.51747159864623
Q,PA,Panama,2017-Q2,3.23216593201266
Q,PA,Panama,2017-Q3,3.43174775992467
Q,PA,Panama,2017-Q4,3.05130465121154
Q,PA,Panama,2018-Q1,3.57543863671524
Q,PA,Panama,2018-Q2,3.67026036510504
Q,PA,Panama,2018-Q3,3.81925218303234
Q,PA,Panama,2018-Q4,3.25831853198357
Q,PA,Panama,2019-Q1,1.82788908770502
Q,PA,Panama,2019-Q2,1.78679545688148
Q,PA,Panama,2019-Q3,1.95552946052019
Q,PA,Panama,2019-Q4,1.9552265288917
Q,PA,Panama,2020-Q1,1.71250822838318
Q,PA,Panama,2020-Q2,2.02484740201309
Q,PA,Panama,2020-Q3,2.11383776522361
Q,PA,Panama,2020-Q4,2.01340176207336
Q,PA,Panama,2021-Q1,2.02425424788411
Q,PA,Panama,2021-Q2,2.04365783573491
Q,PA,Panama,2021-Q3,2.29905759829018
Q,PA,Panama,2021-Q4,2.25280070223068
Q,PA,Panama,2022-Q1,2.48342946928477
Q,PA,Panama,2022-Q2,2.66357321915762
Q,PA,Panama,2022-Q3,2.56229155804841
Q,PA,Panama,2022-Q4,2.53133936340955
Q,PA,Panama,2023-Q1,2.85107826092907
Q,PA,Panama,2023-Q2,2.72626141682257
Q,PA,Panama,2023-Q3,2.69522052964894
Q,PA,Panama,2023-Q4,2.56931692949525
Q,PA,Panama,2024-Q1,2.54212080975952
Q,PA,Panama,2024-Q2,2.50133389328777
Q,PA,Panama,2024-Q3,2.44959329968783
Q,PA,Panama,2024-Q4,2.37293281218116
Q,PA,Panama,2025-Q1,2.33657158335387
A,PE,Peru,2010,1.86763486280352
A,PE,Peru,2011,1.83888954526963
A,PE,Peru,2012,2.16669888688339
A,PE,Peru,2013,2.52532864724647
A,PE,Peru,2014,2.86635234019297
A,PE,Peru,2015,2.82627141447332
A,PE,Peru,2016,3.03691673128785
A,PE,Peru,2017,3.26099813127162
A,PE,Peru,2018,3.27104963481759
A,PE,Peru,2019,3.36599445858728
A,PE,Peru,2020,4.12760856551142
A,PE,Peru,2021,3.90874696659241
A,PE,Peru,2022,4.1165128325684
A,PE,Peru,2023,4.48043564056431
Q,PE,Peru,2010-Q4,1.86763486280352
Q,PE,Peru,2011-Q1,1.89913884740024
Q,PE,Peru,2011-Q2,1.91817633999569
Q,PE,Peru,2011-Q3,1.95815003684535
Q,PE,Peru,2011-Q4,1.83888954526963
Q,PE,Peru,2012-Q1,2.02881136685677
Q,PE,Peru,2012-Q2,2.1302712547963
Q,PE,Peru,2012-Q3,2.18096339355836
Q,PE,Peru,2012-Q4,2.16669888688339
Q,PE,Peru,2013-Q1,2.4355952998465
Q,PE,Peru,2013-Q2,2.4947451993994
Q,PE,Peru,2013-Q3,2.56255825580432
Q,PE,Peru,2013-Q4,2.52532864724647
Q,PE,Peru,2014-Q1,2.775294877622
Q,PE,Peru,2014-Q2,2.82689243877693
Q,PE,Peru,2014-Q3,2.89719545332788
Q,PE,Peru,2014-Q4,2.86635234019297
Q,PE,Peru,2015-Q1,2.95419866279836
Q,PE,Peru,2015-Q2,3.02642935254647
Q,PE,Peru,2015-Q3,2.90971596485328
Q,PE,Peru,2015-Q4,2.82627141447332
Q,PE,Peru,2016-Q1,3.01624399358803
Q,PE,Peru,2016-Q2,3.15035531042309
Q,PE,Peru,2016-Q3,3.15061803501288
Q,PE,Peru,2016-Q4,3.03691673128785
Q,PE,Peru,2017-Q1,3.27376859352571
Q,PE,Peru,2017-Q2,3.35247322448479
Q,PE,Peru,2017-Q3,3.33116196159623
Q,PE,Peru,2017-Q4,3.26099813127162
Q,PE,Peru,2018-Q1,3.35097575181728
Q,PE,Peru,2018-Q2,3.39477897980005
Q,PE,Peru,2018-Q3,3.4067539234078
Q,PE,Peru,2018-Q4,3.27104963481759
Q,PE,Peru,2019-Q1,3.36549558771774
Q,PE,Peru,2019-Q2,3.44203263495301
Q,PE,Peru,2019-Q3,3.46333572452465
Q,PE,Peru,2019-Q4,3.36599445858728
Q,PE,Peru,2020-Q1,3.49889309985532
Q,PE,Peru,2020-Q2,3.47175938430645
Q,PE,Peru,2020-Q3,3.60978623459927
Q,PE,Peru,2020-Q4,4.12760856551142
Q,PE,Peru,2021-Q1,4.12826766591169
Q,PE,Peru,2021-Q2,3.90701708610118
Q,PE,Peru,2021-Q3,3.96157348159952
Q,PE,Peru,2021-Q4,3.90874696659241
Q,PE,Peru,2022-Q1,3.9768594558241
Q,PE,Peru,2022-Q2,3.99611178411073
Q,PE,Peru,2022-Q3,4.13680938507906
Q,PE,Peru,2022-Q4,4.1165128325684
Q,PE,Peru,2023-Q1,4.17075294466654
Q,PE,Peru,2023-Q2,4.2975440961275
Q,PE,Peru,2023-Q3,4.43985443589139
Q,PE,Peru,2023-Q4,4.48043564056431
Q,PE,Peru,2024-Q1,4.74085091742735
Q,PE,Peru,2024-Q2,4.74323623948402
Q,PE,Peru,2024-Q3,4.39887209501457
A,PG,Papua New Guinea,2008,1.77774462673172
A,PG,Papua New Guinea,2009,2.02365300059617
A,PG,Papua New Guinea,2010,1.91657120024141
A,PG,Papua New Guinea,2011,2.08309528155411
A,PG,Papua New Guinea,2012,2.15851766654297
A,PG,Papua New Guinea,2013,1.79854386150578
A,PG,Papua New Guinea,2014,2.09047784392733
A,PG,Papua New Guinea,2015,3.0812991544216
A,PG,Papua New Guinea,2016,2.49975083446666
A,PG,Papua New Guinea,2017,2.76818100498897
A,PG,Papua New Guinea,2018,3.73018824140234
A,PG,Papua New Guinea,2019,3.78623688418196
A,PG,Papua New Guinea,2020,5.32612574594665
A,PG,Papua New Guinea,2021,6.15624522091609
A,PG,Papua New Guinea,2022,4.78350416832427
A,PG,Papua New Guinea,2023,5.41890192594108
Q,PG,Papua New Guinea,2008-Q4,1.77774462673172
Q,PG,Papua New Guinea,2009-Q1,1.66438891131671
Q,PG,Papua New Guinea,2009-Q2,2.98404409397706
Q,PG,Papua New Guinea,2009-Q3,2.59962449453137
Q,PG,Papua New Guinea,2009-Q4,2.02365300059617
Q,PG,Papua New Guinea,2010-Q1,2.36438319640491
Q,PG,Papua New Guinea,2010-Q2,2.49111089352509
Q,PG,Papua New Guinea,2010-Q3,2.02312890022711
Q,PG,Papua New Guinea,2010-Q4,1.91657120024141
Q,PG,Papua New Guinea,2011-Q1,2.86930294349435
Q,PG,Papua New Guinea,2011-Q2,2.82456568591158
Q,PG,Papua New Guinea,2011-Q3,2.50830336312416
Q,PG,Papua New Guinea,2011-Q4,2.08309528155411
Q,PG,Papua New Guinea,2012-Q1,2.45116770537955
Q,PG,Papua New Guinea,2012-Q2,2.17102802611418
Q,PG,Papua New Guinea,2012-Q3,2.25438462960689
Q,PG,Papua New Guinea,2012-Q4,2.15851766654297
Q,PG,Papua New Guinea,2013-Q1,1.82391520967192
Q,PG,Papua New Guinea,2013-Q2,2.02737811934359
Q,PG,Papua New Guinea,2013-Q3,1.58867686508398
Q,PG,Papua New Guinea,2013-Q4,1.79854386150578
Q,PG,Papua New Guinea,2014-Q1,1.92035838636565
Q,PG,Papua New Guinea,2014-Q2,2.16292558455564
Q,PG,Papua New Guinea,2014-Q3,2.25858996601196
Q,PG,Papua New Guinea,2014-Q4,2.09047784392733
Q,PG,Papua New Guinea,2015-Q1,2.12774503746955
Q,PG,Papua New Guinea,2015-Q2,3.82879880158177
Q,PG,Papua New Guinea,2015-Q3,3.59276702145075
Q,PG,Papua New Guinea,2015-Q4,3.0812991544216
Q,PG,Papua New Guinea,2016-Q1,3.39597312436627
Q,PG,Papua New Guinea,2016-Q2,3.13560052326998
Q,PG,Papua New Guinea,2016-Q3,3.27963132441962
Q,PG,Papua New Guinea,2016-Q4,2.49975083446666
Q,PG,Papua New Guinea,2017-Q1,2.83798245906722
Q,PG,Papua New Guinea,2017-Q2,2.62479776738811
Q,PG,Papua New Guinea,2017-Q3,3.10128800644988
Q,PG,Papua New Guinea,2017-Q4,2.76818100498897
Q,PG,Papua New Guinea,2018-Q1,2.7623153330564
Q,PG,Papua New Guinea,2018-Q2,2.7053977259292
Q,PG,Papua New Guinea,2018-Q3,2.909877938208
Q,PG,Papua New Guinea,2018-Q4,3.73018824140234
Q,PG,Papua New Guinea,2019-Q1,3.88848858084482
Q,PG,Papua New Guinea,2019-Q2,4.11137034678468
Q,PG,Papua New Guinea,2019-Q3,3.85081690378838
Q,PG,Papua New Guinea,2019-Q4,3.78623688418196
Q,PG,Papua New Guinea,2020-Q1,4.21268118126567
Q,PG,Papua New Guinea,2020-Q2,4.5867868249377
Q,PG,Papua New Guinea,2020-Q3,4.99309453175364
Q,PG,Papua New Guinea,2020-Q4,5.32612574594665
Q,PG,Papua New Guinea,2021-Q1,6.11935871067318
Q,PG,Papua New Guinea,2021-Q2,5.86047575151478
Q,PG,Papua New Guinea,2021-Q3,5.59569499621186
Q,PG,Papua New Guinea,2021-Q4,6.15624522091609
Q,PG,Papua New Guinea,2022-Q1,5.96515556390067
Q,PG,Papua New Guinea,2022-Q2,6.29302433442722
Q,PG,Papua New Guinea,2022-Q3,6.18901675014121
Q,PG,Papua New Guinea,2022-Q4,4.78350416832427
Q,PG,Papua New Guinea,2023-Q1,5.55827600001177
Q,PG,Papua New Guinea,2023-Q2,5.32924268459287
Q,PG,Papua New Guinea,2023-Q3,5.69653991919586
Q,PG,Papua New Guinea,2023-Q4,5.41890192594108
A,PH,Philippines,2009,3.46095790428879
A,PH,Philippines,2010,3.34951747323682
A,PH,Philippines,2011,2.52887904557003
A,PH,Philippines,2012,2.20068041783046
A,PH,Philippines,2013,2.44086452225224
A,PH,Philippines,2014,2.02468665436274
A,PH,Philippines,2015,1.8854782076355
A,PH,Philippines,2016,1.71584803855675
A,PH,Philippines,2017,1.5793111524775
A,PH,Philippines,2018,1.67363606149179
A,PH,Philippines,2019,1.97428417462379
A,PH,Philippines,2020,3.5324621315646
A,PH,Philippines,2021,3.95540769439997
A,PH,Philippines,2022,3.13384020777967
A,PH,Philippines,2023,3.18581223118339
A,PH,Philippines,2024,3.19767025175541
Q,PH,Philippines,2009-Q1,4.05354734556415
Q,PH,Philippines,2009-Q2,3.8560495679257
Q,PH,Philippines,2009-Q3,3.81467806100494
Q,PH,Philippines,2009-Q4,3.46095790428879
Q,PH,Philippines,2010-Q1,3.77532632300172
Q,PH,Philippines,2010-Q2,3.72217226117902
Q,PH,Philippines,2010-Q3,3.68566675010853
Q,PH,Philippines,2010-Q4,3.34951747323682
Q,PH,Philippines,2011-Q1,3.49036023822278
Q,PH,Philippines,2011-Q2,2.86593445595376
Q,PH,Philippines,2011-Q3,2.99969323624255
Q,PH,Philippines,2011-Q4,2.52887904557003
Q,PH,Philippines,2012-Q1,2.76899686222187
Q,PH,Philippines,2012-Q2,2.39010609533442
Q,PH,Philippines,2012-Q3,2.44380957340886
Q,PH,Philippines,2012-Q4,2.20068041783046
Q,PH,Philippines,2013-Q1,3.23315201258446
Q,PH,Philippines,2013-Q2,3.12262126356168
Q,PH,Philippines,2013-Q3,2.98400955298956
Q,PH,Philippines,2013-Q4,2.44086452225224
Q,PH,Philippines,2014-Q1,2.43206008694962
Q,PH,Philippines,2014-Q2,2.40309697849285
Q,PH,Philippines,2014-Q3,2.27828180015287
Q,PH,Philippines,2014-Q4,2.02468665436274
Q,PH,Philippines,2015-Q1,2.1850509465275
Q,PH,Philippines,2015-Q2,2.13444374833969
Q,PH,Philippines,2015-Q3,2.14313759727254
Q,PH,Philippines,2015-Q4,1.8854782076355
Q,PH,Philippines,2016-Q1,2.01210308806546
Q,PH,Philippines,2016-Q2,1.95367891987895
Q,PH,Philippines,2016-Q3,1.93780708838124
Q,PH,Philippines,2016-Q4,1.71584803855675
Q,PH,Philippines,2017-Q1,1.83997541299794
Q,PH,Philippines,2017-Q2,1.77817815311913
Q,PH,Philippines,2017-Q3,1.75565463701575
Q,PH,Philippines,2017-Q4,1.5793111524775
Q,PH,Philippines,2018-Q1,1.68460272231866
Q,PH,Philippines,2018-Q2,1.76056803854618
Q,PH,Philippines,2018-Q3,1.72758492605471
Q,PH,Philippines,2018-Q4,1.67363606149179
Q,PH,Philippines,2019-Q1,1.9808957156904
Q,PH,Philippines,2019-Q2,2.03192965746481
Q,PH,Philippines,2019-Q3,2.08998829389347
Q,PH,Philippines,2019-Q4,1.97428417462379
Q,PH,Philippines,2020-Q1,2.1813578115958
Q,PH,Philippines,2020-Q2,2.49857364761117
Q,PH,Philippines,2020-Q3,3.43498603584675
Q,PH,Philippines,2020-Q4,3.5324621315646
Q,PH,Philippines,2021-Q1,4.15067423111182
Q,PH,Philippines,2021-Q2,4.4458429061671
Q,PH,Philippines,2021-Q3,4.39166169217825
Q,PH,Philippines,2021-Q4,3.95540769439997
Q,PH,Philippines,2022-Q1,4.04968653835935
Q,PH,Philippines,2022-Q2,3.53959950116583
Q,PH,Philippines,2022-Q3,3.38675266854096
Q,PH,Philippines,2022-Q4,3.13384020777967
Q,PH,Philippines,2023-Q1,3.2945334409605
Q,PH,Philippines,2023-Q2,3.38522685327456
Q,PH,Philippines,2023-Q3,3.33830581942983
Q,PH,Philippines,2023-Q4,3.18581223118339
Q,PH,Philippines,2024-Q1,3.31572606349536
Q,PH,Philippines,2024-Q2,3.48556086075477
Q,PH,Philippines,2024-Q3,3.43497724058965
Q,PH,Philippines,2024-Q4,3.19767025175541
Q,PH,Philippines,2025-Q1,3.25897691988242
A,PK,Pakistan,2013,12.9868868262001
A,PK,Pakistan,2014,12.265792482412
A,PK,Pakistan,2015,11.3588840793988
A,PK,Pakistan,2016,10.055842933819
A,PK,Pakistan,2017,8.42948949057021
A,PK,Pakistan,2018,7.97371472046651
A,PK,Pakistan,2019,8.58202379960379
A,PK,Pakistan,2020,9.18579121790452
A,PK,Pakistan,2021,7.88790949084099
A,PK,Pakistan,2022,6.5448477708157
A,PK,Pakistan,2023,6.62750198888511
A,PK,Pakistan,2024,5.74855628982702
Q,PK,Pakistan,2013-Q4,12.9868868262001
Q,PK,Pakistan,2014-Q1,13.4393079704271
Q,PK,Pakistan,2014-Q2,12.7695903146457
Q,PK,Pakistan,2014-Q3,12.9949058737079
Q,PK,Pakistan,2014-Q4,12.265792482412
Q,PK,Pakistan,2015-Q1,12.8330638147478
Q,PK,Pakistan,2015-Q2,12.4477975519979
Q,PK,Pakistan,2015-Q3,12.4703273493689
Q,PK,Pakistan,2015-Q4,11.3588840793988
Q,PK,Pakistan,2016-Q1,11.6820482411096
Q,PK,Pakistan,2016-Q2,11.1268899795947
Q,PK,Pakistan,2016-Q3,11.3256882155726
Q,PK,Pakistan,2016-Q4,10.055842933819
Q,PK,Pakistan,2017-Q1,9.86415272873235
Q,PK,Pakistan,2017-Q2,9.26830891936904
Q,PK,Pakistan,2017-Q3,9.24803619955475
Q,PK,Pakistan,2017-Q4,8.42948949057021
Q,PK,Pakistan,2018-Q1,8.25669509902739
Q,PK,Pakistan,2018-Q2,7.94076345447256
Q,PK,Pakistan,2018-Q3,7.98993812993721
Q,PK,Pakistan,2018-Q4,7.97371472046651
Q,PK,Pakistan,2019-Q1,8.2154133046288
Q,PK,Pakistan,2019-Q2,8.82153547117491
Q,PK,Pakistan,2019-Q3,8.79074367982631
Q,PK,Pakistan,2019-Q4,8.58202379960379
Q,PK,Pakistan,2020-Q1,9.11412497767112
Q,PK,Pakistan,2020-Q2,9.66777272158711
Q,PK,Pakistan,2020-Q3,9.90573634908458
Q,PK,Pakistan,2020-Q4,9.18579121790452
Q,PK,Pakistan,2021-Q1,9.3343563473441
Q,PK,Pakistan,2021-Q2,8.896168505729
Q,PK,Pakistan,2021-Q3,8.26628088328806
Q,PK,Pakistan,2021-Q4,7.88790949084099
Q,PK,Pakistan,2022-Q1,7.75861223329989
Q,PK,Pakistan,2022-Q2,7.51223912904556
Q,PK,Pakistan,2022-Q3,7.55660718845151
Q,PK,Pakistan,2022-Q4,6.5448477708157
Q,PK,Pakistan,2023-Q1,6.75445427218263
Q,PK,Pakistan,2023-Q2,6.48533503311707
Q,PK,Pakistan,2023-Q3,6.65124993428297
Q,PK,Pakistan,2023-Q4,6.62750198888511
Q,PK,Pakistan,2024-Q1,6.96607538830124
Q,PK,Pakistan,2024-Q2,6.50973815527604
Q,PK,Pakistan,2024-Q3,7.27728018818272
Q,PK,Pakistan,2024-Q4,5.74855628982702
Q,PK,Pakistan,2025-Q1,6.38175344799019
A,PL,Poland,2008,2.82208199288245
A,PL,Poland,2009,4.08301602290229
A,PL,Poland,2010,4.70497582133693
A,PL,Poland,2011,4.53797781890379
A,PL,Poland,2012,4.92137936955479
A,PL,Poland,2013,4.79348889261062
A,PL,Poland,2014,4.61948181975495
A,PL,Poland,2015,4.16510529138445
A,PL,Poland,2016,3.93108996669006
A,PL,Poland,2017,3.83219672759303
A,PL,Poland,2018,3.86657827897154
A,PL,Poland,2019,3.81150994513216
A,PL,Poland,2020,3.71722963023515
A,PL,Poland,2021,2.85023106835435
A,PL,Poland,2022,2.43227662321668
A,PL,Poland,2023,2.32399482814849
A,PL,Poland,2024,1.78153481819135
Q,PL,Poland,2008-Q4,2.82208199288245
Q,PL,Poland,2009-Q1,3.08995141704884
Q,PL,Poland,2009-Q2,3.35199431440011
Q,PL,Poland,2009-Q3,3.93785865451405
Q,PL,Poland,2009-Q4,4.08301602290229
Q,PL,Poland,2010-Q1,4.10125978151964
Q,PL,Poland,2010-Q2,4.5618671928709
Q,PL,Poland,2010-Q3,4.81189816621794
Q,PL,Poland,2010-Q4,4.70497582133693
Q,PL,Poland,2011-Q1,4.68380727013917
Q,PL,Poland,2011-Q2,4.6518616009922
Q,PL,Poland,2011-Q3,4.73383353563536
Q,PL,Poland,2011-Q4,4.53797781890379
Q,PL,Poland,2012-Q1,4.62342250382672
Q,PL,Poland,2012-Q2,4.62809385270134
Q,PL,Poland,2012-Q3,4.94207884601757
Q,PL,Poland,2012-Q4,4.92137936955479
Q,PL,Poland,2013-Q1,5.04414904122934
Q,PL,Poland,2013-Q2,5.04613329436098
Q,PL,Poland,2013-Q3,4.82013143112713
Q,PL,Poland,2013-Q4,4.79348889261062
Q,PL,Poland,2014-Q1,4.67630206938061
Q,PL,Poland,2014-Q2,4.67062337191089
Q,PL,Poland,2014-Q3,4.7555508168447
Q,PL,Poland,2014-Q4,4.61948181975495
Q,PL,Poland,2015-Q1,4.59031542298303
Q,PL,Poland,2015-Q2,4.49720648252153
Q,PL,Poland,2015-Q3,4.56817096123262
Q,PL,Poland,2015-Q4,4.16510529138445
Q,PL,Poland,2016-Q1,4.27220771992688
Q,PL,Poland,2016-Q2,4.19237819877949
Q,PL,Poland,2016-Q3,4.19363215073147
Q,PL,Poland,2016-Q4,3.93108996669006
Q,PL,Poland,2017-Q1,3.93328020884093
Q,PL,Poland,2017-Q2,3.93808723637044
Q,PL,Poland,2017-Q3,3.94518530479395
Q,PL,Poland,2017-Q4,3.83219672759303
Q,PL,Poland,2018-Q1,4.51642941281607
Q,PL,Poland,2018-Q2,4.1270018858666
Q,PL,Poland,2018-Q3,4.04174382429417
Q,PL,Poland,2018-Q4,3.86657827897154
Q,PL,Poland,2019-Q1,3.99911171439274
Q,PL,Poland,2019-Q2,4.03776040656724
Q,PL,Poland,2019-Q3,3.99215023346622
Q,PL,Poland,2019-Q4,3.81150994513216
Q,PL,Poland,2020-Q1,3.80296165902201
Q,PL,Poland,2020-Q2,3.99188861666623
Q,PL,Poland,2020-Q3,4.04566822033032
Q,PL,Poland,2020-Q4,3.71722963023515
Q,PL,Poland,2021-Q1,3.49196481154517
Q,PL,Poland,2021-Q2,3.37308014482422
Q,PL,Poland,2021-Q3,3.27863490308322
Q,PL,Poland,2021-Q4,2.85023106835435
Q,PL,Poland,2022-Q1,2.80595047928358
Q,PL,Poland,2022-Q2,2.69009204633108
Q,PL,Poland,2022-Q3,2.62679981840816
Q,PL,Poland,2022-Q4,2.43227662321668
Q,PL,Poland,2023-Q1,2.62926210292362
Q,PL,Poland,2023-Q2,2.43479871626074
Q,PL,Poland,2023-Q3,2.49892238093878
Q,PL,Poland,2023-Q4,2.32399482814849
Q,PL,Poland,2024-Q1,2.26479006549075
Q,PL,Poland,2024-Q2,2.15945698520993
Q,PL,Poland,2024-Q3,2.04102162107216
Q,PL,Poland,2024-Q4,1.78153481819135
Q,PL,Poland,2025-Q1,1.81271494686077
A,PS,"Palestine, State of",2008,8.16375020057627
A,PS,"Palestine, State of",2009,4.11916461386065
A,PS,"Palestine, State of",2010,3.06818623299833
A,PS,"Palestine, State of",2011,2.76420847054839
A,PS,"Palestine, State of",2012,3.0769175753146
A,PS,"Palestine, State of",2013,2.88247142261907
A,PS,"Palestine, State of",2014,2.54111369062263
A,PS,"Palestine, State of",2015,2.14279238837218
A,PS,"Palestine, State of",2016,2.17901822396472
A,PS,"Palestine, State of",2017,2.31775341068148
A,PS,"Palestine, State of",2018,3.04108365364652
A,PS,"Palestine, State of",2019,4.111398726013
A,PS,"Palestine, State of",2020,4.23551043671952
A,PS,"Palestine, State of",2021,3.0603854595832
A,PS,"Palestine, State of",2022,3.24787375179429
A,PS,"Palestine, State of",2023,3.41872677629683
Q,PS,"Palestine, State of",2008-Q4,8.16375020057627
Q,PS,"Palestine, State of",2009-Q1,6.9925508380694
Q,PS,"Palestine, State of",2009-Q2,5.07955011989524
Q,PS,"Palestine, State of",2009-Q3,4.62343431028226
Q,PS,"Palestine, State of",2009-Q4,4.11916461386065
Q,PS,"Palestine, State of",2010-Q1,3.41632451049585
Q,PS,"Palestine, State of",2010-Q2,3.14018352205477
Q,PS,"Palestine, State of",2010-Q3,3.00596315557764
Q,PS,"Palestine, State of",2010-Q4,3.06818623299833
Q,PS,"Palestine, State of",2011-Q1,2.87850466258833
Q,PS,"Palestine, State of",2011-Q2,2.75867481039002
Q,PS,"Palestine, State of",2011-Q3,3.16463613089707
Q,PS,"Palestine, State of",2011-Q4,2.76420847054839
Q,PS,"Palestine, State of",2012-Q1,3.22237610125164
Q,PS,"Palestine, State of",2012-Q2,3.04966821144667
Q,PS,"Palestine, State of",2012-Q3,3.44081616437247
Q,PS,"Palestine, State of",2012-Q4,3.0769175753146
Q,PS,"Palestine, State of",2013-Q1,3.18174004755782
Q,PS,"Palestine, State of",2013-Q2,3.1249647772926
Q,PS,"Palestine, State of",2013-Q3,2.91534764529738
Q,PS,"Palestine, State of",2013-Q4,2.88247142261907
Q,PS,"Palestine, State of",2014-Q1,2.84057713338132
Q,PS,"Palestine, State of",2014-Q2,2.62493419641633
Q,PS,"Palestine, State of",2014-Q3,2.65223947089432
Q,PS,"Palestine, State of",2014-Q4,2.54111369062263
Q,PS,"Palestine, State of",2015-Q1,2.65190593647984
Q,PS,"Palestine, State of",2015-Q2,2.49063802059672
Q,PS,"Palestine, State of",2015-Q3,2.50821868953282
Q,PS,"Palestine, State of",2015-Q4,2.14279238837218
Q,PS,"Palestine, State of",2016-Q1,2.04979437448197
Q,PS,"Palestine, State of",2016-Q2,1.97213088478172
Q,PS,"Palestine, State of",2016-Q3,2.18293159712258
Q,PS,"Palestine, State of",2016-Q4,2.17901822396472
Q,PS,"Palestine, State of",2017-Q1,2.23800266376876
Q,PS,"Palestine, State of",2017-Q2,2.36164273278732
Q,PS,"Palestine, State of",2017-Q3,2.40308820068066
Q,PS,"Palestine, State of",2017-Q4,2.31775341068148
Q,PS,"Palestine, State of",2018-Q1,2.32935629100004
Q,PS,"Palestine, State of",2018-Q2,2.89283689785303
Q,PS,"Palestine, State of",2018-Q3,3.13629300512285
Q,PS,"Palestine, State of",2018-Q4,3.04108365364652
Q,PS,"Palestine, State of",2019-Q1,3.24426601007089
Q,PS,"Palestine, State of",2019-Q2,3.59377800082979
Q,PS,"Palestine, State of",2019-Q3,3.8852011630003
Q,PS,"Palestine, State of",2019-Q4,4.111398726013
Q,PS,"Palestine, State of",2020-Q1,3.96355925315561
Q,PS,"Palestine, State of",2020-Q2,3.85237136229277
Q,PS,"Palestine, State of",2020-Q3,3.73711820226654
Q,PS,"Palestine, State of",2020-Q4,4.23551043671952
Q,PS,"Palestine, State of",2021-Q1,4.21218542596514
Q,PS,"Palestine, State of",2021-Q2,4.24087468563901
Q,PS,"Palestine, State of",2021-Q3,4.2859661506055
Q,PS,"Palestine, State of",2021-Q4,3.0603854595832
Q,PS,"Palestine, State of",2022-Q1,3.11015914246446
Q,PS,"Palestine, State of",2022-Q2,3.14530444154801
Q,PS,"Palestine, State of",2022-Q3,3.08405880429102
Q,PS,"Palestine, State of",2022-Q4,3.24787375179429
Q,PS,"Palestine, State of",2023-Q1,3.16558038345991
Q,PS,"Palestine, State of",2023-Q2,3.25519792929992
Q,PS,"Palestine, State of",2023-Q3,3.23186554839666
Q,PS,"Palestine, State of",2023-Q4,3.41872677629683
Q,PS,"Palestine, State of",2024-Q1,3.4332224688833
Q,PS,"Palestine, State of",2024-Q2,3.42919862768092
A,PT,Portugal,2007,2.37236947556609
A,PT,Portugal,2008,3.17012357767062
A,PT,Portugal,2009,4.42222952437869
A,PT,Portugal,2010,4.74909977651922
A,PT,Portugal,2011,6.48771084192156
A,PT,Portugal,2012,8.3553897948376
A,PT,Portugal,2013,9.39903129519505
A,PT,Portugal,2014,10.7274663890105
A,PT,Portugal,2015,17.3789600489291
A,PT,Portugal,2016,16.9708730659224
A,PT,Portugal,2017,13.9391320816444
A,PT,Portugal,2018,9.99001447110769
A,PT,Portugal,2019,6.68032951312389
A,PT,Portugal,2020,5.49744918795136
A,PT,Portugal,2021,4.50030952191169
A,PT,Portugal,2022,3.54796128645131
A,PT,Portugal,2023,3.13622776694512
A,PT,Portugal,2024,2.79903787530181
Q,PT,Portugal,2007-Q4,2.37236947556609
Q,PT,Portugal,2008-Q4,3.17012357767062
Q,PT,Portugal,2009-Q4,4.42222952437869
Q,PT,Portugal,2010-Q1,4.73211144973067
Q,PT,Portugal,2010-Q2,4.91645412288302
Q,PT,Portugal,2010-Q3,5.21331502079415
Q,PT,Portugal,2010-Q4,4.74909977651922
Q,PT,Portugal,2011-Q1,5.09011481664788
Q,PT,Portugal,2011-Q2,5.65457542989064
Q,PT,Portugal,2011-Q3,6.2721409904988
Q,PT,Portugal,2011-Q4,6.48771084192156
Q,PT,Portugal,2012-Q1,6.94357618709211
Q,PT,Portugal,2012-Q2,7.84215293216662
Q,PT,Portugal,2012-Q3,8.43363592649519
Q,PT,Portugal,2012-Q4,8.3553897948376
Q,PT,Portugal,2013-Q1,8.9490534111572
Q,PT,Portugal,2013-Q2,9.07595791471389
Q,PT,Portugal,2013-Q3,9.95240852015285
Q,PT,Portugal,2013-Q4,9.39903129519505
Q,PT,Portugal,2014-Q1,9.65061455036776
Q,PT,Portugal,2014-Q2,10.0315472994339
Q,PT,Portugal,2014-Q3,10.5548415494256
Q,PT,Portugal,2014-Q4,10.7274663890105
Q,PT,Portugal,2015-Q1,11.1109495194587
Q,PT,Portugal,2015-Q2,11.4153320198715
Q,PT,Portugal,2015-Q3,12.0744606544314
Q,PT,Portugal,2015-Q4,17.3789600489291
Q,PT,Portugal,2016-Q1,17.7082609960976
Q,PT,Portugal,2016-Q2,17.8129216403812
Q,PT,Portugal,2016-Q3,17.4925463581453
Q,PT,Portugal,2016-Q4,16.9708730659224
Q,PT,Portugal,2017-Q1,16.491802468926
Q,PT,Portugal,2017-Q2,15.7276451117457
Q,PT,Portugal,2017-Q3,14.8636459470581
Q,PT,Portugal,2017-Q4,13.9391320816444
Q,PT,Portugal,2018-Q1,13.2631485783952
Q,PT,Portugal,2018-Q2,12.4639189285984
Q,PT,Portugal,2018-Q3,11.9594621914238
Q,PT,Portugal,2018-Q4,9.99001447110769
Q,PT,Portugal,2019-Q1,9.43645336072254
Q,PT,Portugal,2019-Q2,8.79770997831732
Q,PT,Portugal,2019-Q3,8.17633015675168
Q,PT,Portugal,2019-Q4,6.68032951312389
Q,PT,Portugal,2020-Q1,6.43508398220241
Q,PT,Portugal,2020-Q2,6.20161031314278
Q,PT,Portugal,2020-Q3,5.88556418582955
Q,PT,Portugal,2020-Q4,5.49744918795136
Q,PT,Portugal,2021-Q1,5.33292260312891
Q,PT,Portugal,2021-Q2,5.05013817794823
Q,PT,Portugal,2021-Q3,4.8117197167449
Q,PT,Portugal,2021-Q4,4.50030952191169
Q,PT,Portugal,2022-Q1,4.36674318501935
Q,PT,Portugal,2022-Q2,4.1514102335259
Q,PT,Portugal,2022-Q3,3.87874401789988
Q,PT,Portugal,2022-Q4,3.54796128645131
Q,PT,Portugal,2023-Q1,3.53096601783942
Q,PT,Portugal,2023-Q2,3.52755740724201
Q,PT,Portugal,2023-Q3,3.31646652810548
Q,PT,Portugal,2023-Q4,3.13622776694512
Q,PT,Portugal,2024-Q1,3.13308684649459
Q,PT,Portugal,2024-Q2,3.11061378400728
Q,PT,Portugal,2024-Q3,3.06832629434398
Q,PT,Portugal,2024-Q4,2.79903787530181
Q,PT,Portugal,2025-Q1,2.65242427318824
A,PY,Paraguay,2005,6.33264116001512
A,PY,Paraguay,2006,3.61939916991482
A,PY,Paraguay,2007,1.71544749456709
A,PY,Paraguay,2008,1.45181945755595
A,PY,Paraguay,2009,1.78003061458852
A,PY,Paraguay,2010,1.4010876948939
A,PY,Paraguay,2011,1.83523658940739
A,PY,Paraguay,2012,2.20384579352775
A,PY,Paraguay,2013,2.11861395253395
A,PY,Paraguay,2014,1.97311796838353
A,PY,Paraguay,2015,2.59062284109355
A,PY,Paraguay,2016,2.94129442146301
A,PY,Paraguay,2017,2.81149859231849
A,PY,Paraguay,2018,2.51201792418916
A,PY,Paraguay,2019,2.55783203788198
A,PY,Paraguay,2020,2.40998045807585
A,PY,Paraguay,2021,2.27497152681095
A,PY,Paraguay,2022,2.93867130781921
A,PY,Paraguay,2023,3.01257810747373
A,PY,Paraguay,2024,2.27373991973218
Q,PY,Paraguay,2005-Q1,10.0088413219467
Q,PY,Paraguay,2005-Q2,9.77209130911799
Q,PY,Paraguay,2005-Q3,8.33442875864117
Q,PY,Paraguay,2005-Q4,6.33264116001512
Q,PY,Paraguay,2006-Q1,5.54773931845992
Q,PY,Paraguay,2006-Q2,5.77617986454132
Q,PY,Paraguay,2006-Q3,5.2156713238819
Q,PY,Paraguay,2006-Q4,3.61939916991482
Q,PY,Paraguay,2007-Q1,3.31171723640707
Q,PY,Paraguay,2007-Q2,2.96349202958437
Q,PY,Paraguay,2007-Q3,2.38685742585191
Q,PY,Paraguay,2007-Q4,1.71544749456709
Q,PY,Paraguay,2008-Q1,1.69903929791146
Q,PY,Paraguay,2008-Q2,1.57894548699538
Q,PY,Paraguay,2008-Q3,1.41128668335088
Q,PY,Paraguay,2008-Q4,1.45181945755595
Q,PY,Paraguay,2009-Q1,1.8101331540973
Q,PY,Paraguay,2009-Q2,2.1250552554018
Q,PY,Paraguay,2009-Q3,2.07675268286907
Q,PY,Paraguay,2009-Q4,1.78003061458852
Q,PY,Paraguay,2010-Q1,1.81050163108671
Q,PY,Paraguay,2010-Q2,1.86430047001256
Q,PY,Paraguay,2010-Q3,1.74975343212108
Q,PY,Paraguay,2010-Q4,1.4010876948939
Q,PY,Paraguay,2011-Q1,1.60837637596683
Q,PY,Paraguay,2011-Q2,1.74350576811275
Q,PY,Paraguay,2011-Q3,1.95915306697643
Q,PY,Paraguay,2011-Q4,1.83523658940739
Q,PY,Paraguay,2012-Q1,2.14953280441274
Q,PY,Paraguay,2012-Q2,2.37831442378985
Q,PY,Paraguay,2012-Q3,2.4771382014217
Q,PY,Paraguay,2012-Q4,2.20384579352775
Q,PY,Paraguay,2013-Q1,2.4272049069367
Q,PY,Paraguay,2013-Q2,2.50829035325281
Q,PY,Paraguay,2013-Q3,2.4106939299664
Q,PY,Paraguay,2013-Q4,2.11861395253395
Q,PY,Paraguay,2014-Q1,2.32781026685013
Q,PY,Paraguay,2014-Q2,2.42846810597585
Q,PY,Paraguay,2014-Q3,2.28012880606326
Q,PY,Paraguay,2014-Q4,1.97311796838353
Q,PY,Paraguay,2015-Q1,2.19565434684283
Q,PY,Paraguay,2015-Q2,2.58893773508188
Q,PY,Paraguay,2015-Q3,2.61177198584578
Q,PY,Paraguay,2015-Q4,2.59062284109355
Q,PY,Paraguay,2016-Q1,2.89600355443164
Q,PY,Paraguay,2016-Q2,3.2000526819849
Q,PY,Paraguay,2016-Q3,3.32580179415506
Q,PY,Paraguay,2016-Q4,2.94129442146301
Q,PY,Paraguay,2017-Q1,3.21866973351072
Q,PY,Paraguay,2017-Q2,3.38762190995512
Q,PY,Paraguay,2017-Q3,3.49892327550529
Q,PY,Paraguay,2017-Q4,2.81149859231849
Q,PY,Paraguay,2018-Q1,3.06984951721582
Q,PY,Paraguay,2018-Q2,3.18294858525267
Q,PY,Paraguay,2018-Q3,3.03859541884766
Q,PY,Paraguay,2018-Q4,2.51201792418916
Q,PY,Paraguay,2019-Q1,2.85924105130651
Q,PY,Paraguay,2019-Q2,3.10999704547147
Q,PY,Paraguay,2019-Q3,3.18683704227839
Q,PY,Paraguay,2019-Q4,2.55783203788198
Q,PY,Paraguay,2020-Q1,3.19635128692865
Q,PY,Paraguay,2020-Q2,3.3046184617485
Q,PY,Paraguay,2020-Q3,2.93342021707542
Q,PY,Paraguay,2020-Q4,2.40998045807585
Q,PY,Paraguay,2021-Q1,2.83367797836306
Q,PY,Paraguay,2021-Q2,2.91922331208627
Q,PY,Paraguay,2021-Q3,2.98498658903928
Q,PY,Paraguay,2021-Q4,2.27497152681095
Q,PY,Paraguay,2022-Q1,2.64178297998404
Q,PY,Paraguay,2022-Q2,3.09631911109474
Q,PY,Paraguay,2022-Q3,3.27271903664272
Q,PY,Paraguay,2022-Q4,2.93867130781921
Q,PY,Paraguay,2023-Q1,3.34569751805339
Q,PY,Paraguay,2023-Q2,3.69490532826484
Q,PY,Paraguay,2023-Q3,3.4340262518604
Q,PY,Paraguay,2023-Q4,3.01257810747373
Q,PY,Paraguay,2024-Q1,3.30728346583998
Q,PY,Paraguay,2024-Q2,2.86953905236123
Q,PY,Paraguay,2024-Q3,2.62907152304933
Q,PY,Paraguay,2024-Q4,2.27373991973218
Q,PY,Paraguay,2025-Q1,2.39107675386254
A,RO,Romania,2007,2.58539372816182
A,RO,Romania,2008,2.74650265367714
A,RO,Romania,2009,7.89184425906007
A,RO,Romania,2010,11.8538634983107
A,RO,Romania,2011,14.3279565951415
A,RO,Romania,2012,18.2374449705832
A,RO,Romania,2013,21.8729747751981
A,RO,Romania,2014,13.9376956709833
A,RO,Romania,2015,16.1343770279822
A,RO,Romania,2016,11.3821126641512
A,RO,Romania,2017,7.6552442828254
A,RO,Romania,2018,5.5906914044142
A,RO,Romania,2019,4.70370876212337
A,RO,Romania,2020,4.52148801977923
A,RO,Romania,2021,3.86600747872832
A,RO,Romania,2022,3.04351613618209
A,RO,Romania,2023,2.90081433195069
A,RO,Romania,2024,2.84615726921326
Q,RO,Romania,2010-Q1,9.11481021468866
Q,RO,Romania,2010-Q2,10.1999641625025
Q,RO,Romania,2010-Q3,11.6677949314842
Q,RO,Romania,2010-Q4,11.8538634983107
Q,RO,Romania,2011-Q1,12.7137029991026
Q,RO,Romania,2011-Q2,13.3488659102176
Q,RO,Romania,2011-Q3,14.1807410402564
Q,RO,Romania,2011-Q4,14.3279565951415
Q,RO,Romania,2012-Q1,15.8817696097595
Q,RO,Romania,2012-Q2,16.7581667727378
Q,RO,Romania,2012-Q3,17.3443931940922
Q,RO,Romania,2012-Q4,18.2374449705832
Q,RO,Romania,2013-Q1,19.0779427712015
Q,RO,Romania,2013-Q2,20.3041923715207
Q,RO,Romania,2013-Q3,21.5603985866151
Q,RO,Romania,2013-Q4,21.8729747751981
Q,RO,Romania,2014-Q1,22.2632843521478
Q,RO,Romania,2014-Q2,19.1899868310989
Q,RO,Romania,2014-Q3,15.325083995149
Q,RO,Romania,2014-Q4,13.9376956709833
Q,RO,Romania,2015-Q1,13.8549320382781
Q,RO,Romania,2015-Q2,18.4003579303567
Q,RO,Romania,2015-Q3,17.5056365738882
Q,RO,Romania,2015-Q4,16.1343770279822
Q,RO,Romania,2016-Q1,15.4361117387567
Q,RO,Romania,2016-Q2,13.0738868429527
Q,RO,Romania,2016-Q3,11.4000884766969
Q,RO,Romania,2016-Q4,11.3821126641512
Q,RO,Romania,2017-Q1,10.7262061263909
Q,RO,Romania,2017-Q2,9.47585269426738
Q,RO,Romania,2017-Q3,8.81167591864816
Q,RO,Romania,2017-Q4,7.6552442828254
Q,RO,Romania,2018-Q1,7.19318595394924
Q,RO,Romania,2018-Q2,6.39846283511694
Q,RO,Romania,2018-Q3,6.1908310945364
Q,RO,Romania,2018-Q4,5.5906914044142
Q,RO,Romania,2019-Q1,5.40229238426895
Q,RO,Romania,2019-Q2,5.34859030429811
Q,RO,Romania,2019-Q3,5.10694753259189
Q,RO,Romania,2019-Q4,4.70370876212337
Q,RO,Romania,2020-Q1,4.42233730611
Q,RO,Romania,2020-Q2,4.91117025887671
Q,RO,Romania,2020-Q3,4.53697867207918
Q,RO,Romania,2020-Q4,4.52148801977923
Q,RO,Romania,2021-Q1,4.44712072101792
Q,RO,Romania,2021-Q2,4.29966759243533
Q,RO,Romania,2021-Q3,4.09993319674876
Q,RO,Romania,2021-Q4,3.86600747872832
Q,RO,Romania,2022-Q1,3.69240724245859
Q,RO,Romania,2022-Q2,3.39151335761502
Q,RO,Romania,2022-Q3,3.12545513309238
Q,RO,Romania,2022-Q4,3.04351613618209
Q,RO,Romania,2023-Q1,3.18752720254398
Q,RO,Romania,2023-Q2,3.09411152898697
Q,RO,Romania,2023-Q3,3.02536171437715
Q,RO,Romania,2023-Q4,2.90081433195069
Q,RO,Romania,2024-Q1,2.8725014488639
Q,RO,Romania,2024-Q2,3.03790505584019
Q,RO,Romania,2024-Q3,2.99312342073106
Q,RO,Romania,2024-Q4,2.84615726921326
Q,RO,Romania,2025-Q1,2.93117520098841
A,RU,Russian Federation,2008,3.81172366116838
A,RU,Russian Federation,2009,9.58055783170298
A,RU,Russian Federation,2010,8.30661167313489
A,RU,Russian Federation,2011,6.62814262110441
A,RU,Russian Federation,2012,6.05937220678028
A,RU,Russian Federation,2013,6.01730651081845
A,RU,Russian Federation,2014,6.81325840246745
A,RU,Russian Federation,2015,8.37596711898549
A,RU,Russian Federation,2016,9.24076995498895
A,RU,Russian Federation,2017,9.65589344602212
A,RU,Russian Federation,2018,9.74675740899048
A,RU,Russian Federation,2019,8.82848632528604
A,RU,Russian Federation,2020,8.16184118410632
A,RU,Russian Federation,2021,6.1013544484352
A,RU,Russian Federation,2022,5.50983446091328
A,RU,Russian Federation,2023,4.50692606999785
Q,RU,Russian Federation,2008-Q4,3.81172366116838
Q,RU,Russian Federation,2009-Q2,7.65579148858685
Q,RU,Russian Federation,2009-Q4,9.58055783170298
Q,RU,Russian Federation,2010-Q1,9.70622831082937
Q,RU,Russian Federation,2010-Q2,9.50540773555976
Q,RU,Russian Federation,2010-Q3,9.26047897132293
Q,RU,Russian Federation,2010-Q4,8.30661167313489
Q,RU,Russian Federation,2011-Q1,8.15644474106078
Q,RU,Russian Federation,2011-Q2,7.87039026652768
Q,RU,Russian Federation,2011-Q3,7.28252105443472
Q,RU,Russian Federation,2011-Q4,6.62814262110441
Q,RU,Russian Federation,2012-Q1,6.68622839263447
Q,RU,Russian Federation,2012-Q2,6.5817950246158
Q,RU,Russian Federation,2012-Q3,6.48795561775968
Q,RU,Russian Federation,2012-Q4,6.05937220678028
Q,RU,Russian Federation,2013-Q1,6.27191749830733
Q,RU,Russian Federation,2013-Q2,6.3263784535396
Q,RU,Russian Federation,2013-Q3,6.35711711473293
Q,RU,Russian Federation,2013-Q4,6.01730651081845
Q,RU,Russian Federation,2014-Q1,6.36874428157653
Q,RU,Russian Federation,2014-Q2,6.52598463777539
Q,RU,Russian Federation,2014-Q3,6.63352997073876
Q,RU,Russian Federation,2014-Q4,6.81325840246745
Q,RU,Russian Federation,2015-Q1,7.568494513706
Q,RU,Russian Federation,2015-Q2,8.26845310162954
Q,RU,Russian Federation,2015-Q3,8.33021424959182
Q,RU,Russian Federation,2015-Q4,8.37596711898549
Q,RU,Russian Federation,2016-Q1,9.09786971544199
Q,RU,Russian Federation,2016-Q2,9.55821710835109
Q,RU,Russian Federation,2016-Q3,9.48211835198366
Q,RU,Russian Federation,2016-Q4,9.24076995498895
Q,RU,Russian Federation,2017-Q1,9.5045708782086
Q,RU,Russian Federation,2017-Q2,9.56117993312405
Q,RU,Russian Federation,2017-Q3,9.82561049629927
Q,RU,Russian Federation,2017-Q4,9.65589344602212
Q,RU,Russian Federation,2018-Q1,10.3583459423847
Q,RU,Russian Federation,2018-Q2,10.529661555197
Q,RU,Russian Federation,2018-Q3,10.2889785227562
Q,RU,Russian Federation,2018-Q4,9.74675740899048
Q,RU,Russian Federation,2019-Q1,9.86012413025035
Q,RU,Russian Federation,2019-Q2,9.82115959637187
Q,RU,Russian Federation,2019-Q3,9.59274759778763
Q,RU,Russian Federation,2019-Q4,8.82848632528604
Q,RU,Russian Federation,2020-Q1,8.96146868556839
Q,RU,Russian Federation,2020-Q2,8.95307261637483
Q,RU,Russian Federation,2020-Q3,8.63708575781059
Q,RU,Russian Federation,2020-Q4,8.16184118410632
Q,RU,Russian Federation,2021-Q1,7.94611181409532
Q,RU,Russian Federation,2021-Q2,7.48843495608778
Q,RU,Russian Federation,2021-Q3,6.91860140894496
Q,RU,Russian Federation,2021-Q4,6.1013544484352
Q,RU,Russian Federation,2022-Q1,6.19268867316999
Q,RU,Russian Federation,2022-Q2,6.31783452369175
Q,RU,Russian Federation,2022-Q3,6.10931785745522
Q,RU,Russian Federation,2022-Q4,5.50983446091328
Q,RU,Russian Federation,2023-Q1,5.4135563737951
Q,RU,Russian Federation,2023-Q2,5.32596779094559
Q,RU,Russian Federation,2023-Q3,4.97372378963756
Q,RU,Russian Federation,2023-Q4,4.50692606999785
Q,RU,Russian Federation,2024-Q1,4.58083931649606
A,RW,Rwanda,2008,10.6190849328519
A,RW,Rwanda,2009,9.32328577526062
A,RW,Rwanda,2010,8.06311329277669
A,RW,Rwanda,2011,6.18036484427647
A,RW,Rwanda,2012,6.36788135427598
A,RW,Rwanda,2013,6.05632087194989
A,RW,Rwanda,2014,5.22347933148058
A,RW,Rwanda,2015,5.90612714724265
A,RW,Rwanda,2016,7.08391549135576
A,RW,Rwanda,2017,7.2249358724129
A,RW,Rwanda,2018,4.50860787734398
A,RW,Rwanda,2019,4.03178162490704
A,RW,Rwanda,2020,4.3246107437271
A,RW,Rwanda,2021,5.3871229062454
A,RW,Rwanda,2022,3.70368041864366
A,RW,Rwanda,2023,4.6428027275821
A,RW,Rwanda,2024,4.18430963986443
Q,RW,Rwanda,2008-Q1,11.9904602695036
Q,RW,Rwanda,2008-Q2,11.4432717913578
Q,RW,Rwanda,2008-Q3,11.315192766441
Q,RW,Rwanda,2008-Q4,10.6190849328519
Q,RW,Rwanda,2009-Q1,11.3590286336525
Q,RW,Rwanda,2009-Q2,9.91037576683524
Q,RW,Rwanda,2009-Q3,9.87251649456438
Q,RW,Rwanda,2009-Q4,9.32328577526062
Q,RW,Rwanda,2010-Q1,9.30788177456258
Q,RW,Rwanda,2010-Q2,9.2749840714259
Q,RW,Rwanda,2010-Q3,9.79293159502979
Q,RW,Rwanda,2010-Q4,8.06311329277669
Q,RW,Rwanda,2011-Q1,7.76519088252996
Q,RW,Rwanda,2011-Q2,6.75536790747112
Q,RW,Rwanda,2011-Q3,7.41189908378794
Q,RW,Rwanda,2011-Q4,6.18036484427647
Q,RW,Rwanda,2012-Q1,5.04419166942447
Q,RW,Rwanda,2012-Q2,5.14704731667558
Q,RW,Rwanda,2012-Q3,5.7132099410953
Q,RW,Rwanda,2012-Q4,6.36788135427598
Q,RW,Rwanda,2013-Q1,6.11491107574823
Q,RW,Rwanda,2013-Q2,5.89895489372269
Q,RW,Rwanda,2013-Q3,6.25798209149782
Q,RW,Rwanda,2013-Q4,6.05632087194989
Q,RW,Rwanda,2014-Q1,5.75492546377688
Q,RW,Rwanda,2014-Q2,5.22057073546943
Q,RW,Rwanda,2014-Q3,5.29630147150004
Q,RW,Rwanda,2014-Q4,5.22347933148058
Q,RW,Rwanda,2015-Q1,5.65752352348526
Q,RW,Rwanda,2015-Q2,5.49711140781101
Q,RW,Rwanda,2015-Q3,5.84979293742197
Q,RW,Rwanda,2015-Q4,5.90612714724265
Q,RW,Rwanda,2016-Q1,5.96254088117962
Q,RW,Rwanda,2016-Q2,7.01643616299108
Q,RW,Rwanda,2016-Q3,7.44161104536296
Q,RW,Rwanda,2016-Q4,7.08391549135576
Q,RW,Rwanda,2017-Q1,7.75634876593897
Q,RW,Rwanda,2017-Q2,7.70880786352676
Q,RW,Rwanda,2017-Q3,7.30762131156516
Q,RW,Rwanda,2017-Q4,7.2249358724129
Q,RW,Rwanda,2018-Q1,6.30115270780539
Q,RW,Rwanda,2018-Q2,6.51165567967905
Q,RW,Rwanda,2018-Q3,5.10415778957187
Q,RW,Rwanda,2018-Q4,4.50860787734398
Q,RW,Rwanda,2019-Q1,4.5462657507041
Q,RW,Rwanda,2019-Q2,4.88526990672074
Q,RW,Rwanda,2019-Q3,4.52163468247825
Q,RW,Rwanda,2019-Q4,4.03178162490704
Q,RW,Rwanda,2020-Q1,4.71220838800298
Q,RW,Rwanda,2020-Q2,4.97339514520541
Q,RW,Rwanda,2020-Q3,4.91741667119963
Q,RW,Rwanda,2020-Q4,4.3246107437271
Q,RW,Rwanda,2021-Q1,6.27497520677901
Q,RW,Rwanda,2021-Q2,6.35908440945442
Q,RW,Rwanda,2021-Q3,5.68841764818632
Q,RW,Rwanda,2021-Q4,5.3871229062454
Q,RW,Rwanda,2022-Q1,5.53645834939765
Q,RW,Rwanda,2022-Q2,5.28023348598375
Q,RW,Rwanda,2022-Q3,4.91029945325689
Q,RW,Rwanda,2022-Q4,3.70368041864366
Q,RW,Rwanda,2023-Q1,4.67019507508585
Q,RW,Rwanda,2023-Q2,4.71903327747349
Q,RW,Rwanda,2023-Q3,5.58959678109765
Q,RW,Rwanda,2023-Q4,4.6428027275821
Q,RW,Rwanda,2024-Q1,5.67617518430864
Q,RW,Rwanda,2024-Q2,5.47974644881964
Q,RW,Rwanda,2024-Q3,5.3259090037165
Q,RW,Rwanda,2024-Q4,4.18430963986443
A,SA,Saudi Arabia,2009,3.28697148338664
A,SA,Saudi Arabia,2010,2.96818471895203
A,SA,Saudi Arabia,2011,2.22411986474196
A,SA,Saudi Arabia,2012,1.6697936801687
A,SA,Saudi Arabia,2013,1.30683882837442
A,SA,Saudi Arabia,2014,1.08033805274768
A,SA,Saudi Arabia,2015,1.23698687005173
A,SA,Saudi Arabia,2016,1.38335895995773
A,SA,Saudi Arabia,2017,1.61364907195792
A,SA,Saudi Arabia,2018,1.95231785727138
A,SA,Saudi Arabia,2019,1.85839038526169
A,SA,Saudi Arabia,2020,2.21159921239074
A,SA,Saudi Arabia,2021,1.86810170169938
A,SA,Saudi Arabia,2022,1.80253047265235
A,SA,Saudi Arabia,2023,1.51347587802945
A,SA,Saudi Arabia,2024,1.24535587233852
Q,SA,Saudi Arabia,2009-Q1,1.44056252480491
Q,SA,Saudi Arabia,2009-Q2,2.06456185154547
Q,SA,Saudi Arabia,2009-Q3,2.94057034688373
Q,SA,Saudi Arabia,2009-Q4,3.28697148338664
Q,SA,Saudi Arabia,2010-Q1,3.28869573383843
Q,SA,Saudi Arabia,2010-Q2,3.2845032169847
Q,SA,Saudi Arabia,2010-Q3,3.22966186985702
Q,SA,Saudi Arabia,2010-Q4,2.96818471895203
Q,SA,Saudi Arabia,2011-Q1,2.75657903212316
Q,SA,Saudi Arabia,2011-Q2,2.54530766645283
Q,SA,Saudi Arabia,2011-Q3,2.39586179482959
Q,SA,Saudi Arabia,2011-Q4,2.22411986474196
Q,SA,Saudi Arabia,2012-Q1,1.95616284624914
Q,SA,Saudi Arabia,2012-Q2,1.77455621794098
Q,SA,Saudi Arabia,2012-Q3,1.82459464975382
Q,SA,Saudi Arabia,2012-Q4,1.6697936801687
Q,SA,Saudi Arabia,2013-Q1,1.72402383788833
Q,SA,Saudi Arabia,2013-Q2,1.4555261110672
Q,SA,Saudi Arabia,2013-Q3,1.39572313348577
Q,SA,Saudi Arabia,2013-Q4,1.30683882837442
Q,SA,Saudi Arabia,2014-Q1,1.28213387607699
Q,SA,Saudi Arabia,2014-Q2,1.37216345182155
Q,SA,Saudi Arabia,2014-Q3,1.32159149752593
Q,SA,Saudi Arabia,2014-Q4,1.08033805274768
Q,SA,Saudi Arabia,2015-Q1,1.24905936941309
Q,SA,Saudi Arabia,2015-Q2,1.22644419446162
Q,SA,Saudi Arabia,2015-Q3,1.2225441993271
Q,SA,Saudi Arabia,2015-Q4,1.23698687005173
Q,SA,Saudi Arabia,2016-Q1,1.24718813269704
Q,SA,Saudi Arabia,2016-Q2,1.21896336114313
Q,SA,Saudi Arabia,2016-Q3,1.26798650400366
Q,SA,Saudi Arabia,2016-Q4,1.38335895995773
Q,SA,Saudi Arabia,2017-Q1,1.41264727882255
Q,SA,Saudi Arabia,2017-Q2,1.40002921092771
Q,SA,Saudi Arabia,2017-Q3,1.48495910673856
Q,SA,Saudi Arabia,2017-Q4,1.61364907195792
Q,SA,Saudi Arabia,2018-Q1,1.68577748556959
Q,SA,Saudi Arabia,2018-Q2,1.75510429010785
Q,SA,Saudi Arabia,2018-Q3,1.8253264564291
Q,SA,Saudi Arabia,2018-Q4,1.95231785727138
Q,SA,Saudi Arabia,2019-Q1,1.94484738406172
Q,SA,Saudi Arabia,2019-Q2,1.89560890551471
Q,SA,Saudi Arabia,2019-Q3,1.89638755804586
Q,SA,Saudi Arabia,2019-Q4,1.85839038526169
Q,SA,Saudi Arabia,2020-Q1,1.8632821595706
Q,SA,Saudi Arabia,2020-Q2,2.23977314202881
Q,SA,Saudi Arabia,2020-Q3,2.23838777747958
Q,SA,Saudi Arabia,2020-Q4,2.21159921239074
Q,SA,Saudi Arabia,2021-Q1,2.1925531087203
Q,SA,Saudi Arabia,2021-Q2,2.13137686537468
Q,SA,Saudi Arabia,2021-Q3,2.05246633578749
Q,SA,Saudi Arabia,2021-Q4,1.86810170169938
Q,SA,Saudi Arabia,2022-Q1,1.82294179013461
Q,SA,Saudi Arabia,2022-Q2,1.8484882386507
Q,SA,Saudi Arabia,2022-Q3,1.80471867225914
Q,SA,Saudi Arabia,2022-Q4,1.80253047265235
Q,SA,Saudi Arabia,2023-Q1,1.73998031877112
Q,SA,Saudi Arabia,2023-Q2,1.71746820725891
Q,SA,Saudi Arabia,2023-Q3,1.63779963412409
Q,SA,Saudi Arabia,2023-Q4,1.51347587802945
Q,SA,Saudi Arabia,2024-Q1,1.42255523209917
Q,SA,Saudi Arabia,2024-Q2,1.36628420983658
Q,SA,Saudi Arabia,2024-Q3,1.31533174004614
Q,SA,Saudi Arabia,2024-Q4,1.24535587233852
Q,SA,Saudi Arabia,2025-Q1,1.20736118640534
A,SB,Solomon Islands,2010,9.27355570762364
A,SB,Solomon Islands,2011,5.72832384196683
A,SB,Solomon Islands,2012,3.57433837836802
A,SB,Solomon Islands,2013,7.02695775360135
A,SB,Solomon Islands,2014,4.6845586921618
A,SB,Solomon Islands,2015,4.13158152400069
A,SB,Solomon Islands,2016,3.8430068325085
A,SB,Solomon Islands,2017,6.36399930775808
A,SB,Solomon Islands,2018,7.11590121991795
A,SB,Solomon Islands,2019,10.4015387469367
A,SB,Solomon Islands,2020,10.737455611561
A,SB,Solomon Islands,2021,10.4324537749556
A,SB,Solomon Islands,2022,9.50994217337096
A,SB,Solomon Islands,2023,9.38547972649275
Q,SB,Solomon Islands,2010-Q1,8.22770457963591
Q,SB,Solomon Islands,2010-Q2,7.32757098237488
Q,SB,Solomon Islands,2010-Q3,9.09478101503413
Q,SB,Solomon Islands,2010-Q4,9.27355570762364
Q,SB,Solomon Islands,2011-Q1,6.80893110631534
Q,SB,Solomon Islands,2011-Q2,5.6342120882382
Q,SB,Solomon Islands,2011-Q3,6.1516534156626
Q,SB,Solomon Islands,2011-Q4,5.72832384196683
Q,SB,Solomon Islands,2012-Q1,5.67554088148371
Q,SB,Solomon Islands,2012-Q2,6.45730693667825
Q,SB,Solomon Islands,2012-Q3,5.31907190715704
Q,SB,Solomon Islands,2012-Q4,3.57433837836802
Q,SB,Solomon Islands,2013-Q1,3.90997479560755
Q,SB,Solomon Islands,2013-Q2,3.87923899290496
Q,SB,Solomon Islands,2013-Q3,4.22482534653915
Q,SB,Solomon Islands,2013-Q4,7.02695775360135
Q,SB,Solomon Islands,2014-Q1,5.29760608139608
Q,SB,Solomon Islands,2014-Q2,6.23099287834429
Q,SB,Solomon Islands,2014-Q3,4.40070604734386
Q,SB,Solomon Islands,2014-Q4,4.6845586921618
Q,SB,Solomon Islands,2015-Q1,4.65542008067204
Q,SB,Solomon Islands,2015-Q2,7.04305291605305
Q,SB,Solomon Islands,2015-Q3,4.82819217572246
Q,SB,Solomon Islands,2015-Q4,4.13158152400069
Q,SB,Solomon Islands,2016-Q1,4.64073345704795
Q,SB,Solomon Islands,2016-Q2,3.33770178371861
Q,SB,Solomon Islands,2016-Q3,2.89368674067476
Q,SB,Solomon Islands,2016-Q4,3.8430068325085
Q,SB,Solomon Islands,2017-Q1,4.21760103002113
Q,SB,Solomon Islands,2017-Q2,5.17026312277519
Q,SB,Solomon Islands,2017-Q3,5.19926370719851
Q,SB,Solomon Islands,2017-Q4,6.36399930775808
Q,SB,Solomon Islands,2018-Q1,6.04089977628196
Q,SB,Solomon Islands,2018-Q2,5.77313957314191
Q,SB,Solomon Islands,2018-Q3,6.52401524650933
Q,SB,Solomon Islands,2018-Q4,7.11590121991795
Q,SB,Solomon Islands,2019-Q1,7.18431245116756
Q,SB,Solomon Islands,2019-Q2,9.76697413218014
Q,SB,Solomon Islands,2019-Q3,10.3998343627066
Q,SB,Solomon Islands,2019-Q4,10.4015387469367
Q,SB,Solomon Islands,2020-Q1,11.37112068375
Q,SB,Solomon Islands,2020-Q2,11.7638628875169
Q,SB,Solomon Islands,2020-Q3,10.0775104709874
Q,SB,Solomon Islands,2020-Q4,10.737455611561
Q,SB,Solomon Islands,2021-Q1,10.7507230671544
Q,SB,Solomon Islands,2021-Q2,11.4015051505051
Q,SB,Solomon Islands,2021-Q3,9.9257523553899
Q,SB,Solomon Islands,2021-Q4,10.4324537749556
Q,SB,Solomon Islands,2022-Q1,11.0581189172773
Q,SB,Solomon Islands,2022-Q2,10.9847829196908
Q,SB,Solomon Islands,2022-Q3,10.6124673652033
Q,SB,Solomon Islands,2022-Q4,9.50994217337096
Q,SB,Solomon Islands,2023-Q1,8.89802655291041
Q,SB,Solomon Islands,2023-Q2,8.25601686541829
Q,SB,Solomon Islands,2023-Q3,8.94872276749848
Q,SB,Solomon Islands,2023-Q4,9.38547972649275
Q,SB,Solomon Islands,2024-Q1,8.72701614110742
A,SC,Seychelles,2006,4.36440698901933
A,SC,Seychelles,2007,2.32989452268506
A,SC,Seychelles,2008,2.02869228346241
A,SC,Seychelles,2009,3.77628230056178
A,SC,Seychelles,2010,5.46606365904674
A,SC,Seychelles,2011,8.12277931492634
A,SC,Seychelles,2012,9.00887174900836
A,SC,Seychelles,2013,9.22005332216968
A,SC,Seychelles,2014,7.98987998096582
A,SC,Seychelles,2015,7.58752425543803
A,SC,Seychelles,2016,6.75218465731615
A,SC,Seychelles,2017,6.38164824992543
A,SC,Seychelles,2018,3.44935959603909
A,SC,Seychelles,2019,2.70800429198316
A,SC,Seychelles,2020,3.26579897829829
A,SC,Seychelles,2021,5.45432944756268
Q,SC,Seychelles,2010-Q1,4.06976350544831
Q,SC,Seychelles,2010-Q2,6.69128539633286
Q,SC,Seychelles,2010-Q3,6.36178272900077
Q,SC,Seychelles,2010-Q4,5.46606365904674
Q,SC,Seychelles,2011-Q1,5.32486199519901
Q,SC,Seychelles,2011-Q2,5.56229991022133
Q,SC,Seychelles,2011-Q3,5.32516272663086
Q,SC,Seychelles,2011-Q4,8.12277931492634
Q,SC,Seychelles,2012-Q1,8.02765624771393
Q,SC,Seychelles,2012-Q2,8.96861943563294
Q,SC,Seychelles,2012-Q3,8.1699147896761
Q,SC,Seychelles,2012-Q4,9.00887174900836
Q,SC,Seychelles,2013-Q1,9.43751206261652
Q,SC,Seychelles,2013-Q2,9.33944430973913
Q,SC,Seychelles,2013-Q3,9.02483540333904
Q,SC,Seychelles,2013-Q4,9.22005332216968
Q,SC,Seychelles,2014-Q1,10.1205993450126
Q,SC,Seychelles,2014-Q2,6.1688654026343
Q,SC,Seychelles,2014-Q3,8.0958332118289
Q,SC,Seychelles,2014-Q4,7.98987998096582
Q,SC,Seychelles,2015-Q1,7.12892314340396
Q,SC,Seychelles,2015-Q2,7.16137708498274
Q,SC,Seychelles,2015-Q3,7.65255696215402
Q,SC,Seychelles,2015-Q4,7.58752425543803
Q,SC,Seychelles,2016-Q1,8.53549631323838
Q,SC,Seychelles,2016-Q2,7.83040557352643
Q,SC,Seychelles,2016-Q3,7.29846635213503
Q,SC,Seychelles,2016-Q4,6.75218465731615
Q,SC,Seychelles,2017-Q1,7.03155066510071
Q,SC,Seychelles,2017-Q2,6.89221058601751
Q,SC,Seychelles,2017-Q3,6.48988058591912
Q,SC,Seychelles,2017-Q4,6.38164824992543
Q,SC,Seychelles,2018-Q1,6.54904786721043
Q,SC,Seychelles,2018-Q2,5.92492099794153
Q,SC,Seychelles,2018-Q3,5.82889170587528
Q,SC,Seychelles,2018-Q4,3.44935959603909
Q,SC,Seychelles,2019-Q1,3.53990183162784
Q,SC,Seychelles,2019-Q2,3.25098123724561
Q,SC,Seychelles,2019-Q3,2.76222958538489
Q,SC,Seychelles,2019-Q4,2.70800429198316
Q,SC,Seychelles,2020-Q1,2.5081954882441
Q,SC,Seychelles,2020-Q2,3.10949407164954
Q,SC,Seychelles,2020-Q3,3.0508660151358
Q,SC,Seychelles,2020-Q4,3.26579897829829
Q,SC,Seychelles,2021-Q1,4.40741506989302
Q,SC,Seychelles,2021-Q2,4.98260717831967
Q,SC,Seychelles,2021-Q3,4.87754423609567
Q,SC,Seychelles,2021-Q4,5.45432944756268
A,SE,Sweden,2016,1.06459067890898
A,SE,Sweden,2017,1.11978084734839
A,SE,Sweden,2018,0.494908669779694
A,SE,Sweden,2019,0.581325196187856
A,SE,Sweden,2020,0.513361451406936
A,SE,Sweden,2021,0.417650657609339
A,SE,Sweden,2022,0.30429836634002
A,SE,Sweden,2023,0.3811631700199
A,SE,Sweden,2024,0.506332050543119
Q,SE,Sweden,2016-Q1,1.11659754952942
Q,SE,Sweden,2016-Q2,1.09369234815317
Q,SE,Sweden,2016-Q3,1.0343289700337
Q,SE,Sweden,2016-Q4,1.06459067890898
Q,SE,Sweden,2017-Q1,0.972091499455894
Q,SE,Sweden,2017-Q2,1.10413842879636
Q,SE,Sweden,2017-Q3,1.01560417688806
Q,SE,Sweden,2017-Q4,1.11978084734839
Q,SE,Sweden,2018-Q1,1.02066120245173
Q,SE,Sweden,2018-Q2,0.993908965191068
Q,SE,Sweden,2018-Q3,0.924140638737289
Q,SE,Sweden,2018-Q4,0.494908669779694
Q,SE,Sweden,2019-Q1,0.48871736511611
Q,SE,Sweden,2019-Q2,0.53694511646401
Q,SE,Sweden,2019-Q3,0.549768348926956
Q,SE,Sweden,2019-Q4,0.581325196187856
Q,SE,Sweden,2020-Q1,0.523577108002102
Q,SE,Sweden,2020-Q2,0.532582288274433
Q,SE,Sweden,2020-Q3,0.537570094289523
Q,SE,Sweden,2020-Q4,0.513361451406936
Q,SE,Sweden,2021-Q1,0.428887401158534
Q,SE,Sweden,2021-Q2,0.488073437023843
Q,SE,Sweden,2021-Q3,0.467456095306204
Q,SE,Sweden,2021-Q4,0.417650657609339
Q,SE,Sweden,2022-Q1,0.35502294354818
Q,SE,Sweden,2022-Q2,0.353836003269226
Q,SE,Sweden,2022-Q3,0.342997995677336
Q,SE,Sweden,2022-Q4,0.30429836634002
Q,SE,Sweden,2023-Q1,0.301993500381438
Q,SE,Sweden,2023-Q2,0.310365363952287
Q,SE,Sweden,2023-Q3,0.333577598481253
Q,SE,Sweden,2023-Q4,0.3811631700199
Q,SE,Sweden,2024-Q1,0.412725704204029
Q,SE,Sweden,2024-Q2,0.416019938659527
Q,SE,Sweden,2024-Q3,0.466324757785557
Q,SE,Sweden,2024-Q4,0.506332050543119
A,SG,Singapore,2008,1.42549965541006
A,SG,Singapore,2009,2.03438434173328
A,SG,Singapore,2010,1.40635425755787
A,SG,Singapore,2011,1.06045560853893
A,SG,Singapore,2012,1.04262808908742
A,SG,Singapore,2013,0.866941606339939
A,SG,Singapore,2014,0.756532862271537
A,SG,Singapore,2015,0.92406290512104
A,SG,Singapore,2016,1.22253307180161
A,SG,Singapore,2017,1.40020092664899
A,SG,Singapore,2018,1.30951785160199
A,SG,Singapore,2019,1.30642223339991
Q,SG,Singapore,2008-Q4,1.42549965541006
Q,SG,Singapore,2009-Q1,1.70977570335797
Q,SG,Singapore,2009-Q2,2.08213148729782
Q,SG,Singapore,2009-Q3,1.95923298567862
Q,SG,Singapore,2009-Q4,2.03438434173328
Q,SG,Singapore,2010-Q1,1.90527346835603
Q,SG,Singapore,2010-Q2,1.67909984762529
Q,SG,Singapore,2010-Q3,1.51981741313126
Q,SG,Singapore,2010-Q4,1.40635425755787
Q,SG,Singapore,2011-Q1,1.27269686754623
Q,SG,Singapore,2011-Q2,1.11666707720603
Q,SG,Singapore,2011-Q3,1.03538891796231
Q,SG,Singapore,2011-Q4,1.06045560853893
Q,SG,Singapore,2012-Q1,1.07416085594106
Q,SG,Singapore,2012-Q2,1.03982479218082
Q,SG,Singapore,2012-Q3,1.07640350981873
Q,SG,Singapore,2012-Q4,1.04262808908742
Q,SG,Singapore,2013-Q1,0.954983661821186
Q,SG,Singapore,2013-Q2,0.938304005637722
Q,SG,Singapore,2013-Q3,0.932106358056094
Q,SG,Singapore,2013-Q4,0.866941606339939
Q,SG,Singapore,2014-Q1,0.799959798285179
Q,SG,Singapore,2014-Q2,0.781141587638616
Q,SG,Singapore,2014-Q3,0.778173093366627
Q,SG,Singapore,2014-Q4,0.756532862271537
Q,SG,Singapore,2015-Q1,0.779922119364905
Q,SG,Singapore,2015-Q2,0.809991697867696
Q,SG,Singapore,2015-Q3,0.850992288655002
Q,SG,Singapore,2015-Q4,0.92406290512104
Q,SG,Singapore,2016-Q1,0.969912281476416
Q,SG,Singapore,2016-Q2,1.06803422340291
Q,SG,Singapore,2016-Q3,1.19495528014497
Q,SG,Singapore,2016-Q4,1.22253307180161
Q,SG,Singapore,2017-Q1,1.21198573999564
Q,SG,Singapore,2017-Q2,1.2170966225456
Q,SG,Singapore,2017-Q3,1.34067748843932
Q,SG,Singapore,2017-Q4,1.40020092664899
Q,SG,Singapore,2018-Q1,1.36214041609841
Q,SG,Singapore,2018-Q2,1.32524547808883
Q,SG,Singapore,2018-Q3,1.32973075137002
Q,SG,Singapore,2018-Q4,1.30951785160199
Q,SG,Singapore,2019-Q1,1.30507342462604
Q,SG,Singapore,2019-Q2,1.29868481929687
Q,SG,Singapore,2019-Q3,1.35437605894407
Q,SG,Singapore,2019-Q4,1.30642223339991
A,SI,Slovenia,2008,4.21574658021237
A,SI,Slovenia,2009,5.79123054219476
A,SI,Slovenia,2010,8.21418388709017
A,SI,Slovenia,2011,11.814021388063
A,SI,Slovenia,2012,15.1800772229366
A,SI,Slovenia,2013,13.3118940728928
A,SI,Slovenia,2014,11.7319347333409
A,SI,Slovenia,2015,9.96211515631996
A,SI,Slovenia,2016,5.07141393661737
A,SI,Slovenia,2017,3.20363588164704
A,SI,Slovenia,2018,6.00921749143582
A,SI,Slovenia,2019,3.364772691154
A,SI,Slovenia,2020,3.01762967051172
A,SI,Slovenia,2021,2.0551823830108
A,SI,Slovenia,2022,1.75022880209529
A,SI,Slovenia,2023,1.5154631696917
A,SI,Slovenia,2024,1.64627596187692
Q,SI,Slovenia,2008-Q4,4.21574658021237
Q,SI,Slovenia,2009-Q4,5.79123054219476
Q,SI,Slovenia,2010-Q1,6.11432334917523
Q,SI,Slovenia,2010-Q2,7.38036856616397
Q,SI,Slovenia,2010-Q3,7.5831781994464
Q,SI,Slovenia,2010-Q4,8.21418388709017
Q,SI,Slovenia,2011-Q1,9.7015611464941
Q,SI,Slovenia,2011-Q2,11.7007662829766
Q,SI,Slovenia,2011-Q3,12.1029293333151
Q,SI,Slovenia,2011-Q4,11.814021388063
Q,SI,Slovenia,2012-Q1,12.9653523156199
Q,SI,Slovenia,2012-Q2,13.2373531313797
Q,SI,Slovenia,2012-Q3,15.0085039316078
Q,SI,Slovenia,2012-Q4,15.1800772229366
Q,SI,Slovenia,2013-Q1,15.4732591536577
Q,SI,Slovenia,2013-Q2,17.3706584495795
Q,SI,Slovenia,2013-Q3,17.9654779393855
Q,SI,Slovenia,2013-Q4,13.3118940728928
Q,SI,Slovenia,2014-Q1,14.5630858116629
Q,SI,Slovenia,2014-Q2,15.321147516945
Q,SI,Slovenia,2014-Q3,15.9738969082935
Q,SI,Slovenia,2014-Q4,11.7319347333409
Q,SI,Slovenia,2015-Q1,11.3082349396572
Q,SI,Slovenia,2015-Q2,11.5122332731539
Q,SI,Slovenia,2015-Q3,11.1466640671728
Q,SI,Slovenia,2015-Q4,9.96211515631996
Q,SI,Slovenia,2016-Q1,8.10040833019368
Q,SI,Slovenia,2016-Q2,7.9714180256261
Q,SI,Slovenia,2016-Q3,6.2520823893814
Q,SI,Slovenia,2016-Q4,5.07141393661737
Q,SI,Slovenia,2017-Q1,4.79042015491364
Q,SI,Slovenia,2017-Q2,4.63984079975098
Q,SI,Slovenia,2017-Q3,4.33390134300402
Q,SI,Slovenia,2017-Q4,3.20363588164704
Q,SI,Slovenia,2018-Q1,8.11948532404898
Q,SI,Slovenia,2018-Q2,7.36657885267543
Q,SI,Slovenia,2018-Q3,6.87516583567194
Q,SI,Slovenia,2018-Q4,6.00921749143582
Q,SI,Slovenia,2019-Q1,5.44268263923984
Q,SI,Slovenia,2019-Q2,4.46393598890516
Q,SI,Slovenia,2019-Q3,4.08932186387055
Q,SI,Slovenia,2019-Q4,3.364772691154
Q,SI,Slovenia,2020-Q1,3.33014734920893
Q,SI,Slovenia,2020-Q2,3.15376853459307
Q,SI,Slovenia,2020-Q3,3.04089761514274
Q,SI,Slovenia,2020-Q4,3.01762967051172
Q,SI,Slovenia,2021-Q1,2.98664957761573
Q,SI,Slovenia,2021-Q2,2.4521011846877
Q,SI,Slovenia,2021-Q3,2.28484750246785
Q,SI,Slovenia,2021-Q4,2.0551823830108
Q,SI,Slovenia,2022-Q1,1.95427704149221
Q,SI,Slovenia,2022-Q2,1.93000060664319
Q,SI,Slovenia,2022-Q3,1.87217574740529
Q,SI,Slovenia,2022-Q4,1.75022880209529
Q,SI,Slovenia,2023-Q1,1.58554101585433
Q,SI,Slovenia,2023-Q2,1.52488026559173
Q,SI,Slovenia,2023-Q3,1.50509632881436
Q,SI,Slovenia,2023-Q4,1.5154631696917
Q,SI,Slovenia,2024-Q1,1.6254261525638
Q,SI,Slovenia,2024-Q2,1.58699386579476
Q,SI,Slovenia,2024-Q3,1.64596578456689
Q,SI,Slovenia,2024-Q4,1.64627596187692
Q,SI,Slovenia,2025-Q1,1.70986596372936
A,SK,Slovakia,2005,5.03102650551527
A,SK,Slovakia,2008,2.32821565494645
A,SK,Slovakia,2009,4.78794997593851
A,SK,Slovakia,2010,5.36854918034668
A,SK,Slovakia,2011,5.30571463582038
A,SK,Slovakia,2012,5.15691742164664
A,SK,Slovakia,2013,5.15521654499405
A,SK,Slovakia,2014,5.2026408246472
A,SK,Slovakia,2015,4.70929220260798
A,SK,Slovakia,2016,4.3455769187676
A,SK,Slovakia,2017,3.62697846954925
A,SK,Slovakia,2018,3.11539804225056
A,SK,Slovakia,2019,2.95897371585084
A,SK,Slovakia,2020,2.56788614282869
A,SK,Slovakia,2021,2.1170420643996
A,SK,Slovakia,2022,1.85551077468374
A,SK,Slovakia,2023,1.99250796599293
A,SK,Slovakia,2024,1.92175510012189
Q,SK,Slovakia,2011-Q1,5.19666086197994
Q,SK,Slovakia,2011-Q2,5.12792107497439
Q,SK,Slovakia,2011-Q3,5.21166612452769
Q,SK,Slovakia,2011-Q4,5.30571463582038
Q,SK,Slovakia,2012-Q1,5.07108471821244
Q,SK,Slovakia,2012-Q2,5.11460199359101
Q,SK,Slovakia,2012-Q3,4.86189519549491
Q,SK,Slovakia,2012-Q4,5.15691742164664
Q,SK,Slovakia,2013-Q1,5.14359540162157
Q,SK,Slovakia,2013-Q2,5.28207795950885
Q,SK,Slovakia,2013-Q3,5.28019753775806
Q,SK,Slovakia,2013-Q4,5.15521654499405
Q,SK,Slovakia,2014-Q1,5.32409564021738
Q,SK,Slovakia,2014-Q2,5.17098213490175
Q,SK,Slovakia,2014-Q3,5.33073851566245
Q,SK,Slovakia,2014-Q4,5.2026408246472
Q,SK,Slovakia,2015-Q1,5.25890546353309
Q,SK,Slovakia,2015-Q2,5.19644089293273
Q,SK,Slovakia,2015-Q3,5.04273546434881
Q,SK,Slovakia,2015-Q4,4.70929220260798
Q,SK,Slovakia,2016-Q1,4.60709803900285
Q,SK,Slovakia,2016-Q2,4.5437776682345
Q,SK,Slovakia,2016-Q3,4.49857874940938
Q,SK,Slovakia,2016-Q4,4.3455769187676
Q,SK,Slovakia,2017-Q1,4.09347600567879
Q,SK,Slovakia,2017-Q2,3.9384684621925
Q,SK,Slovakia,2017-Q3,3.90221105235676
Q,SK,Slovakia,2017-Q4,3.62697846954925
Q,SK,Slovakia,2018-Q1,3.70062445059985
Q,SK,Slovakia,2018-Q2,3.49106396942804
Q,SK,Slovakia,2018-Q3,3.37994377413774
Q,SK,Slovakia,2018-Q4,3.11539804225056
Q,SK,Slovakia,2019-Q1,2.95026314572003
Q,SK,Slovakia,2019-Q2,2.89152624528622
Q,SK,Slovakia,2019-Q3,2.86054730210843
Q,SK,Slovakia,2019-Q4,2.95897371585084
Q,SK,Slovakia,2020-Q1,2.93817545796405
Q,SK,Slovakia,2020-Q2,2.88263423268639
Q,SK,Slovakia,2020-Q3,2.70143382152943
Q,SK,Slovakia,2020-Q4,2.56788614282869
Q,SK,Slovakia,2021-Q1,2.61230278123767
Q,SK,Slovakia,2021-Q2,2.49332616761468
Q,SK,Slovakia,2021-Q3,2.25834323054679
Q,SK,Slovakia,2021-Q4,2.1170420643996
Q,SK,Slovakia,2022-Q1,2.12132997731391
Q,SK,Slovakia,2022-Q2,2.04942463431922
Q,SK,Slovakia,2022-Q3,1.94148586709444
Q,SK,Slovakia,2022-Q4,1.85551077468374
Q,SK,Slovakia,2023-Q1,1.86337192215641
Q,SK,Slovakia,2023-Q2,1.95535696681085
Q,SK,Slovakia,2023-Q3,2.05781148776408
Q,SK,Slovakia,2023-Q4,1.99250796599293
Q,SK,Slovakia,2024-Q1,2.0437933521302
Q,SK,Slovakia,2024-Q2,2.00170284965862
Q,SK,Slovakia,2024-Q3,1.95585279611604
Q,SK,Slovakia,2024-Q4,1.92175510012189
Q,SK,Slovakia,2025-Q1,1.98345751037966
A,SM,San Marino,2009,6.9026825183015
A,SM,San Marino,2010,11.9223384451582
A,SM,San Marino,2011,34.5595714508246
A,SM,San Marino,2012,20.3323421684588
A,SM,San Marino,2013,42.3009858312383
A,SM,San Marino,2014,43.1158491357151
A,SM,San Marino,2015,49.1057251543942
A,SM,San Marino,2016,47.0769880777698
A,SM,San Marino,2017,51.6024118815225
A,SM,San Marino,2018,50.6671225487337
A,SM,San Marino,2019,58.9301560480268
A,SM,San Marino,2020,61.1160411121776
A,SM,San Marino,2021,58.9618327392133
A,SM,San Marino,2022,53.136388835916
A,SM,San Marino,2023,21.045815734006
A,SM,San Marino,2024,16.8682350087404
Q,SM,San Marino,2009-Q4,6.9026825183015
Q,SM,San Marino,2010-Q1,7.29696312612498
Q,SM,San Marino,2010-Q2,7.94416524645497
Q,SM,San Marino,2010-Q3,9.94787143800769
Q,SM,San Marino,2010-Q4,11.9223384451582
Q,SM,San Marino,2011-Q1,12.5288724431016
Q,SM,San Marino,2011-Q2,12.8000252933013
Q,SM,San Marino,2011-Q3,28.0898733301754
Q,SM,San Marino,2011-Q4,34.5595714508246
Q,SM,San Marino,2012-Q1,34.4139515580315
Q,SM,San Marino,2012-Q2,34.6631358900655
Q,SM,San Marino,2012-Q3,25.0940655845616
Q,SM,San Marino,2012-Q4,20.3323421684588
Q,SM,San Marino,2013-Q1,21.063688283897
Q,SM,San Marino,2013-Q2,21.6815761907541
Q,SM,San Marino,2013-Q3,31.4178029888649
Q,SM,San Marino,2013-Q4,42.3009858312383
Q,SM,San Marino,2014-Q1,43.3616087271642
Q,SM,San Marino,2014-Q2,42.300622850171
Q,SM,San Marino,2014-Q3,41.9666842624688
Q,SM,San Marino,2014-Q4,43.1158491357151
Q,SM,San Marino,2015-Q1,43.5412186736327
Q,SM,San Marino,2015-Q2,47.3278660618781
Q,SM,San Marino,2015-Q3,47.2739388067881
Q,SM,San Marino,2015-Q4,49.1057251543942
Q,SM,San Marino,2016-Q1,48.3727893192919
Q,SM,San Marino,2016-Q2,47.28338953451
Q,SM,San Marino,2016-Q3,47.7527414057384
Q,SM,San Marino,2016-Q4,47.0769880777698
Q,SM,San Marino,2017-Q1,47.1844569369083
Q,SM,San Marino,2017-Q2,49.4180291343908
Q,SM,San Marino,2017-Q3,50.3923179036016
Q,SM,San Marino,2017-Q4,51.6024118815225
Q,SM,San Marino,2018-Q1,52.9570505884547
Q,SM,San Marino,2018-Q2,52.006210279679
Q,SM,San Marino,2018-Q3,51.052750058366
Q,SM,San Marino,2018-Q4,50.6671225487337
Q,SM,San Marino,2019-Q1,52.0378728912291
Q,SM,San Marino,2019-Q2,55.483476518802
Q,SM,San Marino,2019-Q3,53.8678152295181
Q,SM,San Marino,2019-Q4,58.9301560480268
Q,SM,San Marino,2020-Q1,59.3901529016922
Q,SM,San Marino,2020-Q2,60.091475745441
Q,SM,San Marino,2020-Q3,60.6249216389812
Q,SM,San Marino,2020-Q4,61.1160411121776
Q,SM,San Marino,2021-Q1,57.2014082905198
Q,SM,San Marino,2021-Q2,58.4548215485621
Q,SM,San Marino,2021-Q3,58.7369744061637
Q,SM,San Marino,2021-Q4,58.9618327392133
Q,SM,San Marino,2022-Q1,56.2247473081761
Q,SM,San Marino,2022-Q2,56.3349272874101
Q,SM,San Marino,2022-Q3,55.7416590681623
Q,SM,San Marino,2022-Q4,53.136388835916
Q,SM,San Marino,2023-Q1,52.7979867529487
Q,SM,San Marino,2023-Q2,51.5486773288474
Q,SM,San Marino,2023-Q3,51.3834526202039
Q,SM,San Marino,2023-Q4,21.045815734006
Q,SM,San Marino,2024-Q1,21.5335486127818
Q,SM,San Marino,2024-Q2,22.3210818521596
Q,SM,San Marino,2024-Q3,21.2062455905287
Q,SM,San Marino,2024-Q4,16.8682350087404
Q,SM,San Marino,2025-Q1,16.1679457359537
A,SO,Somalia,2018,1.6495230558634
A,SO,Somalia,2019,4.23573281598443
A,SO,Somalia,2020,3.47079434250694
A,SO,Somalia,2021,2.32250827107724
A,SO,Somalia,2022,1.7655281605037
A,SO,Somalia,2023,2.26632125393185
A,SO,Somalia,2024,2.69173727183635
Q,SO,Somalia,2018-Q1,0.355918418832972
Q,SO,Somalia,2018-Q2,0.405900187545375
Q,SO,Somalia,2018-Q3,1.44862842856399
Q,SO,Somalia,2018-Q4,1.6495230558634
Q,SO,Somalia,2019-Q1,2.87322107299661
Q,SO,Somalia,2019-Q2,3.82212782834348
Q,SO,Somalia,2019-Q3,4.66923322413115
Q,SO,Somalia,2019-Q4,4.23573281598443
Q,SO,Somalia,2020-Q1,4.47968864850083
Q,SO,Somalia,2020-Q2,5.08077670244594
Q,SO,Somalia,2020-Q3,3.44284412549333
Q,SO,Somalia,2020-Q4,3.47079434250694
Q,SO,Somalia,2021-Q1,4.12649973629008
Q,SO,Somalia,2021-Q2,3.49854755967898
Q,SO,Somalia,2021-Q3,3.8787499896615
Q,SO,Somalia,2021-Q4,2.32250827107724
Q,SO,Somalia,2022-Q1,3.38164300951384
Q,SO,Somalia,2022-Q2,3.46792707110391
Q,SO,Somalia,2022-Q3,3.02494722168024
Q,SO,Somalia,2022-Q4,1.7655281605037
Q,SO,Somalia,2023-Q1,3.65977279637519
Q,SO,Somalia,2023-Q2,4.96929380329021
Q,SO,Somalia,2023-Q3,3.12999588662199
Q,SO,Somalia,2023-Q4,2.26632125393185
Q,SO,Somalia,2024-Q1,2.57571256535743
Q,SO,Somalia,2024-Q2,3.07221206939169
Q,SO,Somalia,2024-Q3,2.82630917401026
Q,SO,Somalia,2024-Q4,2.69173727183635
Q,SO,Somalia,2025-Q1,2.83079505681562
A,SV,El Salvador,2008,2.738614252864
A,SV,El Salvador,2009,3.59769335441226
A,SV,El Salvador,2010,3.82773614018999
A,SV,El Salvador,2011,3.4462055197927
A,SV,El Salvador,2012,2.82635637565409
A,SV,El Salvador,2013,2.29198045695359
A,SV,El Salvador,2014,2.307449349322
A,SV,El Salvador,2015,2.2540984821962
A,SV,El Salvador,2016,1.9684661443707
A,SV,El Salvador,2017,1.89419432594823
A,SV,El Salvador,2018,1.84617175476304
A,SV,El Salvador,2019,1.72062907242908
A,SV,El Salvador,2020,1.5706679061413
A,SV,El Salvador,2021,1.82876964140842
A,SV,El Salvador,2022,1.80255600088239
A,SV,El Salvador,2023,1.77470500100184
A,SV,El Salvador,2024,1.70975218161489
Q,SV,El Salvador,2008-Q4,2.738614252864
Q,SV,El Salvador,2009-Q1,3.0679058595971
Q,SV,El Salvador,2009-Q2,3.58089394335531
Q,SV,El Salvador,2009-Q3,3.96322859206761
Q,SV,El Salvador,2009-Q4,3.59769335441226
Q,SV,El Salvador,2010-Q1,3.74060068868058
Q,SV,El Salvador,2010-Q2,3.99822316225257
Q,SV,El Salvador,2010-Q3,4.1272092079157
Q,SV,El Salvador,2010-Q4,3.82773614018999
Q,SV,El Salvador,2011-Q1,3.86257713875943
Q,SV,El Salvador,2011-Q2,3.82088807583569
Q,SV,El Salvador,2011-Q3,3.75807169895346
Q,SV,El Salvador,2011-Q4,3.4462055197927
Q,SV,El Salvador,2012-Q1,3.49779747997734
Q,SV,El Salvador,2012-Q2,3.35193163957415
Q,SV,El Salvador,2012-Q3,3.10371715501316
Q,SV,El Salvador,2012-Q4,2.82635637565409
Q,SV,El Salvador,2013-Q1,2.73473884470852
Q,SV,El Salvador,2013-Q2,2.62054414498461
Q,SV,El Salvador,2013-Q3,2.50363024806808
Q,SV,El Salvador,2013-Q4,2.29198045695359
Q,SV,El Salvador,2014-Q1,2.31709325934824
Q,SV,El Salvador,2014-Q2,2.3598200326866
Q,SV,El Salvador,2014-Q3,2.42193656311997
Q,SV,El Salvador,2014-Q4,2.307449349322
Q,SV,El Salvador,2015-Q1,2.29989203209108
Q,SV,El Salvador,2015-Q2,2.33707304765396
Q,SV,El Salvador,2015-Q3,2.40925490896232
Q,SV,El Salvador,2015-Q4,2.2540984821962
Q,SV,El Salvador,2016-Q1,2.24985526681741
Q,SV,El Salvador,2016-Q2,2.08500515376799
Q,SV,El Salvador,2016-Q3,2.065070780677
Q,SV,El Salvador,2016-Q4,1.9684661443707
Q,SV,El Salvador,2017-Q1,1.91897963338746
Q,SV,El Salvador,2017-Q2,1.97457735414956
Q,SV,El Salvador,2017-Q3,1.93048424663512
Q,SV,El Salvador,2017-Q4,1.89419432594823
Q,SV,El Salvador,2018-Q1,1.8624096316767
Q,SV,El Salvador,2018-Q2,1.91632285537871
Q,SV,El Salvador,2018-Q3,1.88013142905921
Q,SV,El Salvador,2018-Q4,1.84617175476304
Q,SV,El Salvador,2019-Q1,1.78825193309683
Q,SV,El Salvador,2019-Q2,1.7961571399191
Q,SV,El Salvador,2019-Q3,1.83583545424093
Q,SV,El Salvador,2019-Q4,1.72062907242908
Q,SV,El Salvador,2020-Q1,1.64476849567191
Q,SV,El Salvador,2020-Q2,1.54197866665182
Q,SV,El Salvador,2020-Q3,1.51934669209038
Q,SV,El Salvador,2020-Q4,1.5706679061413
Q,SV,El Salvador,2021-Q1,1.74439622377411
Q,SV,El Salvador,2021-Q2,2.16653427356268
Q,SV,El Salvador,2021-Q3,2.31671588542261
Q,SV,El Salvador,2021-Q4,1.82876964140842
Q,SV,El Salvador,2022-Q1,1.88293063438133
Q,SV,El Salvador,2022-Q2,1.91037532211675
Q,SV,El Salvador,2022-Q3,1.89678250973395
Q,SV,El Salvador,2022-Q4,1.80255600088239
Q,SV,El Salvador,2023-Q1,1.80380739620695
Q,SV,El Salvador,2023-Q2,1.83812337924944
Q,SV,El Salvador,2023-Q3,1.87010370290674
Q,SV,El Salvador,2023-Q4,1.77470500100184
Q,SV,El Salvador,2024-Q1,1.85113105314959
Q,SV,El Salvador,2024-Q2,1.8387956025729
Q,SV,El Salvador,2024-Q3,1.87954585153916
Q,SV,El Salvador,2024-Q4,1.70975218161489
Q,SV,El Salvador,2025-Q1,1.58876652145209
A,SX,Sint Maarten (Dutch part),2018,13.8929146756362
A,SX,Sint Maarten (Dutch part),2019,9.9788285195452
A,SX,Sint Maarten (Dutch part),2020,12.3138019402199
A,SX,Sint Maarten (Dutch part),2021,9.97782479266266
A,SX,Sint Maarten (Dutch part),2022,11.2029122250993
Q,SX,Sint Maarten (Dutch part),2018-Q2,17.0936463429508
Q,SX,Sint Maarten (Dutch part),2018-Q3,16.7855902626795
Q,SX,Sint Maarten (Dutch part),2018-Q4,13.8929146756362
Q,SX,Sint Maarten (Dutch part),2019-Q1,14.4983170330912
Q,SX,Sint Maarten (Dutch part),2019-Q2,14.1645401816594
Q,SX,Sint Maarten (Dutch part),2019-Q3,11.656644399452
Q,SX,Sint Maarten (Dutch part),2019-Q4,9.9788285195452
Q,SX,Sint Maarten (Dutch part),2020-Q1,9.89018085868666
Q,SX,Sint Maarten (Dutch part),2020-Q2,10.8494146104993
Q,SX,Sint Maarten (Dutch part),2020-Q3,9.95938045263116
Q,SX,Sint Maarten (Dutch part),2020-Q4,12.3138019402199
Q,SX,Sint Maarten (Dutch part),2021-Q1,11.5883732680657
Q,SX,Sint Maarten (Dutch part),2021-Q2,11.4950789347502
Q,SX,Sint Maarten (Dutch part),2021-Q3,9.46904447984816
Q,SX,Sint Maarten (Dutch part),2021-Q4,9.97782479266266
Q,SX,Sint Maarten (Dutch part),2022-Q1,9.9393398771235
Q,SX,Sint Maarten (Dutch part),2022-Q2,9.62498143916752
Q,SX,Sint Maarten (Dutch part),2022-Q3,9.55656405252241
Q,SX,Sint Maarten (Dutch part),2022-Q4,11.2029122250993
Q,SX,Sint Maarten (Dutch part),2023-Q1,11.5648551419061
Q,SX,Sint Maarten (Dutch part),2023-Q2,10.03867368082
A,SZ,Eswatini,2009,5.86910175632252
A,SZ,Eswatini,2010,7.8074135254831
A,SZ,Eswatini,2011,3.5272700795754
A,SZ,Eswatini,2012,10.6707564994314
A,SZ,Eswatini,2013,6.79342240618839
A,SZ,Eswatini,2014,6.87068790595697
A,SZ,Eswatini,2015,6.63027167224262
A,SZ,Eswatini,2016,9.62105068496718
A,SZ,Eswatini,2017,7.91683451676682
A,SZ,Eswatini,2018,9.3155186631086
A,SZ,Eswatini,2019,9.44593710175681
A,SZ,Eswatini,2020,5.38253524565834
A,SZ,Eswatini,2021,9.5516465808761
A,SZ,Eswatini,2022,6.65323861949402
A,SZ,Eswatini,2023,6.86940333741661
A,SZ,Eswatini,2024,7.58748394715966
Q,SZ,Eswatini,2009-Q1,6.69461798127865
Q,SZ,Eswatini,2009-Q2,6.53552152214992
Q,SZ,Eswatini,2009-Q3,6.4462064091893
Q,SZ,Eswatini,2009-Q4,5.86910175632252
Q,SZ,Eswatini,2010-Q1,8.27685696999132
Q,SZ,Eswatini,2010-Q2,8.51023309101439
Q,SZ,Eswatini,2010-Q3,7.64199798977543
Q,SZ,Eswatini,2010-Q4,7.8074135254831
Q,SZ,Eswatini,2011-Q1,4.63761585083607
Q,SZ,Eswatini,2011-Q2,4.26761150574442
Q,SZ,Eswatini,2011-Q3,3.6509003986759
Q,SZ,Eswatini,2011-Q4,3.5272700795754
Q,SZ,Eswatini,2012-Q1,6.45891023666607
Q,SZ,Eswatini,2012-Q2,8.70468694259108
Q,SZ,Eswatini,2012-Q3,10.2824873596428
Q,SZ,Eswatini,2012-Q4,10.6707564994314
Q,SZ,Eswatini,2013-Q1,8.17704041571368
Q,SZ,Eswatini,2013-Q2,8.13565028649065
Q,SZ,Eswatini,2013-Q3,7.60370872154185
Q,SZ,Eswatini,2013-Q4,6.79342240618839
Q,SZ,Eswatini,2014-Q1,7.56314225584496
Q,SZ,Eswatini,2014-Q2,4.32189136343767
Q,SZ,Eswatini,2014-Q3,7.05682633940629
Q,SZ,Eswatini,2014-Q4,6.87068790595697
Q,SZ,Eswatini,2015-Q1,6.75866789503412
Q,SZ,Eswatini,2015-Q2,6.40907881271203
Q,SZ,Eswatini,2015-Q3,7.54107063346387
Q,SZ,Eswatini,2015-Q4,6.63027167224262
Q,SZ,Eswatini,2016-Q1,7.94742611271155
Q,SZ,Eswatini,2016-Q2,4.54890121122911
Q,SZ,Eswatini,2016-Q3,11.976576977314
Q,SZ,Eswatini,2016-Q4,9.62105068496718
Q,SZ,Eswatini,2017-Q1,10.3709740029852
Q,SZ,Eswatini,2017-Q2,8.50521707567833
Q,SZ,Eswatini,2017-Q3,6.10033359908929
Q,SZ,Eswatini,2017-Q4,7.91683451676682
Q,SZ,Eswatini,2018-Q1,7.44016347685301
Q,SZ,Eswatini,2018-Q2,7.9083231788898
Q,SZ,Eswatini,2018-Q3,8.30482265704586
Q,SZ,Eswatini,2018-Q4,9.3155186631086
Q,SZ,Eswatini,2019-Q1,8.78848914783664
Q,SZ,Eswatini,2019-Q2,9.37668970992166
Q,SZ,Eswatini,2019-Q3,9.11591095429854
Q,SZ,Eswatini,2019-Q4,9.44593710175681
Q,SZ,Eswatini,2020-Q1,6.66550414676367
Q,SZ,Eswatini,2020-Q2,7.68969840294158
Q,SZ,Eswatini,2020-Q3,6.29133175936237
Q,SZ,Eswatini,2020-Q4,5.38253524565834
Q,SZ,Eswatini,2021-Q1,5.55643456448053
Q,SZ,Eswatini,2021-Q2,5.25903426032601
Q,SZ,Eswatini,2021-Q3,6.90765329254284
Q,SZ,Eswatini,2021-Q4,9.5516465808761
Q,SZ,Eswatini,2022-Q1,7.44347717025556
Q,SZ,Eswatini,2022-Q2,6.49155599214433
Q,SZ,Eswatini,2022-Q3,6.82023198553328
Q,SZ,Eswatini,2022-Q4,6.65323861949402
Q,SZ,Eswatini,2023-Q1,7.29352038188683
Q,SZ,Eswatini,2023-Q2,7.19487336616962
Q,SZ,Eswatini,2023-Q3,7.46563719506974
Q,SZ,Eswatini,2023-Q4,6.86940333741661
Q,SZ,Eswatini,2024-Q1,7.17884367478239
Q,SZ,Eswatini,2024-Q2,6.77217886766278
Q,SZ,Eswatini,2024-Q3,6.97015690144014
Q,SZ,Eswatini,2024-Q4,7.58748394715966
Q,SZ,Eswatini,2025-Q1,7.20898531848776
Q,SZ,Eswatini,2025-Q2,7.07377152702504
A,TD,Chad,2010,9.91927521923457
A,TD,Chad,2011,7.6476971168983
A,TD,Chad,2012,7.37392810431258
A,TD,Chad,2013,9.77718144818641
A,TD,Chad,2014,11.7377638896695
A,TD,Chad,2015,18.7635385132862
A,TD,Chad,2016,22.893831824127
A,TD,Chad,2017,27.9113491340018
A,TD,Chad,2018,31.0692826779947
A,TD,Chad,2019,26.0285295860898
A,TD,Chad,2020,27.7172963248522
A,TD,Chad,2021,26.0716487994699
A,TD,Chad,2022,27.7035489488032
A,TD,Chad,2023,31.5108722767164
Q,TD,Chad,2010-Q1,9.32346233929339
Q,TD,Chad,2010-Q2,8.55034351158091
Q,TD,Chad,2010-Q3,7.84333932943587
Q,TD,Chad,2010-Q4,9.91927521923457
Q,TD,Chad,2011-Q1,7.81908571803037
Q,TD,Chad,2011-Q2,8.63088469410962
Q,TD,Chad,2011-Q3,8.02001429592566
Q,TD,Chad,2011-Q4,7.6476971168983
Q,TD,Chad,2012-Q1,7.61946796132087
Q,TD,Chad,2012-Q2,8.59579878038464
Q,TD,Chad,2012-Q3,8.99964344879609
Q,TD,Chad,2012-Q4,7.37392810431258
Q,TD,Chad,2013-Q1,7.55844004268374
Q,TD,Chad,2013-Q2,10.2374777889833
Q,TD,Chad,2013-Q3,9.95017180232237
Q,TD,Chad,2013-Q4,9.77718144818641
Q,TD,Chad,2014-Q1,9.52702846820359
Q,TD,Chad,2014-Q2,9.46482906747807
Q,TD,Chad,2014-Q3,10.2734554220056
Q,TD,Chad,2014-Q4,11.7377638896695
Q,TD,Chad,2015-Q1,12.5284643096806
Q,TD,Chad,2015-Q2,14.0346889310589
Q,TD,Chad,2015-Q3,16.3921024282861
Q,TD,Chad,2015-Q4,18.7635385132862
Q,TD,Chad,2016-Q1,19.8351518026565
Q,TD,Chad,2016-Q2,20.1942777450212
Q,TD,Chad,2016-Q3,21.6684851999198
Q,TD,Chad,2016-Q4,22.893831824127
Q,TD,Chad,2017-Q1,23.4049249903671
Q,TD,Chad,2017-Q2,23.8484227717824
Q,TD,Chad,2017-Q3,24.4755540756376
Q,TD,Chad,2017-Q4,27.9113491340018
Q,TD,Chad,2018-Q1,29.6820333843491
Q,TD,Chad,2018-Q2,29.40529277883
Q,TD,Chad,2018-Q3,30.7926699278874
Q,TD,Chad,2018-Q4,31.0692826779947
Q,TD,Chad,2019-Q1,29.9682419700855
Q,TD,Chad,2019-Q2,27.0227832130653
Q,TD,Chad,2019-Q3,26.8767689625368
Q,TD,Chad,2019-Q4,26.0285295860898
Q,TD,Chad,2020-Q1,26.1438253652178
Q,TD,Chad,2020-Q2,31.7648622433396
Q,TD,Chad,2020-Q3,28.4677229284811
Q,TD,Chad,2020-Q4,27.7172963248522
Q,TD,Chad,2021-Q1,25.9125888497582
Q,TD,Chad,2021-Q2,26.5431146272848
Q,TD,Chad,2021-Q3,26.0724232354062
Q,TD,Chad,2021-Q4,26.0716487994699
Q,TD,Chad,2022-Q1,28.0366856980243
Q,TD,Chad,2022-Q2,26.1686542668065
Q,TD,Chad,2022-Q3,29.6837448479822
Q,TD,Chad,2022-Q4,27.7035489488032
Q,TD,Chad,2023-Q1,26.8013770678411
Q,TD,Chad,2023-Q2,29.7479729416272
Q,TD,Chad,2023-Q3,31.8655066437826
Q,TD,Chad,2023-Q4,31.5108722767164
A,TH,Thailand,2006,7.76759647374961
A,TH,Thailand,2007,7.59844455870216
A,TH,Thailand,2008,5.59879211346277
A,TH,Thailand,2009,5.22061861150825
A,TH,Thailand,2010,3.88785784505743
A,TH,Thailand,2011,2.93261853635558
A,TH,Thailand,2012,2.43018679665442
A,TH,Thailand,2013,2.30382713124504
A,TH,Thailand,2014,2.305232984074
A,TH,Thailand,2015,2.6828308673521
A,TH,Thailand,2016,2.98569607594999
A,TH,Thailand,2017,3.07080205891804
A,TH,Thailand,2018,3.0839449162558
A,TH,Thailand,2019,3.13027182387349
A,TH,Thailand,2020,3.23248100828432
A,TH,Thailand,2021,3.10718391598903
A,TH,Thailand,2022,2.84397655094515
A,TH,Thailand,2023,2.7575864307326
A,TH,Thailand,2024,2.81080693940196
Q,TH,Thailand,2006-Q1,8.44028987021681
Q,TH,Thailand,2006-Q2,8.58508857059107
Q,TH,Thailand,2006-Q3,8.44812186315997
Q,TH,Thailand,2006-Q4,7.76759647374961
Q,TH,Thailand,2007-Q1,7.89783465223416
Q,TH,Thailand,2007-Q2,8.21951004434579
Q,TH,Thailand,2007-Q3,8.28762280912358
Q,TH,Thailand,2007-Q4,7.59844455870216
Q,TH,Thailand,2008-Q1,7.28835176411448
Q,TH,Thailand,2008-Q2,6.95695055883325
Q,TH,Thailand,2008-Q3,6.44244438334165
Q,TH,Thailand,2008-Q4,5.59879211346277
Q,TH,Thailand,2009-Q1,5.8470889472752
Q,TH,Thailand,2009-Q2,5.72537467219843
Q,TH,Thailand,2009-Q3,5.68276652060752
Q,TH,Thailand,2009-Q4,5.22061861150825
Q,TH,Thailand,2010-Q1,4.96521447460375
Q,TH,Thailand,2010-Q2,4.81875591613427
Q,TH,Thailand,2010-Q3,4.57208463197349
Q,TH,Thailand,2010-Q4,3.88785784505743
Q,TH,Thailand,2011-Q1,3.48785253580653
Q,TH,Thailand,2011-Q2,3.25897905278182
Q,TH,Thailand,2011-Q3,3.06618928398614
Q,TH,Thailand,2011-Q4,2.93261853635558
Q,TH,Thailand,2012-Q1,2.87862117470615
Q,TH,Thailand,2012-Q2,2.73425234553391
Q,TH,Thailand,2012-Q3,2.61553599377235
Q,TH,Thailand,2012-Q4,2.43018679665442
Q,TH,Thailand,2013-Q1,2.34688502355143
Q,TH,Thailand,2013-Q2,2.38361176178468
Q,TH,Thailand,2013-Q3,2.38969092448343
Q,TH,Thailand,2013-Q4,2.30382713124504
Q,TH,Thailand,2014-Q1,2.4312300379633
Q,TH,Thailand,2014-Q2,2.45789358698815
Q,TH,Thailand,2014-Q3,2.51047668300013
Q,TH,Thailand,2014-Q4,2.305232984074
Q,TH,Thailand,2015-Q1,2.39404461252086
Q,TH,Thailand,2015-Q2,2.49039243256599
Q,TH,Thailand,2015-Q3,2.91481122519307
Q,TH,Thailand,2015-Q4,2.6828308673521
Q,TH,Thailand,2016-Q1,2.77981238281926
Q,TH,Thailand,2016-Q2,2.87999412653468
Q,TH,Thailand,2016-Q3,3.05274005883254
Q,TH,Thailand,2016-Q4,2.98569607594999
Q,TH,Thailand,2017-Q1,3.0963321244596
Q,TH,Thailand,2017-Q2,3.10701643171952
Q,TH,Thailand,2017-Q3,3.13142298499476
Q,TH,Thailand,2017-Q4,3.07080205891804
Q,TH,Thailand,2018-Q1,3.07875899553173
Q,TH,Thailand,2018-Q2,3.08144503442627
Q,TH,Thailand,2018-Q3,3.09436783288252
Q,TH,Thailand,2018-Q4,3.0839449162558
Q,TH,Thailand,2019-Q1,3.09824328926951
Q,TH,Thailand,2019-Q2,3.10197100144411
Q,TH,Thailand,2019-Q3,3.16484361653825
Q,TH,Thailand,2019-Q4,3.13027182387349
Q,TH,Thailand,2020-Q1,3.20544586357612
Q,TH,Thailand,2020-Q2,3.218393573941
Q,TH,Thailand,2020-Q3,3.26904349594387
Q,TH,Thailand,2020-Q4,3.23248100828432
Q,TH,Thailand,2021-Q1,3.22787413703029
Q,TH,Thailand,2021-Q2,3.22764741628984
Q,TH,Thailand,2021-Q3,3.28192640821926
Q,TH,Thailand,2021-Q4,3.10718391598903
Q,TH,Thailand,2022-Q1,3.05744037826305
Q,TH,Thailand,2022-Q2,3.02556815706247
Q,TH,Thailand,2022-Q3,2.90618838893777
Q,TH,Thailand,2022-Q4,2.84397655094515
Q,TH,Thailand,2023-Q1,2.80318750037598
Q,TH,Thailand,2023-Q2,2.78748563000406
Q,TH,Thailand,2023-Q3,2.80626459925786
Q,TH,Thailand,2023-Q4,2.7575864307326
Q,TH,Thailand,2024-Q1,2.84020687251065
Q,TH,Thailand,2024-Q2,2.89853485324163
Q,TH,Thailand,2024-Q3,2.99094078091518
Q,TH,Thailand,2024-Q4,2.81080693940196
Q,TH,Thailand,2025-Q1,2.92438181069625
A,TJ,Tajikistan,2010,6.08782854089517
A,TJ,Tajikistan,2011,5.05854780225549
A,TJ,Tajikistan,2012,5.99506688381505
A,TJ,Tajikistan,2013,8.27382585661298
A,TJ,Tajikistan,2014,19.8486775882401
A,TJ,Tajikistan,2015,26.2569938097746
A,TJ,Tajikistan,2016,47.5958495651832
A,TJ,Tajikistan,2017,36.5052970282406
A,TJ,Tajikistan,2018,31.1178674044007
A,TJ,Tajikistan,2019,26.9555451538116
A,TJ,Tajikistan,2020,23.8270235145523
A,TJ,Tajikistan,2021,13.6547196765819
Q,TJ,Tajikistan,2008-Q1,2.99029576040262
Q,TJ,Tajikistan,2008-Q2,2.59666979319492
Q,TJ,Tajikistan,2008-Q3,3.83621586643847
Q,TJ,Tajikistan,2008-Q4,5.39991752071252
Q,TJ,Tajikistan,2009-Q1,6.01139602545057
Q,TJ,Tajikistan,2009-Q2,7.46264654996274
Q,TJ,Tajikistan,2009-Q3,9.27160859814603
Q,TJ,Tajikistan,2009-Q4,9.64579219928256
Q,TJ,Tajikistan,2010-Q1,13.0486751847799
Q,TJ,Tajikistan,2010-Q2,12.2461142890952
Q,TJ,Tajikistan,2010-Q3,10.8195084492256
Q,TJ,Tajikistan,2010-Q4,6.08782854089517
Q,TJ,Tajikistan,2011-Q1,5.17281770247144
Q,TJ,Tajikistan,2011-Q2,5.2294055299241
Q,TJ,Tajikistan,2011-Q3,4.71386695877339
Q,TJ,Tajikistan,2011-Q4,5.05854780225549
Q,TJ,Tajikistan,2012-Q1,4.76658006750469
Q,TJ,Tajikistan,2012-Q2,5.81402794111827
Q,TJ,Tajikistan,2012-Q3,6.50848456482783
Q,TJ,Tajikistan,2012-Q4,5.99506688381505
Q,TJ,Tajikistan,2013-Q1,5.4137718195698
Q,TJ,Tajikistan,2013-Q2,6.15041599626541
Q,TJ,Tajikistan,2013-Q3,5.55635248805186
Q,TJ,Tajikistan,2013-Q4,8.27382585661298
Q,TJ,Tajikistan,2014-Q1,9.64101134876806
Q,TJ,Tajikistan,2014-Q2,10.2526682995511
Q,TJ,Tajikistan,2014-Q3,16.376428759535
Q,TJ,Tajikistan,2014-Q4,19.8486775882401
Q,TJ,Tajikistan,2015-Q1,14.5933140034074
Q,TJ,Tajikistan,2015-Q2,14.7270750743359
Q,TJ,Tajikistan,2015-Q3,17.1930636470096
Q,TJ,Tajikistan,2015-Q4,26.2569938097746
Q,TJ,Tajikistan,2016-Q1,28.9216941370345
Q,TJ,Tajikistan,2016-Q2,45.7300089283492
Q,TJ,Tajikistan,2016-Q3,48.4395140346461
Q,TJ,Tajikistan,2016-Q4,47.5958495651832
Q,TJ,Tajikistan,2017-Q1,44.2151917609892
Q,TJ,Tajikistan,2017-Q2,43.9027336854193
Q,TJ,Tajikistan,2017-Q3,42.4231795550359
Q,TJ,Tajikistan,2017-Q4,36.5052970282406
Q,TJ,Tajikistan,2018-Q1,34.2666215352781
Q,TJ,Tajikistan,2018-Q2,32.648710792614
Q,TJ,Tajikistan,2018-Q3,32.4176779877542
Q,TJ,Tajikistan,2018-Q4,31.1178674044007
Q,TJ,Tajikistan,2019-Q1,29.9908266538109
Q,TJ,Tajikistan,2019-Q2,25.4962505399289
Q,TJ,Tajikistan,2019-Q3,31.536583059484
Q,TJ,Tajikistan,2019-Q4,26.9555451538116
Q,TJ,Tajikistan,2020-Q1,29.1728841591308
Q,TJ,Tajikistan,2020-Q2,30.9736189158465
Q,TJ,Tajikistan,2020-Q3,28.4975246583241
Q,TJ,Tajikistan,2020-Q4,23.8270235145523
Q,TJ,Tajikistan,2021-Q1,23.1412514530005
Q,TJ,Tajikistan,2021-Q2,15.4626091909581
Q,TJ,Tajikistan,2021-Q3,14.928881501644
Q,TJ,Tajikistan,2021-Q4,13.6547196765819
A,TO,Tonga,2012,14.3731796444657
A,TO,Tonga,2013,10.6057193507607
A,TO,Tonga,2014,10.4781361324885
A,TO,Tonga,2015,7.71220540333397
A,TO,Tonga,2016,4.29691693462225
A,TO,Tonga,2017,3.68327094992369
A,TO,Tonga,2018,3.47050237673211
A,TO,Tonga,2019,3.10579584895945
A,TO,Tonga,2020,3.60217512627458
A,TO,Tonga,2021,3.49666295766886
A,TO,Tonga,2022,8.26126966134645
A,TO,Tonga,2023,11.4622903279451
Q,TO,Tonga,2012-Q1,13.1609590063595
Q,TO,Tonga,2012-Q2,14.9150844295909
Q,TO,Tonga,2012-Q3,13.5044630166581
Q,TO,Tonga,2012-Q4,14.3731796444657
Q,TO,Tonga,2013-Q1,14.5139928751227
Q,TO,Tonga,2013-Q2,13.5562814089822
Q,TO,Tonga,2013-Q3,12.4660558645466
Q,TO,Tonga,2013-Q4,10.6057193507607
Q,TO,Tonga,2014-Q1,10.5579615841387
Q,TO,Tonga,2014-Q2,12.3573522322198
Q,TO,Tonga,2014-Q3,11.430322801109
Q,TO,Tonga,2014-Q4,10.4781361324885
Q,TO,Tonga,2015-Q1,9.18417259195672
Q,TO,Tonga,2015-Q2,9.75745226487914
Q,TO,Tonga,2015-Q3,7.98567038804219
Q,TO,Tonga,2015-Q4,7.71220540333397
Q,TO,Tonga,2016-Q1,7.10655657414823
Q,TO,Tonga,2016-Q2,6.70249526530883
Q,TO,Tonga,2016-Q3,4.6920402935922
Q,TO,Tonga,2016-Q4,4.29691693462225
Q,TO,Tonga,2017-Q1,4.43617209477322
Q,TO,Tonga,2017-Q2,4.07532037395415
Q,TO,Tonga,2017-Q3,3.87756340816555
Q,TO,Tonga,2017-Q4,3.68327094992369
Q,TO,Tonga,2018-Q1,3.81683667750252
Q,TO,Tonga,2018-Q2,3.6365698174711
Q,TO,Tonga,2018-Q3,3.77192281700237
Q,TO,Tonga,2018-Q4,3.47050237673211
Q,TO,Tonga,2019-Q1,3.46502835153041
Q,TO,Tonga,2019-Q2,3.20253343930404
Q,TO,Tonga,2019-Q3,3.22222807010441
Q,TO,Tonga,2019-Q4,3.10579584895945
Q,TO,Tonga,2020-Q1,3.81917755572636
Q,TO,Tonga,2020-Q2,4.09962059752839
Q,TO,Tonga,2020-Q3,4.29676100057755
Q,TO,Tonga,2020-Q4,3.60217512627458
Q,TO,Tonga,2021-Q1,3.64955461886555
Q,TO,Tonga,2021-Q2,3.34260572906018
Q,TO,Tonga,2021-Q3,3.92551006321144
Q,TO,Tonga,2021-Q4,3.49666295766886
Q,TO,Tonga,2022-Q1,4.30074415127678
Q,TO,Tonga,2022-Q2,6.33387902482546
Q,TO,Tonga,2022-Q3,7.03305054129138
Q,TO,Tonga,2022-Q4,8.26126966134645
Q,TO,Tonga,2023-Q1,7.96879904448602
Q,TO,Tonga,2023-Q2,10.3628858599783
Q,TO,Tonga,2023-Q3,10.2757065665565
Q,TO,Tonga,2023-Q4,11.4622903279451
Q,TO,Tonga,2024-Q1,9.56136285487898
Q,TO,Tonga,2024-Q2,10.8704229724196
A,TR,Türkiye,2005,4.31589850311115
A,TR,Türkiye,2006,3.58098683705457
A,TR,Türkiye,2007,3.3213977793724
A,TR,Türkiye,2008,3.44167340058133
A,TR,Türkiye,2009,4.96997625418198
A,TR,Türkiye,2010,3.48959158482402
A,TR,Türkiye,2011,2.57632211204451
A,TR,Türkiye,2012,2.7433675978872
A,TR,Türkiye,2013,2.63627102630174
A,TR,Türkiye,2014,2.74183131997442
A,TR,Türkiye,2015,2.98772329214314
A,TR,Türkiye,2016,3.10968373133547
A,TR,Türkiye,2017,2.84271365893527
A,TR,Türkiye,2018,3.68690904641214
A,TR,Türkiye,2019,5.02294929309671
A,TR,Türkiye,2020,3.89009244045221
A,TR,Türkiye,2021,2.97599400811766
A,TR,Türkiye,2022,1.97901752159553
A,TR,Türkiye,2023,1.4801275195303
A,TR,Türkiye,2024,1.65368192007981
Q,TR,Türkiye,2005-Q4,4.31589850311115
Q,TR,Türkiye,2006-Q1,4.03566521288369
Q,TR,Türkiye,2006-Q2,3.51274483933589
Q,TR,Türkiye,2006-Q3,3.55427360001083
Q,TR,Türkiye,2006-Q4,3.58098683705457
Q,TR,Türkiye,2007-Q1,3.51932049593279
Q,TR,Türkiye,2007-Q2,3.4806787313183
Q,TR,Türkiye,2007-Q3,3.40491293139176
Q,TR,Türkiye,2007-Q4,3.3213977793724
Q,TR,Türkiye,2008-Q1,2.89536552590421
Q,TR,Türkiye,2008-Q2,2.95221443671543
Q,TR,Türkiye,2008-Q3,2.92163768089172
Q,TR,Türkiye,2008-Q4,3.44167340058133
Q,TR,Türkiye,2009-Q1,4.14761436037659
Q,TR,Türkiye,2009-Q2,4.57935197822925
Q,TR,Türkiye,2009-Q3,5.0302920951034
Q,TR,Türkiye,2009-Q4,4.96997625418198
Q,TR,Türkiye,2010-Q1,4.6304592050234
Q,TR,Türkiye,2010-Q2,4.2031211861838
Q,TR,Türkiye,2010-Q3,4.06086050992248
Q,TR,Türkiye,2010-Q4,3.48959158482402
Q,TR,Türkiye,2011-Q1,3.11352203761045
Q,TR,Türkiye,2011-Q2,2.81663959586407
Q,TR,Türkiye,2011-Q3,2.61462344140705
Q,TR,Türkiye,2011-Q4,2.57632211204451
Q,TR,Türkiye,2012-Q1,2.65001368362811
Q,TR,Türkiye,2012-Q2,2.5368320726438
Q,TR,Türkiye,2012-Q3,2.82344202700043
Q,TR,Türkiye,2012-Q4,2.7433675978872
Q,TR,Türkiye,2013-Q1,2.84784801507606
Q,TR,Türkiye,2013-Q2,2.64627933216241
Q,TR,Türkiye,2013-Q3,2.63130456653039
Q,TR,Türkiye,2013-Q4,2.63627102630174
Q,TR,Türkiye,2014-Q1,2.68497343970147
Q,TR,Türkiye,2014-Q2,2.67217598405213
Q,TR,Türkiye,2014-Q3,2.80389556268826
Q,TR,Türkiye,2014-Q4,2.74183131997442
Q,TR,Türkiye,2015-Q1,2.72754975020773
Q,TR,Türkiye,2015-Q2,2.77574928834141
Q,TR,Türkiye,2015-Q3,2.82795617075954
Q,TR,Türkiye,2015-Q4,2.98772329214314
Q,TR,Türkiye,2016-Q1,3.17441495124462
Q,TR,Türkiye,2016-Q2,3.19581645041388
Q,TR,Türkiye,2016-Q3,3.19016049824376
Q,TR,Türkiye,2016-Q4,3.10968373133547
Q,TR,Türkiye,2017-Q1,3.07492339124868
Q,TR,Türkiye,2017-Q2,2.99023518310747
Q,TR,Türkiye,2017-Q3,2.93843595708946
Q,TR,Türkiye,2017-Q4,2.84271365893527
Q,TR,Türkiye,2018-Q1,2.7893284359545
Q,TR,Türkiye,2018-Q2,2.90257341562512
Q,TR,Türkiye,2018-Q3,3.0494731328176
Q,TR,Türkiye,2018-Q4,3.68690904641214
Q,TR,Türkiye,2019-Q1,3.83027137536526
Q,TR,Türkiye,2019-Q2,4.12472168697493
Q,TR,Türkiye,2019-Q3,4.67356614675523
Q,TR,Türkiye,2019-Q4,5.02294929309671
Q,TR,Türkiye,2020-Q1,4.68997041628661
Q,TR,Türkiye,2020-Q2,4.22975463153585
Q,TR,Türkiye,2020-Q3,3.8790565290667
Q,TR,Türkiye,2020-Q4,3.89009244045221
Q,TR,Türkiye,2021-Q1,3.62352654089604
Q,TR,Türkiye,2021-Q2,3.48124722375086
Q,TR,Türkiye,2021-Q3,3.37112358940863
Q,TR,Türkiye,2021-Q4,2.97599400811766
Q,TR,Türkiye,2022-Q1,2.70645979451045
Q,TR,Türkiye,2022-Q2,2.36698084356705
Q,TR,Türkiye,2022-Q3,2.15872215511505
Q,TR,Türkiye,2022-Q4,1.97901752159553
Q,TR,Türkiye,2023-Q1,1.71869285641048
Q,TR,Türkiye,2023-Q2,1.52882124597932
Q,TR,Türkiye,2023-Q3,1.44212685639552
Q,TR,Türkiye,2023-Q4,1.4801275195303
Q,TR,Türkiye,2024-Q1,1.40233544104079
Q,TR,Türkiye,2024-Q2,1.43193690668605
Q,TR,Türkiye,2024-Q3,1.59843911606525
Q,TR,Türkiye,2024-Q4,1.65368192007981
Q,TR,Türkiye,2025-Q1,1.82005256822439
A,TT,Trinidad and Tobago,2008,2.43917634389561
A,TT,Trinidad and Tobago,2009,4.88529760273058
A,TT,Trinidad and Tobago,2010,6.09051435994959
A,TT,Trinidad and Tobago,2011,6.18616016043106
A,TT,Trinidad and Tobago,2012,5.32419650931664
A,TT,Trinidad and Tobago,2013,4.18395299941896
A,TT,Trinidad and Tobago,2014,4.06028937927584
A,TT,Trinidad and Tobago,2015,3.4090935422264
A,TT,Trinidad and Tobago,2016,3.12490299823087
A,TT,Trinidad and Tobago,2017,2.87220812614715
A,TT,Trinidad and Tobago,2018,3.04043709116932
A,TT,Trinidad and Tobago,2019,2.90386292068208
A,TT,Trinidad and Tobago,2020,3.1975723822938
A,TT,Trinidad and Tobago,2021,3.22932177772442
A,TT,Trinidad and Tobago,2022,3.09343080218533
A,TT,Trinidad and Tobago,2023,2.79665804544483
A,TT,Trinidad and Tobago,2024,2.84520569588402
Q,TT,Trinidad and Tobago,2008-Q1,0.821604015737164
Q,TT,Trinidad and Tobago,2008-Q2,1.0593343006308
Q,TT,Trinidad and Tobago,2008-Q3,0.849416933802842
Q,TT,Trinidad and Tobago,2008-Q4,2.43917634389561
Q,TT,Trinidad and Tobago,2009-Q1,3.02338877751445
Q,TT,Trinidad and Tobago,2009-Q2,3.54783288970743
Q,TT,Trinidad and Tobago,2009-Q3,3.4803612123659
Q,TT,Trinidad and Tobago,2009-Q4,4.88529760273058
Q,TT,Trinidad and Tobago,2010-Q1,5.36937552068594
Q,TT,Trinidad and Tobago,2010-Q2,5.2872352240306
Q,TT,Trinidad and Tobago,2010-Q3,5.12207417189344
Q,TT,Trinidad and Tobago,2010-Q4,6.09051435994959
Q,TT,Trinidad and Tobago,2011-Q1,5.65578251128713
Q,TT,Trinidad and Tobago,2011-Q2,6.44602200167163
Q,TT,Trinidad and Tobago,2011-Q3,7.34635065252108
Q,TT,Trinidad and Tobago,2011-Q4,6.18616016043106
Q,TT,Trinidad and Tobago,2012-Q1,6.77992324875162
Q,TT,Trinidad and Tobago,2012-Q2,6.07979499600188
Q,TT,Trinidad and Tobago,2012-Q3,5.38600584754157
Q,TT,Trinidad and Tobago,2012-Q4,5.32419650931664
Q,TT,Trinidad and Tobago,2013-Q1,4.60298140481309
Q,TT,Trinidad and Tobago,2013-Q2,4.33275237053823
Q,TT,Trinidad and Tobago,2013-Q3,4.5242247407078
Q,TT,Trinidad and Tobago,2013-Q4,4.18395299941896
Q,TT,Trinidad and Tobago,2014-Q1,4.15349559630843
Q,TT,Trinidad and Tobago,2014-Q2,3.91971917089338
Q,TT,Trinidad and Tobago,2014-Q3,4.28663479161561
Q,TT,Trinidad and Tobago,2014-Q4,4.06028937927584
Q,TT,Trinidad and Tobago,2015-Q1,4.06648996053226
Q,TT,Trinidad and Tobago,2015-Q2,3.97590041073381
Q,TT,Trinidad and Tobago,2015-Q3,3.46226221894943
Q,TT,Trinidad and Tobago,2015-Q4,3.4090935422264
Q,TT,Trinidad and Tobago,2016-Q1,3.4120314443383
Q,TT,Trinidad and Tobago,2016-Q2,3.20686194383291
Q,TT,Trinidad and Tobago,2016-Q3,3.15852067498614
Q,TT,Trinidad and Tobago,2016-Q4,3.12490299823087
Q,TT,Trinidad and Tobago,2017-Q1,3.04789204154145
Q,TT,Trinidad and Tobago,2017-Q2,3.35604088009879
Q,TT,Trinidad and Tobago,2017-Q3,2.83514546822574
Q,TT,Trinidad and Tobago,2017-Q4,2.87220812614715
Q,TT,Trinidad and Tobago,2018-Q1,3.11780157631079
Q,TT,Trinidad and Tobago,2018-Q2,3.28093539023151
Q,TT,Trinidad and Tobago,2018-Q3,3.24588619177956
Q,TT,Trinidad and Tobago,2018-Q4,3.04043709116932
Q,TT,Trinidad and Tobago,2019-Q1,2.99572506462112
Q,TT,Trinidad and Tobago,2019-Q2,3.31086814486796
Q,TT,Trinidad and Tobago,2019-Q3,2.99544130515183
Q,TT,Trinidad and Tobago,2019-Q4,2.90386292068208
Q,TT,Trinidad and Tobago,2020-Q1,2.87942301174599
Q,TT,Trinidad and Tobago,2020-Q2,3.32550098408605
Q,TT,Trinidad and Tobago,2020-Q3,3.22496215068423
Q,TT,Trinidad and Tobago,2020-Q4,3.1975723822938
Q,TT,Trinidad and Tobago,2021-Q1,3.22210416491418
Q,TT,Trinidad and Tobago,2021-Q2,3.33715354621374
Q,TT,Trinidad and Tobago,2021-Q3,3.31384403046513
Q,TT,Trinidad and Tobago,2021-Q4,3.22932177772442
Q,TT,Trinidad and Tobago,2022-Q1,3.32836554849727
Q,TT,Trinidad and Tobago,2022-Q2,3.24630967157881
Q,TT,Trinidad and Tobago,2022-Q3,3.10784507272391
Q,TT,Trinidad and Tobago,2022-Q4,3.09343080218533
Q,TT,Trinidad and Tobago,2023-Q1,3.16012534066511
Q,TT,Trinidad and Tobago,2023-Q2,3.05233968470427
Q,TT,Trinidad and Tobago,2023-Q3,2.9394180462003
Q,TT,Trinidad and Tobago,2023-Q4,2.79665804544483
Q,TT,Trinidad and Tobago,2024-Q1,2.90539541438803
Q,TT,Trinidad and Tobago,2024-Q2,2.83847541871038
Q,TT,Trinidad and Tobago,2024-Q3,2.86265533797006
Q,TT,Trinidad and Tobago,2024-Q4,2.84520569588402
Q,TT,Trinidad and Tobago,2025-Q1,2.89795617524196
A,TZ,"Tanzania, United Republic of",2010,7.84376122521316
A,TZ,"Tanzania, United Republic of",2011,5.39637230168725
A,TZ,"Tanzania, United Republic of",2012,6.4018854955144
A,TZ,"Tanzania, United Republic of",2013,5.11514486567446
A,TZ,"Tanzania, United Republic of",2014,6.58398471153915
A,TZ,"Tanzania, United Republic of",2015,8.58250269886561
A,TZ,"Tanzania, United Republic of",2016,9.60809945919417
A,TZ,"Tanzania, United Republic of",2017,12.4845780313065
A,TZ,"Tanzania, United Republic of",2018,9.93009079379241
A,TZ,"Tanzania, United Republic of",2019,9.61371669561269
A,TZ,"Tanzania, United Republic of",2020,8.69677193421736
A,TZ,"Tanzania, United Republic of",2021,7.63089352247963
A,TZ,"Tanzania, United Republic of",2022,6.4329580835226
Q,TZ,"Tanzania, United Republic of",2011-Q1,7.44684511050338
Q,TZ,"Tanzania, United Republic of",2011-Q2,7.0201089241468
Q,TZ,"Tanzania, United Republic of",2011-Q3,6.51154371163721
Q,TZ,"Tanzania, United Republic of",2011-Q4,5.39637230168725
Q,TZ,"Tanzania, United Republic of",2012-Q1,5.98056340658354
Q,TZ,"Tanzania, United Republic of",2012-Q2,6.64665040191257
Q,TZ,"Tanzania, United Republic of",2012-Q3,5.99603605022593
Q,TZ,"Tanzania, United Republic of",2012-Q4,6.4018854955144
Q,TZ,"Tanzania, United Republic of",2013-Q1,5.98188552461207
Q,TZ,"Tanzania, United Republic of",2013-Q2,6.25228178036822
Q,TZ,"Tanzania, United Republic of",2013-Q3,5.52617317910338
Q,TZ,"Tanzania, United Republic of",2013-Q4,5.11514486567446
Q,TZ,"Tanzania, United Republic of",2014-Q1,8.03236165759193
Q,TZ,"Tanzania, United Republic of",2014-Q2,6.63480023309963
Q,TZ,"Tanzania, United Republic of",2014-Q3,6.96540039483525
Q,TZ,"Tanzania, United Republic of",2014-Q4,6.58398471153915
Q,TZ,"Tanzania, United Republic of",2015-Q1,5.86801659763508
Q,TZ,"Tanzania, United Republic of",2015-Q2,6.4612694277045
Q,TZ,"Tanzania, United Republic of",2015-Q3,6.25785381303025
Q,TZ,"Tanzania, United Republic of",2015-Q4,8.58250269886561
Q,TZ,"Tanzania, United Republic of",2016-Q1,9.53842366008773
Q,TZ,"Tanzania, United Republic of",2016-Q2,8.97550695950862
Q,TZ,"Tanzania, United Republic of",2016-Q3,8.16072727345116
Q,TZ,"Tanzania, United Republic of",2016-Q4,9.60809945919417
Q,TZ,"Tanzania, United Republic of",2017-Q1,11.0069193263379
Q,TZ,"Tanzania, United Republic of",2017-Q2,10.5329998023912
Q,TZ,"Tanzania, United Republic of",2017-Q3,12.441353135622
Q,TZ,"Tanzania, United Republic of",2017-Q4,12.4845780313065
Q,TZ,"Tanzania, United Republic of",2018-Q1,10.9998022030249
Q,TZ,"Tanzania, United Republic of",2018-Q2,10.8506093607166
Q,TZ,"Tanzania, United Republic of",2018-Q3,9.29368721876697
Q,TZ,"Tanzania, United Republic of",2018-Q4,9.93009079379241
Q,TZ,"Tanzania, United Republic of",2019-Q1,10.3892690585921
Q,TZ,"Tanzania, United Republic of",2019-Q2,10.0724764103527
Q,TZ,"Tanzania, United Republic of",2019-Q3,10.4076565282451
Q,TZ,"Tanzania, United Republic of",2019-Q4,9.61371669561269
Q,TZ,"Tanzania, United Republic of",2020-Q1,10.505764210602
Q,TZ,"Tanzania, United Republic of",2020-Q2,10.3669996980143
Q,TZ,"Tanzania, United Republic of",2020-Q3,9.75833518367488
Q,TZ,"Tanzania, United Republic of",2020-Q4,8.69677193421736
Q,TZ,"Tanzania, United Republic of",2021-Q1,8.65187363667411
Q,TZ,"Tanzania, United Republic of",2021-Q2,9.68968143570267
Q,TZ,"Tanzania, United Republic of",2021-Q3,9.11037980451624
Q,TZ,"Tanzania, United Republic of",2021-Q4,7.63089352247963
Q,TZ,"Tanzania, United Republic of",2022-Q1,7.65702267491755
Q,TZ,"Tanzania, United Republic of",2022-Q2,7.26792675849773
Q,TZ,"Tanzania, United Republic of",2022-Q3,6.80811153237711
Q,TZ,"Tanzania, United Republic of",2022-Q4,6.4329580835226
Q,TZ,"Tanzania, United Republic of",2023-Q1,6.08355557662833
Q,TZ,"Tanzania, United Republic of",2023-Q2,4.93486913811716
A,UA,Ukraine,2005,57.9897716519799
A,UA,Ukraine,2006,59.7566320355279
A,UA,Ukraine,2007,48.1183737206673
A,UA,Ukraine,2008,3.88384823823554
A,UA,Ukraine,2009,13.6977713199854
A,UA,Ukraine,2010,15.2665117708456
A,UA,Ukraine,2011,14.7322884259186
A,UA,Ukraine,2012,20.3740677541987
A,UA,Ukraine,2013,16.3528524705885
A,UA,Ukraine,2014,23.32072094246
A,UA,Ukraine,2015,35.3852494023724
A,UA,Ukraine,2016,38.9524888709753
A,UA,Ukraine,2017,54.8232758416853
A,UA,Ukraine,2018,54.4100172630314
A,UA,Ukraine,2019,50.5258505757219
A,UA,Ukraine,2020,43.4686522704987
A,UA,Ukraine,2021,31.7178311337652
A,UA,Ukraine,2022,38.1191801712499
A,UA,Ukraine,2023,37.3513584049095
A,UA,Ukraine,2024,30.2882706427491
Q,UA,Ukraine,2005-Q4,57.9897716519799
Q,UA,Ukraine,2006-Q1,57.3357139608299
Q,UA,Ukraine,2006-Q2,58.0196334548461
Q,UA,Ukraine,2006-Q3,59.2216609723856
Q,UA,Ukraine,2006-Q4,59.7566320355279
Q,UA,Ukraine,2007-Q1,58.3263616278733
Q,UA,Ukraine,2007-Q2,55.5278080096648
Q,UA,Ukraine,2007-Q3,49.1626925725815
Q,UA,Ukraine,2007-Q4,48.1183737206673
Q,UA,Ukraine,2008-Q1,2.67578832635158
Q,UA,Ukraine,2008-Q2,2.94743158462777
Q,UA,Ukraine,2008-Q3,2.96692652535679
Q,UA,Ukraine,2008-Q4,3.88384823823554
Q,UA,Ukraine,2009-Q1,6.13272397727032
Q,UA,Ukraine,2009-Q2,8.9215112878923
Q,UA,Ukraine,2009-Q3,9.58455993882176
Q,UA,Ukraine,2009-Q4,13.6977713199854
Q,UA,Ukraine,2010-Q1,13.7448313301207
Q,UA,Ukraine,2010-Q2,14.7188721020534
Q,UA,Ukraine,2010-Q3,15.4280442746826
Q,UA,Ukraine,2010-Q4,15.2665117708456
Q,UA,Ukraine,2011-Q1,15.4516230361369
Q,UA,Ukraine,2011-Q2,15.407116090348
Q,UA,Ukraine,2011-Q3,15.3036208709317
Q,UA,Ukraine,2011-Q4,14.7322884259186
Q,UA,Ukraine,2012-Q1,14.8496269073779
Q,UA,Ukraine,2012-Q2,14.0675504114758
Q,UA,Ukraine,2012-Q3,13.7968285774802
Q,UA,Ukraine,2012-Q4,20.3740677541987
Q,UA,Ukraine,2013-Q1,19.8018614297087
Q,UA,Ukraine,2013-Q2,19.4467350453898
Q,UA,Ukraine,2013-Q3,17.7352121117113
Q,UA,Ukraine,2013-Q4,16.3528524705885
Q,UA,Ukraine,2014-Q1,16.7327003692142
Q,UA,Ukraine,2014-Q2,18.1580495923291
Q,UA,Ukraine,2014-Q3,20.7716348237855
Q,UA,Ukraine,2014-Q4,23.32072094246
Q,UA,Ukraine,2015-Q1,30.1213234856477
Q,UA,Ukraine,2015-Q2,29.8605279372371
Q,UA,Ukraine,2015-Q3,31.7166982974317
Q,UA,Ukraine,2015-Q4,35.3852494023724
Q,UA,Ukraine,2016-Q1,37.5445764999443
Q,UA,Ukraine,2016-Q2,38.6210793177533
Q,UA,Ukraine,2016-Q3,39.3193628670427
Q,UA,Ukraine,2016-Q4,38.9524888709753
Q,UA,Ukraine,2017-Q1,55.3390643917104
Q,UA,Ukraine,2017-Q2,57.9793442311716
Q,UA,Ukraine,2017-Q3,56.7677314905067
Q,UA,Ukraine,2017-Q4,54.8232758416853
Q,UA,Ukraine,2018-Q1,57.2414219832411
Q,UA,Ukraine,2018-Q2,57.0502065966798
Q,UA,Ukraine,2018-Q3,55.4841413827209
Q,UA,Ukraine,2018-Q4,54.4100172630314
Q,UA,Ukraine,2019-Q1,53.5474622870882
Q,UA,Ukraine,2019-Q2,52.4359891134254
Q,UA,Ukraine,2019-Q3,51.0508372505154
Q,UA,Ukraine,2019-Q4,50.5258505757219
Q,UA,Ukraine,2020-Q1,50.9634825346745
Q,UA,Ukraine,2020-Q2,50.6262930788324
Q,UA,Ukraine,2020-Q3,48.5519791757956
Q,UA,Ukraine,2020-Q4,43.4686522704987
Q,UA,Ukraine,2021-Q1,42.4354431038469
Q,UA,Ukraine,2021-Q2,39.5290468924232
Q,UA,Ukraine,2021-Q3,35.2612037268103
Q,UA,Ukraine,2021-Q4,31.7178311337652
Q,UA,Ukraine,2022-Q1,27.064741181948
Q,UA,Ukraine,2022-Q2,29.7126928661294
Q,UA,Ukraine,2022-Q3,33.625735482611
Q,UA,Ukraine,2022-Q4,38.1191801712499
Q,UA,Ukraine,2023-Q1,38.7915289104755
Q,UA,Ukraine,2023-Q2,38.9361278323485
Q,UA,Ukraine,2023-Q3,37.8717289021049
Q,UA,Ukraine,2023-Q4,37.3513584049095
Q,UA,Ukraine,2024-Q1,36.0661580707064
Q,UA,Ukraine,2024-Q2,34.5709178519175
Q,UA,Ukraine,2024-Q3,32.3369239470034
Q,UA,Ukraine,2024-Q4,30.2882706427491
Q,UA,Ukraine,2025-Q1,28.5708530021225
Q,UA,Ukraine,2025-Q2,27.0141407910808
A,UG,Uganda,2005,1.50718421954579
A,UG,Uganda,2006,1.96057557646525
A,UG,Uganda,2007,2.8478253682243
A,UG,Uganda,2008,1.67879906162916
A,UG,Uganda,2009,3.34137304710696
A,UG,Uganda,2010,1.86158193519678
A,UG,Uganda,2011,2.03895126306271
A,UG,Uganda,2012,4.05584907416987
A,UG,Uganda,2013,5.97464019247974
A,UG,Uganda,2014,4.05305145439071
A,UG,Uganda,2015,5.12695553089331
A,UG,Uganda,2016,10.4013107515953
A,UG,Uganda,2017,5.44570853608703
A,UG,Uganda,2018,3.32061335019615
A,UG,Uganda,2019,4.55501095819166
A,UG,Uganda,2020,5.34171405117955
A,UG,Uganda,2021,5.32198953283006
A,UG,Uganda,2022,5.09502348431099
A,UG,Uganda,2023,4.49675369389608
Q,UG,Uganda,2005-Q1,1.29892144118564
Q,UG,Uganda,2005-Q2,1.72772056831802
Q,UG,Uganda,2005-Q3,1.88774802341969
Q,UG,Uganda,2005-Q4,1.50718421954579
Q,UG,Uganda,2006-Q1,1.53904109162415
Q,UG,Uganda,2006-Q2,1.92270944393332
Q,UG,Uganda,2006-Q3,2.07558162218034
Q,UG,Uganda,2006-Q4,1.96057557646525
Q,UG,Uganda,2007-Q1,2.23565619061266
Q,UG,Uganda,2007-Q2,2.33767990947991
Q,UG,Uganda,2007-Q3,2.46066012505127
Q,UG,Uganda,2007-Q4,2.8478253682243
Q,UG,Uganda,2008-Q1,2.82786914627511
Q,UG,Uganda,2008-Q2,2.91767468620218
Q,UG,Uganda,2008-Q3,2.82481558734993
Q,UG,Uganda,2008-Q4,1.67879906162916
Q,UG,Uganda,2009-Q1,1.67486475709894
Q,UG,Uganda,2009-Q2,2.64299101355959
Q,UG,Uganda,2009-Q3,3.13214126404041
Q,UG,Uganda,2009-Q4,3.34137304710696
Q,UG,Uganda,2010-Q1,3.08529921873536
Q,UG,Uganda,2010-Q2,2.74932575981997
Q,UG,Uganda,2010-Q3,2.3783534177083
Q,UG,Uganda,2010-Q4,1.86158193519678
Q,UG,Uganda,2011-Q1,2.3263518292004
Q,UG,Uganda,2011-Q2,1.51897553066529
Q,UG,Uganda,2011-Q3,1.68437678988823
Q,UG,Uganda,2011-Q4,2.03895126306271
Q,UG,Uganda,2012-Q1,3.0925188451356
Q,UG,Uganda,2012-Q2,3.57965749852246
Q,UG,Uganda,2012-Q3,4.35394427949558
Q,UG,Uganda,2012-Q4,4.05584907416987
Q,UG,Uganda,2013-Q1,4.66475442545346
Q,UG,Uganda,2013-Q2,3.97192777840111
Q,UG,Uganda,2013-Q3,4.3614264464767
Q,UG,Uganda,2013-Q4,5.97464019247974
Q,UG,Uganda,2014-Q1,6.00568843042546
Q,UG,Uganda,2014-Q2,5.67665003189219
Q,UG,Uganda,2014-Q3,5.18075823304478
Q,UG,Uganda,2014-Q4,4.05305145439071
Q,UG,Uganda,2015-Q1,4.18296221775592
Q,UG,Uganda,2015-Q2,3.87033013787662
Q,UG,Uganda,2015-Q3,3.70817426498098
Q,UG,Uganda,2015-Q4,5.12695553089331
Q,UG,Uganda,2016-Q1,6.58763501313271
Q,UG,Uganda,2016-Q2,8.19972757991469
Q,UG,Uganda,2016-Q3,7.62307388239728
Q,UG,Uganda,2016-Q4,10.4013107515953
Q,UG,Uganda,2017-Q1,6.16533752657757
Q,UG,Uganda,2017-Q2,6.01229179195337
Q,UG,Uganda,2017-Q3,7.00638013982749
Q,UG,Uganda,2017-Q4,5.44570853608703
Q,UG,Uganda,2018-Q1,5.10585620837162
Q,UG,Uganda,2018-Q2,4.2939562954538
Q,UG,Uganda,2018-Q3,4.50977807295899
Q,UG,Uganda,2018-Q4,3.32061335019615
Q,UG,Uganda,2019-Q1,3.72830078784418
Q,UG,Uganda,2019-Q2,3.73495552586631
Q,UG,Uganda,2019-Q3,4.2273487301781
Q,UG,Uganda,2019-Q4,4.55501095819166
Q,UG,Uganda,2020-Q1,5.26160265999769
Q,UG,Uganda,2020-Q2,5.94447390924795
Q,UG,Uganda,2020-Q3,5.15170097065748
Q,UG,Uganda,2020-Q4,5.34171405117955
Q,UG,Uganda,2021-Q1,5.43775089467149
Q,UG,Uganda,2021-Q2,5.01258538124832
Q,UG,Uganda,2021-Q3,5.73922559407472
Q,UG,Uganda,2021-Q4,5.32198953283006
Q,UG,Uganda,2022-Q1,5.76865703043673
Q,UG,Uganda,2022-Q2,5.27771005076716
Q,UG,Uganda,2022-Q3,5.14761125936752
Q,UG,Uganda,2022-Q4,5.09502348431099
Q,UG,Uganda,2023-Q1,5.56956754947484
Q,UG,Uganda,2023-Q2,5.54351294908234
Q,UG,Uganda,2023-Q3,5.17796155395557
Q,UG,Uganda,2023-Q4,4.49675369389608
Q,UG,Uganda,2024-Q1,4.94537727147946
Q,UG,Uganda,2024-Q2,4.73172918627561
Q,UG,Uganda,2024-Q3,4.68318190861349
A,US,United States,2009,4.95990413551278
A,US,United States,2010,4.38774309355536
A,US,United States,2011,3.78150447341427
A,US,United States,2012,3.31729162388854
A,US,United States,2013,2.45239118205519
A,US,United States,2014,1.85071180176899
A,US,United States,2015,1.4734265470522
A,US,United States,2016,1.32052217577728
A,US,United States,2017,1.12682415706513
A,US,United States,2018,0.913161529735838
A,US,United States,2019,0.855251960083456
A,US,United States,2020,1.06536914566418
A,US,United States,2021,0.813464699477564
A,US,United States,2022,0.71607362746051
A,US,United States,2023,0.846592385960373
Q,US,United States,2009-Q1,3.43252794983941
Q,US,United States,2009-Q2,3.98762592415006
Q,US,United States,2009-Q3,4.5288373551189
Q,US,United States,2009-Q4,4.95990413551278
Q,US,United States,2010-Q1,4.98807498167218
Q,US,United States,2010-Q2,4.82088106342396
Q,US,United States,2010-Q3,4.6046136104135
Q,US,United States,2010-Q4,4.38774309355536
Q,US,United States,2011-Q1,4.26113172984344
Q,US,United States,2011-Q2,3.9637573961049
Q,US,United States,2011-Q3,3.80235598371321
Q,US,United States,2011-Q4,3.78150447341427
Q,US,United States,2012-Q1,3.82413249368765
Q,US,United States,2012-Q2,3.58995737727002
Q,US,United States,2012-Q3,3.5569406365936
Q,US,United States,2012-Q4,3.31729162388854
Q,US,United States,2013-Q1,3.16129240347041
Q,US,United States,2013-Q2,2.88270621025012
Q,US,United States,2013-Q3,2.63918675250955
Q,US,United States,2013-Q4,2.45239118205519
Q,US,United States,2014-Q1,2.29218001278631
Q,US,United States,2014-Q2,2.09705217051398
Q,US,United States,2014-Q3,1.9849901127746
Q,US,United States,2014-Q4,1.85071180176899
Q,US,United States,2015-Q1,1.71376923266894
Q,US,United States,2015-Q2,1.59581605898384
Q,US,United States,2015-Q3,1.52169867493965
Q,US,United States,2015-Q4,1.4734265470522
Q,US,United States,2016-Q1,1.47000942698746
Q,US,United States,2016-Q2,1.38994772799922
Q,US,United States,2016-Q3,1.34582240909465
Q,US,United States,2016-Q4,1.32052217577728
Q,US,United States,2017-Q1,1.24950884615514
Q,US,United States,2017-Q2,1.14675844644565
Q,US,United States,2017-Q3,1.1304802338121
Q,US,United States,2017-Q4,1.12682415706513
Q,US,United States,2018-Q1,1.06744319050546
Q,US,United States,2018-Q2,0.992010836520555
Q,US,United States,2018-Q3,0.949106437183651
Q,US,United States,2018-Q4,0.913161529735838
Q,US,United States,2019-Q1,0.901639451254306
Q,US,United States,2019-Q2,0.852718791228834
Q,US,United States,2019-Q3,0.8559772222739
Q,US,United States,2019-Q4,0.855251960083456
Q,US,United States,2020-Q1,0.871346651504102
Q,US,United States,2020-Q2,0.966324220614792
Q,US,United States,2020-Q3,1.04927901635872
Q,US,United States,2020-Q4,1.06536914566418
Q,US,United States,2021-Q1,1.0257507888652
Q,US,United States,2021-Q2,0.91316655207661
Q,US,United States,2021-Q3,0.853981221448706
Q,US,United States,2021-Q4,0.813464699477564
Q,US,United States,2022-Q1,0.768470329265741
Q,US,United States,2022-Q2,0.69621665347953
Q,US,United States,2022-Q3,0.691648235343392
Q,US,United States,2022-Q4,0.71607362746051
Q,US,United States,2023-Q1,0.72967867182211
Q,US,United States,2023-Q2,0.737268097920814
Q,US,United States,2023-Q3,0.802876057514308
Q,US,United States,2023-Q4,0.846592385960373
Q,US,United States,2024-Q1,0.895844295137247
Q,US,United States,2024-Q2,0.886038353000322
Q,US,United States,2024-Q3,0.93506142779742
A,UY,Uruguay,2015,1.61881565597064
A,UY,Uruguay,2016,2.44690921031638
A,UY,Uruguay,2017,2.65871523841494
A,UY,Uruguay,2018,2.82306730581332
A,UY,Uruguay,2019,2.55080285634813
A,UY,Uruguay,2020,2.33577120791948
A,UY,Uruguay,2021,1.32633570785667
A,UY,Uruguay,2022,1.38667637075011
A,UY,Uruguay,2023,1.65077256389921
A,UY,Uruguay,2024,1.52254317648406
Q,UY,Uruguay,2015-Q4,1.61881565597064
Q,UY,Uruguay,2016-Q4,2.44690921031638
Q,UY,Uruguay,2017-Q4,2.65871523841494
Q,UY,Uruguay,2018-Q4,2.82306730581332
Q,UY,Uruguay,2019-Q4,2.55080285634813
Q,UY,Uruguay,2020-Q4,2.33577120791948
Q,UY,Uruguay,2021-Q1,2.29141751835144
Q,UY,Uruguay,2021-Q2,1.9585914042369
Q,UY,Uruguay,2021-Q3,1.52088620220121
Q,UY,Uruguay,2021-Q4,1.32633570785667
Q,UY,Uruguay,2022-Q1,1.35311045324904
Q,UY,Uruguay,2022-Q2,1.68734737137675
Q,UY,Uruguay,2022-Q3,1.46396322460772
Q,UY,Uruguay,2022-Q4,1.38667637075011
Q,UY,Uruguay,2023-Q1,1.58576505124617
Q,UY,Uruguay,2023-Q2,1.7511346938045
Q,UY,Uruguay,2023-Q3,1.81228862179122
Q,UY,Uruguay,2023-Q4,1.65077256389921
Q,UY,Uruguay,2024-Q1,1.77809021182717
Q,UY,Uruguay,2024-Q2,1.67954637225594
Q,UY,Uruguay,2024-Q3,1.67463820704247
Q,UY,Uruguay,2024-Q4,1.52254317648406
Q,UY,Uruguay,2025-Q1,1.53973961741285
A,UZ,Uzbekistan,2019,1.47850042070039
A,UZ,Uzbekistan,2020,2.06065321360246
A,UZ,Uzbekistan,2021,5.1302251620447
A,UZ,Uzbekistan,2022,3.53227061739395
A,UZ,Uzbekistan,2023,3.45445449013675
A,UZ,Uzbekistan,2024,3.88791727639684
Q,UZ,Uzbekistan,2019-Q1,1.4221158473273
Q,UZ,Uzbekistan,2019-Q2,1.4532417390489
Q,UZ,Uzbekistan,2019-Q3,1.29548279343684
Q,UZ,Uzbekistan,2019-Q4,1.47850042070039
Q,UZ,Uzbekistan,2020-Q1,2.2296728106227
Q,UZ,Uzbekistan,2020-Q2,2.82814188711291
Q,UZ,Uzbekistan,2020-Q3,2.55666843659837
Q,UZ,Uzbekistan,2020-Q4,2.06065321360246
Q,UZ,Uzbekistan,2021-Q1,3.54007697206452
Q,UZ,Uzbekistan,2021-Q2,5.51340188152156
Q,UZ,Uzbekistan,2021-Q3,5.74254970259785
Q,UZ,Uzbekistan,2021-Q4,5.1302251620447
Q,UZ,Uzbekistan,2022-Q1,4.87454302649715
Q,UZ,Uzbekistan,2022-Q2,4.81554375130605
Q,UZ,Uzbekistan,2022-Q3,4.64257260340352
Q,UZ,Uzbekistan,2022-Q4,3.53227061739395
Q,UZ,Uzbekistan,2023-Q1,3.44382627790326
Q,UZ,Uzbekistan,2023-Q2,3.31163899704144
Q,UZ,Uzbekistan,2023-Q3,3.65525408848975
Q,UZ,Uzbekistan,2023-Q4,3.45445449013675
Q,UZ,Uzbekistan,2024-Q1,4.41918696089339
Q,UZ,Uzbekistan,2024-Q2,3.96087583190034
Q,UZ,Uzbekistan,2024-Q3,4.09235655293241
Q,UZ,Uzbekistan,2024-Q4,3.88791727639684
Q,UZ,Uzbekistan,2025-Q1,4.17206741773651
Q,UZ,Uzbekistan,2025-Q2,3.72215321384891
A,VC,Saint Vincent and the Grenadines,2015,8.653232
A,VC,Saint Vincent and the Grenadines,2016,9.531349
A,VC,Saint Vincent and the Grenadines,2017,8.173337
A,VC,Saint Vincent and the Grenadines,2018,6.476606
A,VC,Saint Vincent and the Grenadines,2019,6.423136
A,VC,Saint Vincent and the Grenadines,2020,7.38275314065035
A,VC,Saint Vincent and the Grenadines,2021,7.83357109578419
A,VC,Saint Vincent and the Grenadines,2022,10.1239914738193
A,VC,Saint Vincent and the Grenadines,2023,8.125208
A,VC,Saint Vincent and the Grenadines,2024,6.962772
Q,VC,Saint Vincent and the Grenadines,2015-Q1,9.407857
Q,VC,Saint Vincent and the Grenadines,2015-Q2,8.861323
Q,VC,Saint Vincent and the Grenadines,2015-Q3,9.031803
Q,VC,Saint Vincent and the Grenadines,2015-Q4,8.653232
Q,VC,Saint Vincent and the Grenadines,2016-Q1,9.226148
Q,VC,Saint Vincent and the Grenadines,2016-Q2,8.992336
Q,VC,Saint Vincent and the Grenadines,2016-Q3,9.62397
Q,VC,Saint Vincent and the Grenadines,2016-Q4,9.531349
Q,VC,Saint Vincent and the Grenadines,2017-Q1,9.567604
Q,VC,Saint Vincent and the Grenadines,2017-Q2,9.713067
Q,VC,Saint Vincent and the Grenadines,2017-Q3,8.491533
Q,VC,Saint Vincent and the Grenadines,2017-Q4,8.173337
Q,VC,Saint Vincent and the Grenadines,2018-Q1,7.685117
Q,VC,Saint Vincent and the Grenadines,2018-Q2,6.801064
Q,VC,Saint Vincent and the Grenadines,2018-Q3,7.043601
Q,VC,Saint Vincent and the Grenadines,2018-Q4,6.476606
Q,VC,Saint Vincent and the Grenadines,2019-Q1,6.254838
Q,VC,Saint Vincent and the Grenadines,2019-Q2,6.216884
Q,VC,Saint Vincent and the Grenadines,2019-Q3,6.402648
Q,VC,Saint Vincent and the Grenadines,2019-Q4,6.423136
Q,VC,Saint Vincent and the Grenadines,2020-Q1,7.24274553808573
Q,VC,Saint Vincent and the Grenadines,2020-Q2,7.30728329615326
Q,VC,Saint Vincent and the Grenadines,2020-Q3,7.23756906077348
Q,VC,Saint Vincent and the Grenadines,2020-Q4,7.38275314065035
Q,VC,Saint Vincent and the Grenadines,2021-Q1,7.39843413862133
Q,VC,Saint Vincent and the Grenadines,2021-Q2,7.53052383114842
Q,VC,Saint Vincent and the Grenadines,2021-Q3,7.65729695496935
Q,VC,Saint Vincent and the Grenadines,2021-Q4,7.83357109578419
Q,VC,Saint Vincent and the Grenadines,2022-Q1,9.47344998194523
Q,VC,Saint Vincent and the Grenadines,2022-Q2,9.8970900730844
Q,VC,Saint Vincent and the Grenadines,2022-Q3,10.1486297455264
Q,VC,Saint Vincent and the Grenadines,2022-Q4,10.1239914738193
Q,VC,Saint Vincent and the Grenadines,2023-Q1,8.853055
Q,VC,Saint Vincent and the Grenadines,2023-Q2,9.285895
Q,VC,Saint Vincent and the Grenadines,2023-Q3,8.510895
Q,VC,Saint Vincent and the Grenadines,2023-Q4,8.125208
Q,VC,Saint Vincent and the Grenadines,2024-Q1,7.448251
Q,VC,Saint Vincent and the Grenadines,2024-Q2,7.326175
Q,VC,Saint Vincent and the Grenadines,2024-Q3,6.94219
Q,VC,Saint Vincent and the Grenadines,2024-Q4,6.962772
Q,VC,Saint Vincent and the Grenadines,2025-Q1,6.741099
A,VN,Viet Nam,2008,2.15099820496032
A,VN,Viet Nam,2009,1.79656609383679
A,VN,Viet Nam,2010,2.09259938242001
A,VN,Viet Nam,2011,2.79209384764477
A,VN,Viet Nam,2012,3.43791016533393
A,VN,Viet Nam,2013,3.10707263260723
A,VN,Viet Nam,2014,3.49733108025613
A,VN,Viet Nam,2015,2.75511790461508
A,VN,Viet Nam,2016,2.63885944068427
A,VN,Viet Nam,2017,2.11141959192174
A,VN,Viet Nam,2018,2.12656065140467
A,VN,Viet Nam,2019,1.77330386734804
A,VN,Viet Nam,2020,1.87185415971075
A,VN,Viet Nam,2021,1.59911146644285
A,VN,Viet Nam,2022,2.32004921223853
A,VN,Viet Nam,2023,5.40935233043069
A,VN,Viet Nam,2024,4.84808056727129
Q,VN,Viet Nam,2014-Q2,4.3262805667874
Q,VN,Viet Nam,2014-Q4,3.49733108025613
Q,VN,Viet Nam,2015-Q2,3.91255058597238
Q,VN,Viet Nam,2015-Q4,2.75511790461508
Q,VN,Viet Nam,2016-Q2,2.77599037062752
Q,VN,Viet Nam,2016-Q4,2.63885944068427
Q,VN,Viet Nam,2017-Q2,2.67551974327647
Q,VN,Viet Nam,2017-Q4,2.11141959192174
Q,VN,Viet Nam,2018-Q2,2.16138282584698
Q,VN,Viet Nam,2018-Q4,2.12656065140467
Q,VN,Viet Nam,2019-Q2,2.11728823939087
Q,VN,Viet Nam,2019-Q4,1.77330386734804
Q,VN,Viet Nam,2020-Q2,2.00255066367492
Q,VN,Viet Nam,2020-Q4,1.87185415971075
Q,VN,Viet Nam,2021-Q2,1.87440860473079
Q,VN,Viet Nam,2021-Q4,1.59911146644285
Q,VN,Viet Nam,2022-Q2,1.68730819415408
Q,VN,Viet Nam,2022-Q4,2.32004921223853
Q,VN,Viet Nam,2023-Q2,3.88642328483694
Q,VN,Viet Nam,2023-Q3,5.85226529799659
Q,VN,Viet Nam,2023-Q4,5.40935233043069
Q,VN,Viet Nam,2024-Q1,5.58623048999348
Q,VN,Viet Nam,2024-Q2,5.35347934726854
Q,VN,Viet Nam,2024-Q3,5.40484090522579
Q,VN,Viet Nam,2024-Q4,4.84808056727129
A,VU,Vanuatu,2010,4.77150543510283
A,VU,Vanuatu,2011,7.82015970798529
A,VU,Vanuatu,2012,7.82678528887575
A,VU,Vanuatu,2013,14.1043951624069
A,VU,Vanuatu,2014,10.72651222798
A,VU,Vanuatu,2015,12.2669904276453
A,VU,Vanuatu,2016,10.8098880003735
A,VU,Vanuatu,2017,15.0452264354829
Q,VU,Vanuatu,2010-Q1,6.08086703259826
Q,VU,Vanuatu,2010-Q2,5.74341539523411
Q,VU,Vanuatu,2010-Q3,4.78806383625697
Q,VU,Vanuatu,2010-Q4,4.77150543510283
Q,VU,Vanuatu,2011-Q1,4.73478522495892
Q,VU,Vanuatu,2011-Q2,4.9430413075913
Q,VU,Vanuatu,2011-Q3,8.23884813659599
Q,VU,Vanuatu,2011-Q4,7.82015970798529
Q,VU,Vanuatu,2012-Q1,8.10469061388475
Q,VU,Vanuatu,2012-Q2,8.76833415842626
Q,VU,Vanuatu,2012-Q3,8.60204378063848
Q,VU,Vanuatu,2012-Q4,7.82678528887575
Q,VU,Vanuatu,2013-Q1,8.54463234242525
Q,VU,Vanuatu,2013-Q2,9.07455136382962
Q,VU,Vanuatu,2013-Q3,14.3488621780782
Q,VU,Vanuatu,2013-Q4,14.1043951624069
Q,VU,Vanuatu,2014-Q1,15.3868049838446
Q,VU,Vanuatu,2014-Q2,16.3696376241963
Q,VU,Vanuatu,2014-Q3,12.2561167160457
Q,VU,Vanuatu,2014-Q4,10.72651222798
Q,VU,Vanuatu,2015-Q1,11.8592053737214
Q,VU,Vanuatu,2015-Q2,13.8849307453803
Q,VU,Vanuatu,2015-Q3,13.6838141930928
Q,VU,Vanuatu,2015-Q4,12.2669904276453
Q,VU,Vanuatu,2016-Q1,11.5303725603049
Q,VU,Vanuatu,2016-Q2,11.4490492286031
Q,VU,Vanuatu,2016-Q3,11.6566151918869
Q,VU,Vanuatu,2016-Q4,10.8098880003735
Q,VU,Vanuatu,2017-Q1,13.2667280985575
Q,VU,Vanuatu,2017-Q2,14.0252080407539
Q,VU,Vanuatu,2017-Q3,15.6101607866071
Q,VU,Vanuatu,2017-Q4,15.0452264354829
Q,VU,Vanuatu,2018-Q1,16.0617638027038
A,WS,Samoa,2016,3.72405853190229
A,WS,Samoa,2017,5.28277454094001
A,WS,Samoa,2018,3.60416147310541
A,WS,Samoa,2019,3.95248764606908
A,WS,Samoa,2020,3.84423551921777
A,WS,Samoa,2021,3.55056387502311
A,WS,Samoa,2022,4.98291772854718
A,WS,Samoa,2023,5.37135173195123
A,WS,Samoa,2024,4.20226648010876
Q,WS,Samoa,2016-Q1,4.58603625029095
Q,WS,Samoa,2016-Q2,5.15157118249852
Q,WS,Samoa,2016-Q3,4.59337486806305
Q,WS,Samoa,2016-Q4,3.72405853190229
Q,WS,Samoa,2017-Q1,3.45769348739226
Q,WS,Samoa,2017-Q2,4.10969471390276
Q,WS,Samoa,2017-Q3,4.47773967087785
Q,WS,Samoa,2017-Q4,5.28277454094001
Q,WS,Samoa,2018-Q1,3.63704393490103
Q,WS,Samoa,2018-Q2,4.30399767897838
Q,WS,Samoa,2018-Q3,3.62294395142203
Q,WS,Samoa,2018-Q4,3.60416147310541
Q,WS,Samoa,2019-Q1,4.1576891792041
Q,WS,Samoa,2019-Q2,3.90916572737194
Q,WS,Samoa,2019-Q3,4.04880071984928
Q,WS,Samoa,2019-Q4,3.95248764606908
Q,WS,Samoa,2020-Q1,3.66088076753568
Q,WS,Samoa,2020-Q2,2.94208502798583
Q,WS,Samoa,2020-Q3,2.90484621580116
Q,WS,Samoa,2020-Q4,3.84423551921777
Q,WS,Samoa,2021-Q1,3.67922412007436
Q,WS,Samoa,2021-Q2,3.68795572798871
Q,WS,Samoa,2021-Q3,3.52677687879654
Q,WS,Samoa,2021-Q4,3.55056387502311
Q,WS,Samoa,2022-Q1,4.42464454655061
Q,WS,Samoa,2022-Q2,4.58170591553118
Q,WS,Samoa,2022-Q3,4.29609152383788
Q,WS,Samoa,2022-Q4,4.98291772854718
Q,WS,Samoa,2023-Q1,4.45562771123677
Q,WS,Samoa,2023-Q2,4.73980021790564
Q,WS,Samoa,2023-Q3,4.80455382648896
Q,WS,Samoa,2023-Q4,5.37135173195123
Q,WS,Samoa,2024-Q1,5.03040774741088
Q,WS,Samoa,2024-Q2,4.5771730067364
Q,WS,Samoa,2024-Q3,4.49262850868738
Q,WS,Samoa,2024-Q4,4.20226648010876
Q,WS,Samoa,2025-Q1,3.93675964289012
Q,WS,Samoa,2025-Q2,4.64386663801511
A,XK,"Kosovo, Republic of",2010,5.69841005452576
A,XK,"Kosovo, Republic of",2011,5.60078770656019
A,XK,"Kosovo, Republic of",2012,7.16122893927306
A,XK,"Kosovo, Republic of",2013,8.13319885151951
A,XK,"Kosovo, Republic of",2014,7.9569987721034
A,XK,"Kosovo, Republic of",2015,5.83242585494619
A,XK,"Kosovo, Republic of",2016,4.66137799499364
A,XK,"Kosovo, Republic of",2017,2.93417258582566
A,XK,"Kosovo, Republic of",2018,2.56894447422836
A,XK,"Kosovo, Republic of",2019,1.93256959783446
A,XK,"Kosovo, Republic of",2020,2.47418317289528
A,XK,"Kosovo, Republic of",2021,2.13270464070687
A,XK,"Kosovo, Republic of",2022,1.93605113644216
A,XK,"Kosovo, Republic of",2023,1.93387207399385
A,XK,"Kosovo, Republic of",2024,1.86408526407202
Q,XK,"Kosovo, Republic of",2010-Q3,4.44234132942998
Q,XK,"Kosovo, Republic of",2010-Q4,5.69841005452576
Q,XK,"Kosovo, Republic of",2011-Q1,5.95855967333295
Q,XK,"Kosovo, Republic of",2011-Q2,5.68151947523463
Q,XK,"Kosovo, Republic of",2011-Q3,5.75395485501118
Q,XK,"Kosovo, Republic of",2011-Q4,5.60078770656019
Q,XK,"Kosovo, Republic of",2012-Q1,5.78579149425806
Q,XK,"Kosovo, Republic of",2012-Q2,6.30307215974817
Q,XK,"Kosovo, Republic of",2012-Q3,6.6944194441227
Q,XK,"Kosovo, Republic of",2012-Q4,7.16122893927306
Q,XK,"Kosovo, Republic of",2013-Q1,7.22543091792577
Q,XK,"Kosovo, Republic of",2013-Q2,7.29491370498228
Q,XK,"Kosovo, Republic of",2013-Q3,8.05270218233522
Q,XK,"Kosovo, Republic of",2013-Q4,8.13319885151951
Q,XK,"Kosovo, Republic of",2014-Q1,8.02476507460168
Q,XK,"Kosovo, Republic of",2014-Q2,7.68738451188139
Q,XK,"Kosovo, Republic of",2014-Q3,8.09606563602558
Q,XK,"Kosovo, Republic of",2014-Q4,7.9569987721034
Q,XK,"Kosovo, Republic of",2015-Q1,7.7163939690195
Q,XK,"Kosovo, Republic of",2015-Q2,6.87657368095139
Q,XK,"Kosovo, Republic of",2015-Q3,6.47297475971611
Q,XK,"Kosovo, Republic of",2015-Q4,5.83242585494619
Q,XK,"Kosovo, Republic of",2016-Q1,5.63548455123189
Q,XK,"Kosovo, Republic of",2016-Q2,5.0396653834533
Q,XK,"Kosovo, Republic of",2016-Q3,4.81428931555816
Q,XK,"Kosovo, Republic of",2016-Q4,4.66137799499364
Q,XK,"Kosovo, Republic of",2017-Q1,4.25981341330118
Q,XK,"Kosovo, Republic of",2017-Q2,3.70050688662483
Q,XK,"Kosovo, Republic of",2017-Q3,3.13323684311239
Q,XK,"Kosovo, Republic of",2017-Q4,2.93417258582566
Q,XK,"Kosovo, Republic of",2018-Q1,2.79342403270948
Q,XK,"Kosovo, Republic of",2018-Q2,2.93332055237192
Q,XK,"Kosovo, Republic of",2018-Q3,2.68953747542393
Q,XK,"Kosovo, Republic of",2018-Q4,2.56894447422836
Q,XK,"Kosovo, Republic of",2019-Q1,2.46469897168266
Q,XK,"Kosovo, Republic of",2019-Q2,2.40657535617468
Q,XK,"Kosovo, Republic of",2019-Q3,2.17316910940333
Q,XK,"Kosovo, Republic of",2019-Q4,1.93256959783446
Q,XK,"Kosovo, Republic of",2020-Q1,2.33073872520669
Q,XK,"Kosovo, Republic of",2020-Q2,2.38898007865064
Q,XK,"Kosovo, Republic of",2020-Q3,2.51251408944464
Q,XK,"Kosovo, Republic of",2020-Q4,2.47418317289528
Q,XK,"Kosovo, Republic of",2021-Q1,2.46033046055119
Q,XK,"Kosovo, Republic of",2021-Q2,2.34668150491878
Q,XK,"Kosovo, Republic of",2021-Q3,2.24221853528708
Q,XK,"Kosovo, Republic of",2021-Q4,2.13270464070687
Q,XK,"Kosovo, Republic of",2022-Q1,2.02874082911049
Q,XK,"Kosovo, Republic of",2022-Q2,2.04194401871111
Q,XK,"Kosovo, Republic of",2022-Q3,1.95170610257694
Q,XK,"Kosovo, Republic of",2022-Q4,1.93605113644216
Q,XK,"Kosovo, Republic of",2023-Q1,1.87433606825828
Q,XK,"Kosovo, Republic of",2023-Q2,1.9308375574856
Q,XK,"Kosovo, Republic of",2023-Q3,1.89357382060365
Q,XK,"Kosovo, Republic of",2023-Q4,1.93387207399385
Q,XK,"Kosovo, Republic of",2024-Q1,1.96402903153038
Q,XK,"Kosovo, Republic of",2024-Q2,2.1064023123693
Q,XK,"Kosovo, Republic of",2024-Q3,2.03846194777327
Q,XK,"Kosovo, Republic of",2024-Q4,1.86408526407202
Q,XK,"Kosovo, Republic of",2025-Q1,1.78467598547854
A,ZA,South Africa,2008,3.92151508288564
A,ZA,South Africa,2009,5.93611112398252
A,ZA,South Africa,2010,5.79213600421705
A,ZA,South Africa,2011,4.68085453063316
A,ZA,South Africa,2012,4.04289177410579
A,ZA,South Africa,2013,3.64128702921644
A,ZA,South Africa,2014,3.24484679094119
A,ZA,South Africa,2015,3.12168564309893
A,ZA,South Africa,2016,2.85780789685004
A,ZA,South Africa,2017,2.84200004498428
A,ZA,South Africa,2018,3.72802083553832
A,ZA,South Africa,2019,3.89239038176021
A,ZA,South Africa,2020,5.18028329482246
A,ZA,South Africa,2021,4.45425562129511
A,ZA,South Africa,2022,4.14167269623936
A,ZA,South Africa,2023,4.72216238902934
A,ZA,South Africa,2024,4.53555112448807
Q,ZA,South Africa,2008-Q1,2.26459341258789
Q,ZA,South Africa,2008-Q2,2.71701375241204
Q,ZA,South Africa,2008-Q3,3.10273215668704
Q,ZA,South Africa,2008-Q4,3.92151508288564
Q,ZA,South Africa,2009-Q1,4.74851957944882
Q,ZA,South Africa,2009-Q2,5.48251186806591
Q,ZA,South Africa,2009-Q3,5.84697397884335
Q,ZA,South Africa,2009-Q4,5.93611112398252
Q,ZA,South Africa,2010-Q1,5.88079920261292
Q,ZA,South Africa,2010-Q2,5.9077200471472
Q,ZA,South Africa,2010-Q3,5.87753028989602
Q,ZA,South Africa,2010-Q4,5.79213600421705
Q,ZA,South Africa,2011-Q1,5.77942041990902
Q,ZA,South Africa,2011-Q2,5.54976363302067
Q,ZA,South Africa,2011-Q3,5.05048550435074
Q,ZA,South Africa,2011-Q4,4.68085453063316
Q,ZA,South Africa,2012-Q1,4.5816139955043
Q,ZA,South Africa,2012-Q2,4.46579974864353
Q,ZA,South Africa,2012-Q3,4.28934669469962
Q,ZA,South Africa,2012-Q4,4.04289177410579
Q,ZA,South Africa,2013-Q1,4.00692950311465
Q,ZA,South Africa,2013-Q2,3.94100268776696
Q,ZA,South Africa,2013-Q3,3.70933640162733
Q,ZA,South Africa,2013-Q4,3.64128702921644
Q,ZA,South Africa,2014-Q1,3.51433786275716
Q,ZA,South Africa,2014-Q2,3.43815101261977
Q,ZA,South Africa,2014-Q3,3.39468422190066
Q,ZA,South Africa,2014-Q4,3.24484679094119
Q,ZA,South Africa,2015-Q1,3.20750691845399
Q,ZA,South Africa,2015-Q2,3.31426784498001
Q,ZA,South Africa,2015-Q3,3.19741709725632
Q,ZA,South Africa,2015-Q4,3.12168564309893
Q,ZA,South Africa,2016-Q1,3.07852532607568
Q,ZA,South Africa,2016-Q2,2.89196278988637
Q,ZA,South Africa,2016-Q3,2.94214002553103
Q,ZA,South Africa,2016-Q4,2.85780789685004
Q,ZA,South Africa,2017-Q1,2.84469077120301
Q,ZA,South Africa,2017-Q2,2.89743944601108
Q,ZA,South Africa,2017-Q3,2.76619227118028
Q,ZA,South Africa,2017-Q4,2.84200004498428
Q,ZA,South Africa,2018-Q1,3.29977555494365
Q,ZA,South Africa,2018-Q2,3.50204917466873
Q,ZA,South Africa,2018-Q3,3.65713144930253
Q,ZA,South Africa,2018-Q4,3.72802083553832
Q,ZA,South Africa,2019-Q1,3.77042213896154
Q,ZA,South Africa,2019-Q2,3.72775987049173
Q,ZA,South Africa,2019-Q3,3.82877103831885
Q,ZA,South Africa,2019-Q4,3.89239038176021
Q,ZA,South Africa,2020-Q1,4.03820028044132
Q,ZA,South Africa,2020-Q2,4.81499468845333
Q,ZA,South Africa,2020-Q3,5.04832833648157
Q,ZA,South Africa,2020-Q4,5.18028329482246
Q,ZA,South Africa,2021-Q1,5.12614596155623
Q,ZA,South Africa,2021-Q2,5.10183834675732
Q,ZA,South Africa,2021-Q3,4.73934801359335
Q,ZA,South Africa,2021-Q4,4.45425562129511
Q,ZA,South Africa,2022-Q1,4.43461003165401
Q,ZA,South Africa,2022-Q2,4.45838063852807
Q,ZA,South Africa,2022-Q3,4.15002033538119
Q,ZA,South Africa,2022-Q4,4.14167269623936
Q,ZA,South Africa,2023-Q1,4.31787344864759
Q,ZA,South Africa,2023-Q2,4.52941117622931
Q,ZA,South Africa,2023-Q3,4.68044149020109
Q,ZA,South Africa,2023-Q4,4.72216238902934
Q,ZA,South Africa,2024-Q1,4.64965925530601
Q,ZA,South Africa,2024-Q2,4.71998311489348
Q,ZA,South Africa,2024-Q3,4.61685399163622
Q,ZA,South Africa,2024-Q4,4.53555112448807
A,ZM,Zambia,2007,8.29268685998542
A,ZM,Zambia,2008,6.16079889871223
A,ZM,Zambia,2009,27.1980586657819
A,ZM,Zambia,2010,14.8235944117762
A,ZM,Zambia,2011,10.3765643433033
A,ZM,Zambia,2012,8.10539058575298
A,ZM,Zambia,2013,6.95836224281356
A,ZM,Zambia,2014,6.10431821561778
A,ZM,Zambia,2015,7.27920989434564
A,ZM,Zambia,2016,9.66494478806436
A,ZM,Zambia,2017,11.9837030549506
A,ZM,Zambia,2018,10.9511985266963
A,ZM,Zambia,2019,8.90727795611646
A,ZM,Zambia,2020,11.6305661246947
A,ZM,Zambia,2021,5.82203274352002
A,ZM,Zambia,2022,4.98070477108037
A,ZM,Zambia,2023,4.21601675932857
A,ZM,Zambia,2024,4.06472934916429
Q,ZM,Zambia,2007-Q1,8.92219761173096
Q,ZM,Zambia,2007-Q2,7.60935783351736
Q,ZM,Zambia,2007-Q3,7.47034615517997
Q,ZM,Zambia,2007-Q4,8.29268685998542
Q,ZM,Zambia,2008-Q1,6.98896656838406
Q,ZM,Zambia,2008-Q2,3.90781668333959
Q,ZM,Zambia,2008-Q3,4.54193272408789
Q,ZM,Zambia,2008-Q4,6.16079889871223
Q,ZM,Zambia,2009-Q1,6.37937150628312
Q,ZM,Zambia,2009-Q2,8.30521320850139
Q,ZM,Zambia,2009-Q3,20.4335759107658
Q,ZM,Zambia,2009-Q4,27.1980586657819
Q,ZM,Zambia,2010-Q1,15.5075654612631
Q,ZM,Zambia,2010-Q2,15.1572978293427
Q,ZM,Zambia,2010-Q3,15.8162585393365
Q,ZM,Zambia,2010-Q4,14.8235944117762
Q,ZM,Zambia,2011-Q1,13.0972620282987
Q,ZM,Zambia,2011-Q2,11.7505722330694
Q,ZM,Zambia,2011-Q3,10.4140786071061
Q,ZM,Zambia,2011-Q4,10.3765643433033
Q,ZM,Zambia,2012-Q1,10.163570246379
Q,ZM,Zambia,2012-Q2,10.0100875892626
Q,ZM,Zambia,2012-Q3,9.6481115723179
Q,ZM,Zambia,2012-Q4,8.10539058575298
Q,ZM,Zambia,2013-Q1,8.73047897220998
Q,ZM,Zambia,2013-Q2,8.22835829605337
Q,ZM,Zambia,2013-Q3,8.35088350248547
Q,ZM,Zambia,2013-Q4,6.95836224281356
Q,ZM,Zambia,2014-Q1,7.9926528857209
Q,ZM,Zambia,2014-Q2,8.00489203188034
Q,ZM,Zambia,2014-Q3,6.44426159471636
Q,ZM,Zambia,2014-Q4,6.10431821561778
Q,ZM,Zambia,2015-Q1,6.20259015635051
Q,ZM,Zambia,2015-Q2,6.45853059672894
Q,ZM,Zambia,2015-Q3,6.69045018920059
Q,ZM,Zambia,2015-Q4,7.27920989434564
Q,ZM,Zambia,2016-Q1,8.20589560580044
Q,ZM,Zambia,2016-Q2,9.17815405541222
Q,ZM,Zambia,2016-Q3,9.2421641106915
Q,ZM,Zambia,2016-Q4,9.66494478806436
Q,ZM,Zambia,2017-Q1,10.0712199473538
Q,ZM,Zambia,2017-Q2,12.394579834746
Q,ZM,Zambia,2017-Q3,11.8059385381181
Q,ZM,Zambia,2017-Q4,11.9837030549506
Q,ZM,Zambia,2018-Q1,13.0024377134188
Q,ZM,Zambia,2018-Q2,12.4073016713842
Q,ZM,Zambia,2018-Q3,11.2821993935554
Q,ZM,Zambia,2018-Q4,10.9511985266963
Q,ZM,Zambia,2019-Q1,9.90554750076925
Q,ZM,Zambia,2019-Q2,9.80951587861754
Q,ZM,Zambia,2019-Q3,9.41253388265163
Q,ZM,Zambia,2019-Q4,8.90727795611646
Q,ZM,Zambia,2020-Q1,9.55785340629642
Q,ZM,Zambia,2020-Q2,12.4975329683418
Q,ZM,Zambia,2020-Q3,12.6066055378309
Q,ZM,Zambia,2020-Q4,11.6305661246947
Q,ZM,Zambia,2021-Q1,11.3579314766129
Q,ZM,Zambia,2021-Q2,9.07139336289673
Q,ZM,Zambia,2021-Q3,6.87232277000589
Q,ZM,Zambia,2021-Q4,5.82203274352002
Q,ZM,Zambia,2022-Q1,6.38749403350045
Q,ZM,Zambia,2022-Q2,6.21335180992284
Q,ZM,Zambia,2022-Q3,5.78007617755196
Q,ZM,Zambia,2022-Q4,4.98070477108037
Q,ZM,Zambia,2023-Q1,5.1517248769399
Q,ZM,Zambia,2023-Q2,4.51108144623838
Q,ZM,Zambia,2023-Q3,4.43631475662305
Q,ZM,Zambia,2023-Q4,4.21601675932857
Q,ZM,Zambia,2024-Q1,3.73317285435984
Q,ZM,Zambia,2024-Q2,4.35103969066455
Q,ZM,Zambia,2024-Q3,4.76866406560728
Q,ZM,Zambia,2024-Q4,4.06472934916429
